season,week,celebrity_name,wiki_title,wiki_edits_week,wiki_editors_week,wiki_bytes_net_week,window_start,window_end,status
1,1,Evander Holyfield,Evander Holyfield,0,0,0,2005-06-01,2005-06-07,OK
1,2,Evander Holyfield,Evander Holyfield,2,2,0,2005-06-08,2005-06-14,OK
1,3,Evander Holyfield,Evander Holyfield,1,1,0,2005-06-15,2005-06-21,OK
1,4,Evander Holyfield,Evander Holyfield,0,0,0,2005-06-22,2005-06-28,OK
1,5,Evander Holyfield,Evander Holyfield,1,1,0,2005-06-29,2005-07-05,OK
1,6,Evander Holyfield,Evander Holyfield,3,2,13,2005-07-06,2005-07-12,OK
1,1,Joey McIntyre,Joey McIntyre,0,0,0,2005-06-01,2005-06-07,OK
1,2,Joey McIntyre,Joey McIntyre,0,0,0,2005-06-08,2005-06-14,OK
1,3,Joey McIntyre,Joey McIntyre,9,2,37,2005-06-15,2005-06-21,OK
1,4,Joey McIntyre,Joey McIntyre,3,2,-26,2005-06-22,2005-06-28,OK
1,5,Joey McIntyre,Joey McIntyre,7,5,18,2005-06-29,2005-07-05,OK
1,6,Joey McIntyre,Joey McIntyre,4,1,-1,2005-07-06,2005-07-12,OK
1,1,John O'Hurley,John O'Hurley,0,0,0,2005-06-01,2005-06-07,OK
1,2,John O'Hurley,John O'Hurley,0,0,0,2005-06-08,2005-06-14,OK
1,3,John O'Hurley,John O'Hurley,2,2,0,2005-06-15,2005-06-21,OK
1,4,John O'Hurley,John O'Hurley,0,0,0,2005-06-22,2005-06-28,OK
1,5,John O'Hurley,John O'Hurley,0,0,0,2005-06-29,2005-07-05,OK
1,6,John O'Hurley,John O'Hurley,6,3,73,2005-07-06,2005-07-12,OK
1,1,Kelly Monaco,Kelly Monaco,0,0,0,2005-06-01,2005-06-07,OK
1,2,Kelly Monaco,Kelly Monaco,9,2,95,2005-06-08,2005-06-14,OK
1,3,Kelly Monaco,Kelly Monaco,1,1,0,2005-06-15,2005-06-21,OK
1,4,Kelly Monaco,Kelly Monaco,0,0,0,2005-06-22,2005-06-28,OK
1,5,Kelly Monaco,Kelly Monaco,11,5,-278,2005-06-29,2005-07-05,OK
1,6,Kelly Monaco,Kelly Monaco,10,7,260,2005-07-06,2005-07-12,OK
1,1,Rachel Hunter,Rachel Hunter,3,2,0,2005-06-01,2005-06-07,OK
1,2,Rachel Hunter,Rachel Hunter,0,0,0,2005-06-08,2005-06-14,OK
1,3,Rachel Hunter,Rachel Hunter,3,2,-6,2005-06-15,2005-06-21,OK
1,4,Rachel Hunter,Rachel Hunter,0,0,0,2005-06-22,2005-06-28,OK
1,5,Rachel Hunter,Rachel Hunter,5,3,-6,2005-06-29,2005-07-05,OK
1,6,Rachel Hunter,Rachel Hunter,0,0,0,2005-07-06,2005-07-12,OK
1,1,Trista Sutter,Trista Sutter,1,1,0,2005-06-01,2005-06-07,OK
1,2,Trista Sutter,Trista Sutter,0,0,0,2005-06-08,2005-06-14,OK
1,3,Trista Sutter,Trista Sutter,0,0,0,2005-06-15,2005-06-21,OK
1,4,Trista Sutter,Trista Sutter,1,1,0,2005-06-22,2005-06-28,OK
1,5,Trista Sutter,Trista Sutter,0,0,0,2005-06-29,2005-07-05,OK
1,6,Trista Sutter,Trista Sutter,2,2,0,2005-07-06,2005-07-12,OK
2,1,Drew Lachey,Drew Lachey,2,2,0,2006-01-05,2006-01-11,OK
2,2,Drew Lachey,Drew Lachey,7,3,219,2006-01-12,2006-01-18,OK
2,3,Drew Lachey,Drew Lachey,2,1,0,2006-01-19,2006-01-25,OK
2,4,Drew Lachey,Drew Lachey,0,0,0,2006-01-26,2006-02-01,OK
2,5,Drew Lachey,Drew Lachey,2,2,0,2006-02-02,2006-02-08,OK
2,6,Drew Lachey,Drew Lachey,12,4,74,2006-02-09,2006-02-15,OK
2,7,Drew Lachey,Drew Lachey,7,4,175,2006-02-16,2006-02-22,OK
2,8,Drew Lachey,Drew Lachey,15,13,-88,2006-02-23,2006-03-01,OK
2,1,George Hamilton,George Hamilton (actor),3,2,37,2006-01-05,2006-01-11,OK
2,2,George Hamilton,George Hamilton (actor),2,2,0,2006-01-12,2006-01-18,OK
2,3,George Hamilton,George Hamilton (actor),5,5,52,2006-01-19,2006-01-25,OK
2,4,George Hamilton,George Hamilton (actor),3,3,0,2006-01-26,2006-02-01,OK
2,5,George Hamilton,George Hamilton (actor),3,3,0,2006-02-02,2006-02-08,OK
2,6,George Hamilton,George Hamilton (actor),6,3,19,2006-02-09,2006-02-15,OK
2,7,George Hamilton,George Hamilton (actor),2,2,0,2006-02-16,2006-02-22,OK
2,8,George Hamilton,George Hamilton (actor),10,7,319,2006-02-23,2006-03-01,OK
2,1,Giselle Fernandez,Giselle Fernández,1,1,0,2006-01-05,2006-01-11,OK
2,2,Giselle Fernandez,Giselle Fernández,0,0,0,2006-01-12,2006-01-18,OK
2,3,Giselle Fernandez,Giselle Fernández,3,3,0,2006-01-19,2006-01-25,OK
2,4,Giselle Fernandez,Giselle Fernández,1,1,0,2006-01-26,2006-02-01,OK
2,5,Giselle Fernandez,Giselle Fernández,1,1,0,2006-02-02,2006-02-08,OK
2,6,Giselle Fernandez,Giselle Fernández,0,0,0,2006-02-09,2006-02-15,OK
2,7,Giselle Fernandez,Giselle Fernández,0,0,0,2006-02-16,2006-02-22,OK
2,8,Giselle Fernandez,Giselle Fernández,2,2,0,2006-02-23,2006-03-01,OK
2,1,Jerry Rice,Jerry Rice,7,5,1106,2006-01-05,2006-01-11,OK
2,2,Jerry Rice,Jerry Rice,7,6,18,2006-01-12,2006-01-18,OK
2,3,Jerry Rice,Jerry Rice,6,6,37,2006-01-19,2006-01-25,OK
2,4,Jerry Rice,Jerry Rice,9,8,55,2006-01-26,2006-02-01,OK
2,5,Jerry Rice,Jerry Rice,7,5,-4,2006-02-02,2006-02-08,OK
2,6,Jerry Rice,Jerry Rice,20,11,773,2006-02-09,2006-02-15,OK
2,7,Jerry Rice,Jerry Rice,6,4,-3983,2006-02-16,2006-02-22,OK
2,8,Jerry Rice,Jerry Rice,17,14,-29,2006-02-23,2006-03-01,OK
2,1,Kenny Mayne,Kenny Mayne,7,7,67,2006-01-05,2006-01-11,OK
2,2,Kenny Mayne,Kenny Mayne,1,1,0,2006-01-12,2006-01-18,OK
2,3,Kenny Mayne,Kenny Mayne,2,2,0,2006-01-19,2006-01-25,OK
2,4,Kenny Mayne,Kenny Mayne,1,1,0,2006-01-26,2006-02-01,OK
2,5,Kenny Mayne,Kenny Mayne,1,1,0,2006-02-02,2006-02-08,OK
2,6,Kenny Mayne,Kenny Mayne,0,0,0,2006-02-09,2006-02-15,OK
2,7,Kenny Mayne,Kenny Mayne,0,0,0,2006-02-16,2006-02-22,OK
2,8,Kenny Mayne,Kenny Mayne,1,1,0,2006-02-23,2006-03-01,OK
2,1,Lisa Rinna,Lisa Rinna,1,1,0,2006-01-05,2006-01-11,OK
2,2,Lisa Rinna,Lisa Rinna,0,0,0,2006-01-12,2006-01-18,OK
2,3,Lisa Rinna,Lisa Rinna,12,6,-78,2006-01-19,2006-01-25,OK
2,4,Lisa Rinna,Lisa Rinna,5,4,-220,2006-01-26,2006-02-01,OK
2,5,Lisa Rinna,Lisa Rinna,4,4,-33,2006-02-02,2006-02-08,OK
2,6,Lisa Rinna,Lisa Rinna,4,3,-322,2006-02-09,2006-02-15,OK
2,7,Lisa Rinna,Lisa Rinna,10,8,88,2006-02-16,2006-02-22,OK
2,8,Lisa Rinna,Lisa Rinna,1,1,0,2006-02-23,2006-03-01,OK
2,1,Master P,Master P,14,8,4376,2006-01-05,2006-01-11,OK
2,2,Master P,Master P,22,14,701,2006-01-12,2006-01-18,OK
2,3,Master P,Master P,18,15,218,2006-01-19,2006-01-25,OK
2,4,Master P,Master P,14,8,182,2006-01-26,2006-02-01,OK
2,5,Master P,Master P,5,4,-1382,2006-02-02,2006-02-08,OK
2,6,Master P,Master P,15,10,-53,2006-02-09,2006-02-15,OK
2,7,Master P,Master P,9,7,-766,2006-02-16,2006-02-22,OK
2,8,Master P,Master P,18,13,106,2006-02-23,2006-03-01,OK
2,1,Stacy Keibler,Stacy Keibler,9,7,-235,2006-01-05,2006-01-11,OK
2,2,Stacy Keibler,Stacy Keibler,13,9,-5,2006-01-12,2006-01-18,OK
2,3,Stacy Keibler,Stacy Keibler,23,15,208,2006-01-19,2006-01-25,OK
2,4,Stacy Keibler,Stacy Keibler,31,10,100,2006-01-26,2006-02-01,OK
2,5,Stacy Keibler,Stacy Keibler,40,20,-162,2006-02-02,2006-02-08,OK
2,6,Stacy Keibler,Stacy Keibler,16,11,-142,2006-02-09,2006-02-15,OK
2,7,Stacy Keibler,Stacy Keibler,32,23,-216,2006-02-16,2006-02-22,OK
2,8,Stacy Keibler,Stacy Keibler,57,31,-242,2006-02-23,2006-03-01,OK
2,1,Tatum O'Neal,Tatum O'Neal,1,1,0,2006-01-05,2006-01-11,OK
2,2,Tatum O'Neal,Tatum O'Neal,1,1,0,2006-01-12,2006-01-18,OK
2,3,Tatum O'Neal,Tatum O'Neal,1,1,0,2006-01-19,2006-01-25,OK
2,4,Tatum O'Neal,Tatum O'Neal,3,2,-69,2006-01-26,2006-02-01,OK
2,5,Tatum O'Neal,Tatum O'Neal,5,3,-8,2006-02-02,2006-02-08,OK
2,6,Tatum O'Neal,Tatum O'Neal,1,1,0,2006-02-09,2006-02-15,OK
2,7,Tatum O'Neal,Tatum O'Neal,1,1,0,2006-02-16,2006-02-22,OK
2,8,Tatum O'Neal,Tatum O'Neal,4,4,0,2006-02-23,2006-03-01,OK
2,1,Tia Carrere,Tia Carrere,5,5,128,2006-01-05,2006-01-11,OK
2,2,Tia Carrere,Tia Carrere,1,1,0,2006-01-12,2006-01-18,OK
2,3,Tia Carrere,Tia Carrere,3,3,0,2006-01-19,2006-01-25,OK
2,4,Tia Carrere,Tia Carrere,0,0,0,2006-01-26,2006-02-01,OK
2,5,Tia Carrere,Tia Carrere,3,3,0,2006-02-02,2006-02-08,OK
2,6,Tia Carrere,Tia Carrere,1,1,0,2006-02-09,2006-02-15,OK
2,7,Tia Carrere,Tia Carrere,1,1,0,2006-02-16,2006-02-22,OK
2,8,Tia Carrere,Tia Carrere,6,6,48,2006-02-23,2006-03-01,OK
3,1,Emmitt Smith,Emmitt Smith,8,4,-93,2006-09-12,2006-09-18,OK
3,2,Emmitt Smith,Emmitt Smith,7,7,1,2006-09-19,2006-09-25,OK
3,3,Emmitt Smith,Emmitt Smith,5,5,222,2006-09-26,2006-10-02,OK
3,4,Emmitt Smith,Emmitt Smith,9,7,21,2006-10-03,2006-10-09,OK
3,5,Emmitt Smith,Emmitt Smith,7,4,-273,2006-10-10,2006-10-16,OK
3,6,Emmitt Smith,Emmitt Smith,7,6,107,2006-10-17,2006-10-23,OK
3,7,Emmitt Smith,Emmitt Smith,15,13,-210,2006-10-24,2006-10-30,OK
3,8,Emmitt Smith,Emmitt Smith,4,3,13,2006-10-31,2006-11-06,OK
3,9,Emmitt Smith,Emmitt Smith,9,6,109,2006-11-07,2006-11-13,OK
3,10,Emmitt Smith,Emmitt Smith,53,41,-127,2006-11-14,2006-11-20,OK
3,1,Harry Hamlin,Harry Hamlin,5,4,0,2006-09-12,2006-09-18,OK
3,2,Harry Hamlin,Harry Hamlin,4,3,26,2006-09-19,2006-09-25,OK
3,3,Harry Hamlin,Harry Hamlin,9,5,119,2006-09-26,2006-10-02,OK
3,4,Harry Hamlin,Harry Hamlin,1,1,0,2006-10-03,2006-10-09,OK
3,5,Harry Hamlin,Harry Hamlin,0,0,0,2006-10-10,2006-10-16,OK
3,6,Harry Hamlin,Harry Hamlin,0,0,0,2006-10-17,2006-10-23,OK
3,7,Harry Hamlin,Harry Hamlin,1,1,0,2006-10-24,2006-10-30,OK
3,8,Harry Hamlin,Harry Hamlin,2,2,0,2006-10-31,2006-11-06,OK
3,9,Harry Hamlin,Harry Hamlin,0,0,0,2006-11-07,2006-11-13,OK
3,10,Harry Hamlin,Harry Hamlin,1,1,0,2006-11-14,2006-11-20,OK
3,1,Jerry Springer,Jerry Springer,6,5,74,2006-09-12,2006-09-18,OK
3,2,Jerry Springer,Jerry Springer,9,8,13492,2006-09-19,2006-09-25,OK
3,3,Jerry Springer,Jerry Springer,12,8,594,2006-09-26,2006-10-02,OK
3,4,Jerry Springer,Jerry Springer,12,8,-334,2006-10-03,2006-10-09,OK
3,5,Jerry Springer,Jerry Springer,4,4,0,2006-10-10,2006-10-16,OK
3,6,Jerry Springer,Jerry Springer,2,2,0,2006-10-17,2006-10-23,OK
3,7,Jerry Springer,Jerry Springer,8,8,-137,2006-10-24,2006-10-30,OK
3,8,Jerry Springer,Jerry Springer,8,7,95,2006-10-31,2006-11-06,OK
3,9,Jerry Springer,Jerry Springer,7,6,38,2006-11-07,2006-11-13,OK
3,10,Jerry Springer,Jerry Springer,4,4,-228,2006-11-14,2006-11-20,OK
3,1,Joey Lawrence,Joey Lawrence,7,6,289,2006-09-12,2006-09-18,OK
3,2,Joey Lawrence,Joey Lawrence,6,6,-16,2006-09-19,2006-09-25,OK
3,3,Joey Lawrence,Joey Lawrence,2,2,26,2006-09-26,2006-10-02,OK
3,4,Joey Lawrence,Joey Lawrence,4,4,-15,2006-10-03,2006-10-09,OK
3,5,Joey Lawrence,Joey Lawrence,4,4,0,2006-10-10,2006-10-16,OK
3,6,Joey Lawrence,Joey Lawrence,5,5,55,2006-10-17,2006-10-23,OK
3,7,Joey Lawrence,Joey Lawrence,5,5,-189,2006-10-24,2006-10-30,OK
3,8,Joey Lawrence,Joey Lawrence,5,3,37,2006-10-31,2006-11-06,OK
3,9,Joey Lawrence,Joey Lawrence,13,9,-173,2006-11-07,2006-11-13,OK
3,10,Joey Lawrence,Joey Lawrence,10,7,-187,2006-11-14,2006-11-20,OK
3,1,Mario Lopez,Mario Lopez,13,10,-289,2006-09-12,2006-09-18,OK
3,2,Mario Lopez,Mario Lopez,15,11,-44,2006-09-19,2006-09-25,OK
3,3,Mario Lopez,Mario Lopez,13,7,5489,2006-09-26,2006-10-02,OK
3,4,Mario Lopez,Mario Lopez,11,8,-324,2006-10-03,2006-10-09,OK
3,5,Mario Lopez,Mario Lopez,6,6,-28,2006-10-10,2006-10-16,OK
3,6,Mario Lopez,Mario Lopez,12,10,-205,2006-10-17,2006-10-23,OK
3,7,Mario Lopez,Mario Lopez,2,1,4,2006-10-24,2006-10-30,OK
3,8,Mario Lopez,Mario Lopez,18,11,-1319,2006-10-31,2006-11-06,OK
3,9,Mario Lopez,Mario Lopez,20,16,-429,2006-11-07,2006-11-13,OK
3,10,Mario Lopez,Mario Lopez,94,65,234,2006-11-14,2006-11-20,OK
3,1,Monique Coleman,Monique Coleman,21,13,643,2006-09-12,2006-09-18,OK
3,2,Monique Coleman,Monique Coleman,7,5,257,2006-09-19,2006-09-25,OK
3,3,Monique Coleman,Monique Coleman,11,8,24,2006-09-26,2006-10-02,OK
3,4,Monique Coleman,Monique Coleman,1,1,0,2006-10-03,2006-10-09,OK
3,5,Monique Coleman,Monique Coleman,5,4,114,2006-10-10,2006-10-16,OK
3,6,Monique Coleman,Monique Coleman,15,3,2213,2006-10-17,2006-10-23,OK
3,7,Monique Coleman,Monique Coleman,13,9,-111,2006-10-24,2006-10-30,OK
3,8,Monique Coleman,Monique Coleman,134,15,-4340,2006-10-31,2006-11-06,OK
3,9,Monique Coleman,Monique Coleman,19,10,-756,2006-11-07,2006-11-13,OK
3,10,Monique Coleman,Monique Coleman,8,5,-7,2006-11-14,2006-11-20,OK
3,1,Sara Evans,Sara Evans,9,6,33,2006-09-12,2006-09-18,OK
3,2,Sara Evans,Sara Evans,16,6,-115,2006-09-19,2006-09-25,OK
3,3,Sara Evans,Sara Evans,6,5,-51,2006-09-26,2006-10-02,OK
3,4,Sara Evans,Sara Evans,13,5,1,2006-10-03,2006-10-09,OK
3,5,Sara Evans,Sara Evans,37,18,-358,2006-10-10,2006-10-16,OK
3,6,Sara Evans,Sara Evans,60,32,951,2006-10-17,2006-10-23,OK
3,7,Sara Evans,Sara Evans,19,8,-92,2006-10-24,2006-10-30,OK
3,8,Sara Evans,Sara Evans,0,0,0,2006-10-31,2006-11-06,OK
3,9,Sara Evans,Sara Evans,7,5,-32,2006-11-07,2006-11-13,OK
3,10,Sara Evans,Sara Evans,6,5,76,2006-11-14,2006-11-20,OK
3,1,Shanna Moakler,Shanna Moakler,5,4,-66,2006-09-12,2006-09-18,OK
3,2,Shanna Moakler,Shanna Moakler,5,4,-1,2006-09-19,2006-09-25,OK
3,3,Shanna Moakler,Shanna Moakler,0,0,0,2006-09-26,2006-10-02,OK
3,4,Shanna Moakler,Shanna Moakler,15,11,379,2006-10-03,2006-10-09,OK
3,5,Shanna Moakler,Shanna Moakler,6,5,2,2006-10-10,2006-10-16,OK
3,6,Shanna Moakler,Shanna Moakler,0,0,0,2006-10-17,2006-10-23,OK
3,7,Shanna Moakler,Shanna Moakler,1,1,0,2006-10-24,2006-10-30,OK
3,8,Shanna Moakler,Shanna Moakler,6,5,2,2006-10-31,2006-11-06,OK
3,9,Shanna Moakler,Shanna Moakler,9,8,-664,2006-11-07,2006-11-13,OK
3,10,Shanna Moakler,Shanna Moakler,3,3,45,2006-11-14,2006-11-20,OK
3,1,Tucker Carlson,Tucker Carlson,48,20,-548,2006-09-12,2006-09-18,OK
3,2,Tucker Carlson,Tucker Carlson,15,9,271,2006-09-19,2006-09-25,OK
3,3,Tucker Carlson,Tucker Carlson,14,10,309,2006-09-26,2006-10-02,OK
3,4,Tucker Carlson,Tucker Carlson,18,6,199,2006-10-03,2006-10-09,OK
3,5,Tucker Carlson,Tucker Carlson,13,7,295,2006-10-10,2006-10-16,OK
3,6,Tucker Carlson,Tucker Carlson,5,4,37,2006-10-17,2006-10-23,OK
3,7,Tucker Carlson,Tucker Carlson,7,4,-725,2006-10-24,2006-10-30,OK
3,8,Tucker Carlson,Tucker Carlson,4,4,0,2006-10-31,2006-11-06,OK
3,9,Tucker Carlson,Tucker Carlson,10,6,-333,2006-11-07,2006-11-13,OK
3,10,Tucker Carlson,Tucker Carlson,15,10,338,2006-11-14,2006-11-20,OK
3,1,Vivica A. Fox,Vivica A. Fox,7,4,110,2006-09-12,2006-09-18,OK
3,2,Vivica A. Fox,Vivica A. Fox,2,2,0,2006-09-19,2006-09-25,OK
3,3,Vivica A. Fox,Vivica A. Fox,4,3,-39,2006-09-26,2006-10-02,OK
3,4,Vivica A. Fox,Vivica A. Fox,1,1,0,2006-10-03,2006-10-09,OK
3,5,Vivica A. Fox,Vivica A. Fox,4,1,0,2006-10-10,2006-10-16,OK
3,6,Vivica A. Fox,Vivica A. Fox,0,0,0,2006-10-17,2006-10-23,OK
3,7,Vivica A. Fox,Vivica A. Fox,1,1,0,2006-10-24,2006-10-30,OK
3,8,Vivica A. Fox,Vivica A. Fox,0,0,0,2006-10-31,2006-11-06,OK
3,9,Vivica A. Fox,Vivica A. Fox,1,1,0,2006-11-07,2006-11-13,OK
3,10,Vivica A. Fox,Vivica A. Fox,2,2,0,2006-11-14,2006-11-20,OK
3,1,Willa Ford,Willa Ford,26,12,-417,2006-09-12,2006-09-18,OK
3,2,Willa Ford,Willa Ford,10,8,-115,2006-09-19,2006-09-25,OK
3,3,Willa Ford,Willa Ford,10,8,1,2006-09-26,2006-10-02,OK
3,4,Willa Ford,Willa Ford,16,4,-138,2006-10-03,2006-10-09,OK
3,5,Willa Ford,Willa Ford,34,17,869,2006-10-10,2006-10-16,OK
3,6,Willa Ford,Willa Ford,5,5,40,2006-10-17,2006-10-23,OK
3,7,Willa Ford,Willa Ford,0,0,0,2006-10-24,2006-10-30,OK
3,8,Willa Ford,Willa Ford,6,4,514,2006-10-31,2006-11-06,OK
3,9,Willa Ford,Willa Ford,10,3,-183,2006-11-07,2006-11-13,OK
3,10,Willa Ford,Willa Ford,100,39,594,2006-11-14,2006-11-20,OK
4,1,Apolo Anton Ohno,Apolo Ohno,30,13,16521,2007-03-19,2007-03-25,OK
4,2,Apolo Anton Ohno,Apolo Ohno,14,8,21,2007-03-26,2007-04-01,OK
4,3,Apolo Anton Ohno,Apolo Ohno,4,2,-23,2007-04-02,2007-04-08,OK
4,4,Apolo Anton Ohno,Apolo Ohno,5,5,-61,2007-04-09,2007-04-15,OK
4,5,Apolo Anton Ohno,Apolo Ohno,13,12,-230,2007-04-16,2007-04-22,OK
4,6,Apolo Anton Ohno,Apolo Ohno,9,7,477,2007-04-23,2007-04-29,OK
4,7,Apolo Anton Ohno,Apolo Ohno,6,3,12,2007-04-30,2007-05-06,OK
4,8,Apolo Anton Ohno,Apolo Ohno,23,16,401,2007-05-07,2007-05-13,OK
4,9,Apolo Anton Ohno,Apolo Ohno,20,12,-19,2007-05-14,2007-05-20,OK
4,10,Apolo Anton Ohno,Apolo Ohno,103,61,-1878,2007-05-21,2007-05-27,OK
4,1,Billy Ray Cyrus,Billy Ray Cyrus,10,4,18,2007-03-19,2007-03-25,OK
4,2,Billy Ray Cyrus,Billy Ray Cyrus,5,4,229,2007-03-26,2007-04-01,OK
4,3,Billy Ray Cyrus,Billy Ray Cyrus,11,7,142,2007-04-02,2007-04-08,OK
4,4,Billy Ray Cyrus,Billy Ray Cyrus,9,6,-710,2007-04-09,2007-04-15,OK
4,5,Billy Ray Cyrus,Billy Ray Cyrus,12,10,345,2007-04-16,2007-04-22,OK
4,6,Billy Ray Cyrus,Billy Ray Cyrus,13,9,-5361,2007-04-23,2007-04-29,OK
4,7,Billy Ray Cyrus,Billy Ray Cyrus,21,18,44,2007-04-30,2007-05-06,OK
4,8,Billy Ray Cyrus,Billy Ray Cyrus,23,16,-92,2007-05-07,2007-05-13,OK
4,9,Billy Ray Cyrus,Billy Ray Cyrus,19,11,-241,2007-05-14,2007-05-20,OK
4,10,Billy Ray Cyrus,Billy Ray Cyrus,46,16,-1216,2007-05-21,2007-05-27,OK
4,1,Clyde Drexler,Clyde Drexler,6,5,-2,2007-03-19,2007-03-25,OK
4,2,Clyde Drexler,Clyde Drexler,4,4,-55,2007-03-26,2007-04-01,OK
4,3,Clyde Drexler,Clyde Drexler,3,3,-34,2007-04-02,2007-04-08,OK
4,4,Clyde Drexler,Clyde Drexler,1,1,0,2007-04-09,2007-04-15,OK
4,5,Clyde Drexler,Clyde Drexler,3,3,1,2007-04-16,2007-04-22,OK
4,6,Clyde Drexler,Clyde Drexler,4,3,190,2007-04-23,2007-04-29,OK
4,7,Clyde Drexler,Clyde Drexler,5,4,9,2007-04-30,2007-05-06,OK
4,8,Clyde Drexler,Clyde Drexler,0,0,0,2007-05-07,2007-05-13,OK
4,9,Clyde Drexler,Clyde Drexler,5,3,267,2007-05-14,2007-05-20,OK
4,10,Clyde Drexler,Clyde Drexler,1,1,0,2007-05-21,2007-05-27,OK
4,1,Heather Mills,Heather Mills,22,12,-575,2007-03-19,2007-03-25,OK
4,2,Heather Mills,Heather Mills,47,10,4,2007-03-26,2007-04-01,OK
4,3,Heather Mills,Heather Mills,2,1,-1,2007-04-02,2007-04-08,OK
4,4,Heather Mills,Heather Mills,1,1,0,2007-04-09,2007-04-15,OK
4,5,Heather Mills,Heather Mills,2,2,-4,2007-04-16,2007-04-22,OK
4,6,Heather Mills,Heather Mills,3,3,0,2007-04-23,2007-04-29,OK
4,7,Heather Mills,Heather Mills,6,6,-16,2007-04-30,2007-05-06,OK
4,8,Heather Mills,Heather Mills,46,5,-296,2007-05-07,2007-05-13,OK
4,9,Heather Mills,Heather Mills,3,2,4,2007-05-14,2007-05-20,OK
4,10,Heather Mills,Heather Mills,4,4,6,2007-05-21,2007-05-27,OK
4,1,Ian Ziering,Ian Ziering,22,7,-255,2007-03-19,2007-03-25,OK
4,2,Ian Ziering,Ian Ziering,9,7,249,2007-03-26,2007-04-01,OK
4,3,Ian Ziering,Ian Ziering,6,4,-30,2007-04-02,2007-04-08,OK
4,4,Ian Ziering,Ian Ziering,4,3,0,2007-04-09,2007-04-15,OK
4,5,Ian Ziering,Ian Ziering,2,2,-154,2007-04-16,2007-04-22,OK
4,6,Ian Ziering,Ian Ziering,1,1,0,2007-04-23,2007-04-29,OK
4,7,Ian Ziering,Ian Ziering,3,3,-61,2007-04-30,2007-05-06,OK
4,8,Ian Ziering,Ian Ziering,1,1,0,2007-05-07,2007-05-13,OK
4,9,Ian Ziering,Ian Ziering,7,4,18,2007-05-14,2007-05-20,OK
4,10,Ian Ziering,Ian Ziering,0,0,0,2007-05-21,2007-05-27,OK
4,1,Joey Fatone,Joey Fatone,14,14,-45,2007-03-19,2007-03-25,OK
4,2,Joey Fatone,Joey Fatone,13,9,-176,2007-03-26,2007-04-01,OK
4,3,Joey Fatone,Joey Fatone,11,7,-11,2007-04-02,2007-04-08,OK
4,4,Joey Fatone,Joey Fatone,12,10,-53,2007-04-09,2007-04-15,OK
4,5,Joey Fatone,Joey Fatone,8,6,-264,2007-04-16,2007-04-22,OK
4,6,Joey Fatone,Joey Fatone,5,5,36,2007-04-23,2007-04-29,OK
4,7,Joey Fatone,Joey Fatone,3,3,127,2007-04-30,2007-05-06,OK
4,8,Joey Fatone,Joey Fatone,12,7,312,2007-05-07,2007-05-13,OK
4,9,Joey Fatone,Joey Fatone,17,11,182,2007-05-14,2007-05-20,OK
4,10,Joey Fatone,Joey Fatone,46,28,-87,2007-05-21,2007-05-27,OK
4,1,John Ratzenberger,John Ratzenberger,23,14,66,2007-03-19,2007-03-25,OK
4,2,John Ratzenberger,John Ratzenberger,3,3,-122,2007-03-26,2007-04-01,OK
4,3,John Ratzenberger,John Ratzenberger,10,7,-36,2007-04-02,2007-04-08,OK
4,4,John Ratzenberger,John Ratzenberger,13,10,39,2007-04-09,2007-04-15,OK
4,5,John Ratzenberger,John Ratzenberger,1,1,0,2007-04-16,2007-04-22,OK
4,6,John Ratzenberger,John Ratzenberger,19,6,-344,2007-04-23,2007-04-29,OK
4,7,John Ratzenberger,John Ratzenberger,11,8,8,2007-04-30,2007-05-06,OK
4,8,John Ratzenberger,John Ratzenberger,5,4,241,2007-05-07,2007-05-13,OK
4,9,John Ratzenberger,John Ratzenberger,3,3,235,2007-05-14,2007-05-20,OK
4,10,John Ratzenberger,John Ratzenberger,10,6,-67,2007-05-21,2007-05-27,OK
4,1,Laila Ali,Laila Ali,5,4,-173,2007-03-19,2007-03-25,OK
4,2,Laila Ali,Laila Ali,11,10,-94,2007-03-26,2007-04-01,OK
4,3,Laila Ali,Laila Ali,1,1,0,2007-04-02,2007-04-08,OK
4,4,Laila Ali,Laila Ali,8,7,81,2007-04-09,2007-04-15,OK
4,5,Laila Ali,Laila Ali,4,3,23,2007-04-16,2007-04-22,OK
4,6,Laila Ali,Laila Ali,5,3,64,2007-04-23,2007-04-29,OK
4,7,Laila Ali,Laila Ali,12,11,-310,2007-04-30,2007-05-06,OK
4,8,Laila Ali,Laila Ali,2,2,3,2007-05-07,2007-05-13,OK
4,9,Laila Ali,Laila Ali,8,7,8131,2007-05-14,2007-05-20,OK
4,10,Laila Ali,Laila Ali,13,10,98,2007-05-21,2007-05-27,OK
4,1,Leeza Gibbons,Leeza Gibbons,2,2,69,2007-03-19,2007-03-25,OK
4,2,Leeza Gibbons,Leeza Gibbons,3,3,-42,2007-03-26,2007-04-01,OK
4,3,Leeza Gibbons,Leeza Gibbons,2,2,-111,2007-04-02,2007-04-08,OK
4,4,Leeza Gibbons,Leeza Gibbons,4,3,79,2007-04-09,2007-04-15,OK
4,5,Leeza Gibbons,Leeza Gibbons,0,0,0,2007-04-16,2007-04-22,OK
4,6,Leeza Gibbons,Leeza Gibbons,0,0,0,2007-04-23,2007-04-29,OK
4,7,Leeza Gibbons,Leeza Gibbons,0,0,0,2007-04-30,2007-05-06,OK
4,8,Leeza Gibbons,Leeza Gibbons,3,3,-231,2007-05-07,2007-05-13,OK
4,9,Leeza Gibbons,Leeza Gibbons,0,0,0,2007-05-14,2007-05-20,OK
4,10,Leeza Gibbons,Leeza Gibbons,0,0,0,2007-05-21,2007-05-27,OK
4,1,Paulina Porizkova,Paulina Porizkova,7,6,79,2007-03-19,2007-03-25,OK
4,2,Paulina Porizkova,Paulina Porizkova,17,8,-76,2007-03-26,2007-04-01,OK
4,3,Paulina Porizkova,Paulina Porizkova,0,0,0,2007-04-02,2007-04-08,OK
4,4,Paulina Porizkova,Paulina Porizkova,5,5,-5,2007-04-09,2007-04-15,OK
4,5,Paulina Porizkova,Paulina Porizkova,14,9,-90,2007-04-16,2007-04-22,OK
4,6,Paulina Porizkova,Paulina Porizkova,8,6,-188,2007-04-23,2007-04-29,OK
4,7,Paulina Porizkova,Paulina Porizkova,0,0,0,2007-04-30,2007-05-06,OK
4,8,Paulina Porizkova,Paulina Porizkova,2,1,-49,2007-05-07,2007-05-13,OK
4,9,Paulina Porizkova,Paulina Porizkova,12,4,-581,2007-05-14,2007-05-20,OK
4,10,Paulina Porizkova,Paulina Porizkova,3,3,-97,2007-05-21,2007-05-27,OK
4,1,Shandi Finnessey,Shandi Finnessey,4,4,8434,2007-03-19,2007-03-25,OK
4,2,Shandi Finnessey,Shandi Finnessey,4,3,-131,2007-03-26,2007-04-01,OK
4,3,Shandi Finnessey,Shandi Finnessey,22,8,30,2007-04-02,2007-04-08,OK
4,4,Shandi Finnessey,Shandi Finnessey,4,3,46,2007-04-09,2007-04-15,OK
4,5,Shandi Finnessey,Shandi Finnessey,2,2,0,2007-04-16,2007-04-22,OK
4,6,Shandi Finnessey,Shandi Finnessey,5,3,-10,2007-04-23,2007-04-29,OK
4,7,Shandi Finnessey,Shandi Finnessey,0,0,0,2007-04-30,2007-05-06,OK
4,8,Shandi Finnessey,Shandi Finnessey,4,4,-57,2007-05-07,2007-05-13,OK
4,9,Shandi Finnessey,Shandi Finnessey,4,4,0,2007-05-14,2007-05-20,OK
4,10,Shandi Finnessey,Shandi Finnessey,0,0,0,2007-05-21,2007-05-27,OK
5,1,Albert Reed,Albert Edwin Reed,0,0,0,2007-09-24,2007-09-30,OK
5,2,Albert Reed,Albert Edwin Reed,0,0,0,2007-10-01,2007-10-07,OK
5,3,Albert Reed,Albert Edwin Reed,0,0,0,2007-10-08,2007-10-14,OK
5,4,Albert Reed,Albert Edwin Reed,0,0,0,2007-10-15,2007-10-21,OK
5,5,Albert Reed,Albert Edwin Reed,0,0,0,2007-10-22,2007-10-28,OK
5,6,Albert Reed,Albert Edwin Reed,0,0,0,2007-10-29,2007-11-04,OK
5,7,Albert Reed,Albert Edwin Reed,0,0,0,2007-11-05,2007-11-11,OK
5,8,Albert Reed,Albert Edwin Reed,0,0,0,2007-11-12,2007-11-18,OK
5,9,Albert Reed,Albert Edwin Reed,0,0,0,2007-11-19,2007-11-25,OK
5,10,Albert Reed,Albert Edwin Reed,0,0,0,2007-11-26,2007-12-02,OK
5,1,Cameron Mathison,Cameron Mathison,7,3,90,2007-09-24,2007-09-30,OK
5,2,Cameron Mathison,Cameron Mathison,0,0,0,2007-10-01,2007-10-07,OK
5,3,Cameron Mathison,Cameron Mathison,2,2,-29,2007-10-08,2007-10-14,OK
5,4,Cameron Mathison,Cameron Mathison,0,0,0,2007-10-15,2007-10-21,OK
5,5,Cameron Mathison,Cameron Mathison,2,2,32,2007-10-22,2007-10-28,OK
5,6,Cameron Mathison,Cameron Mathison,0,0,0,2007-10-29,2007-11-04,OK
5,7,Cameron Mathison,Cameron Mathison,6,2,-175,2007-11-05,2007-11-11,OK
5,8,Cameron Mathison,Cameron Mathison,4,3,75,2007-11-12,2007-11-18,OK
5,9,Cameron Mathison,Cameron Mathison,2,2,-71,2007-11-19,2007-11-25,OK
5,10,Cameron Mathison,Cameron Mathison,2,2,0,2007-11-26,2007-12-02,OK
5,1,Floyd Mayweather Jr. ,Floyd Mayweather Jr.,11,9,9481,2007-09-24,2007-09-30,OK
5,2,Floyd Mayweather Jr. ,Floyd Mayweather Jr.,13,9,2404,2007-10-01,2007-10-07,OK
5,3,Floyd Mayweather Jr. ,Floyd Mayweather Jr.,18,11,158,2007-10-08,2007-10-14,OK
5,4,Floyd Mayweather Jr. ,Floyd Mayweather Jr.,11,8,-202,2007-10-15,2007-10-21,OK
5,5,Floyd Mayweather Jr. ,Floyd Mayweather Jr.,7,5,-930,2007-10-22,2007-10-28,OK
5,6,Floyd Mayweather Jr. ,Floyd Mayweather Jr.,8,7,7,2007-10-29,2007-11-04,OK
5,7,Floyd Mayweather Jr. ,Floyd Mayweather Jr.,20,14,-18,2007-11-05,2007-11-11,OK
5,8,Floyd Mayweather Jr. ,Floyd Mayweather Jr.,14,12,63,2007-11-12,2007-11-18,OK
5,9,Floyd Mayweather Jr. ,Floyd Mayweather Jr.,32,20,21,2007-11-19,2007-11-25,OK
5,10,Floyd Mayweather Jr. ,Floyd Mayweather Jr.,74,51,-228,2007-11-26,2007-12-02,OK
5,1,Helio Castroneves,Hélio Castroneves,2,2,-69,2007-09-24,2007-09-30,OK
5,2,Helio Castroneves,Hélio Castroneves,0,0,0,2007-10-01,2007-10-07,OK
5,3,Helio Castroneves,Hélio Castroneves,3,2,-106,2007-10-08,2007-10-14,OK
5,4,Helio Castroneves,Hélio Castroneves,3,3,12,2007-10-15,2007-10-21,OK
5,5,Helio Castroneves,Hélio Castroneves,1,1,0,2007-10-22,2007-10-28,OK
5,6,Helio Castroneves,Hélio Castroneves,0,0,0,2007-10-29,2007-11-04,OK
5,7,Helio Castroneves,Hélio Castroneves,4,4,13,2007-11-05,2007-11-11,OK
5,8,Helio Castroneves,Hélio Castroneves,0,0,0,2007-11-12,2007-11-18,OK
5,9,Helio Castroneves,Hélio Castroneves,4,4,0,2007-11-19,2007-11-25,OK
5,10,Helio Castroneves,Hélio Castroneves,55,29,-505,2007-11-26,2007-12-02,OK
5,1,Jane Seymour,Jane Seymour,8,5,5,2007-09-24,2007-09-30,OK
5,2,Jane Seymour,Jane Seymour,11,6,-1239,2007-10-01,2007-10-07,OK
5,3,Jane Seymour,Jane Seymour,10,8,-378,2007-10-08,2007-10-14,OK
5,4,Jane Seymour,Jane Seymour,3,3,0,2007-10-15,2007-10-21,OK
5,5,Jane Seymour,Jane Seymour,10,8,2022,2007-10-22,2007-10-28,OK
5,6,Jane Seymour,Jane Seymour,14,8,593,2007-10-29,2007-11-04,OK
5,7,Jane Seymour,Jane Seymour,6,5,16216,2007-11-05,2007-11-11,OK
5,8,Jane Seymour,Jane Seymour,11,5,58,2007-11-12,2007-11-18,OK
5,9,Jane Seymour,Jane Seymour,24,18,-7,2007-11-19,2007-11-25,OK
5,10,Jane Seymour,Jane Seymour,4,3,0,2007-11-26,2007-12-02,OK
5,1,Jennie Garth,Jennie Garth,1,1,0,2007-09-24,2007-09-30,OK
5,2,Jennie Garth,Jennie Garth,8,6,213,2007-10-01,2007-10-07,OK
5,3,Jennie Garth,Jennie Garth,3,2,61,2007-10-08,2007-10-14,OK
5,4,Jennie Garth,Jennie Garth,2,1,-81,2007-10-15,2007-10-21,OK
5,5,Jennie Garth,Jennie Garth,2,2,0,2007-10-22,2007-10-28,OK
5,6,Jennie Garth,Jennie Garth,3,2,1,2007-10-29,2007-11-04,OK
5,7,Jennie Garth,Jennie Garth,9,6,-35,2007-11-05,2007-11-11,OK
5,8,Jennie Garth,Jennie Garth,6,6,10,2007-11-12,2007-11-18,OK
5,9,Jennie Garth,Jennie Garth,13,9,-14,2007-11-19,2007-11-25,OK
5,10,Jennie Garth,Jennie Garth,14,9,827,2007-11-26,2007-12-02,OK
5,1,Josie Maran,Josie Maran,25,18,314,2007-09-24,2007-09-30,OK
5,2,Josie Maran,Josie Maran,9,6,747,2007-10-01,2007-10-07,OK
5,3,Josie Maran,Josie Maran,2,2,-71,2007-10-08,2007-10-14,OK
5,4,Josie Maran,Josie Maran,3,3,2,2007-10-15,2007-10-21,OK
5,5,Josie Maran,Josie Maran,3,3,0,2007-10-22,2007-10-28,OK
5,6,Josie Maran,Josie Maran,2,2,56,2007-10-29,2007-11-04,OK
5,7,Josie Maran,Josie Maran,12,6,9,2007-11-05,2007-11-11,OK
5,8,Josie Maran,Josie Maran,1,1,0,2007-11-12,2007-11-18,OK
5,9,Josie Maran,Josie Maran,5,2,31,2007-11-19,2007-11-25,OK
5,10,Josie Maran,Josie Maran,4,4,0,2007-11-26,2007-12-02,OK
5,1,Marie Osmond,Marie Osmond,14,8,-100,2007-09-24,2007-09-30,OK
5,2,Marie Osmond,Marie Osmond,35,15,-182,2007-10-01,2007-10-07,OK
5,3,Marie Osmond,Marie Osmond,20,13,-563,2007-10-08,2007-10-14,OK
5,4,Marie Osmond,Marie Osmond,4,2,158,2007-10-15,2007-10-21,OK
5,5,Marie Osmond,Marie Osmond,66,46,371,2007-10-22,2007-10-28,OK
5,6,Marie Osmond,Marie Osmond,13,10,559,2007-10-29,2007-11-04,OK
5,7,Marie Osmond,Marie Osmond,42,23,-372,2007-11-05,2007-11-11,OK
5,8,Marie Osmond,Marie Osmond,19,11,82,2007-11-12,2007-11-18,OK
5,9,Marie Osmond,Marie Osmond,11,9,-169,2007-11-19,2007-11-25,OK
5,10,Marie Osmond,Marie Osmond,33,20,-875,2007-11-26,2007-12-02,OK
5,1,Mark Cuban,Mark Cuban,32,22,-46,2007-09-24,2007-09-30,OK
5,2,Mark Cuban,Mark Cuban,18,12,-21,2007-10-01,2007-10-07,OK
5,3,Mark Cuban,Mark Cuban,28,18,-2127,2007-10-08,2007-10-14,OK
5,4,Mark Cuban,Mark Cuban,17,14,0,2007-10-15,2007-10-21,OK
5,5,Mark Cuban,Mark Cuban,19,14,265,2007-10-22,2007-10-28,OK
5,6,Mark Cuban,Mark Cuban,9,9,10,2007-10-29,2007-11-04,OK
5,7,Mark Cuban,Mark Cuban,7,4,270,2007-11-05,2007-11-11,OK
5,8,Mark Cuban,Mark Cuban,31,22,747,2007-11-12,2007-11-18,OK
5,9,Mark Cuban,Mark Cuban,14,10,-2180,2007-11-19,2007-11-25,OK
5,10,Mark Cuban,Mark Cuban,14,9,587,2007-11-26,2007-12-02,OK
5,1,Mel B,Mel B,1,1,0,2007-09-24,2007-09-30,OK
5,2,Mel B,Mel B,8,8,55,2007-10-01,2007-10-07,OK
5,3,Mel B,Mel B,5,4,-105,2007-10-08,2007-10-14,OK
5,4,Mel B,Mel B,2,1,1,2007-10-15,2007-10-21,OK
5,5,Mel B,Mel B,2,2,-43,2007-10-22,2007-10-28,OK
5,6,Mel B,Mel B,2,2,-45,2007-10-29,2007-11-04,OK
5,7,Mel B,Mel B,10,6,48,2007-11-05,2007-11-11,OK
5,8,Mel B,Mel B,0,0,0,2007-11-12,2007-11-18,OK
5,9,Mel B,Mel B,11,4,33,2007-11-19,2007-11-25,OK
5,10,Mel B,Mel B,10,8,389,2007-11-26,2007-12-02,OK
5,1,Sabrina Bryan,Sabrina Bryan,19,12,13,2007-09-24,2007-09-30,OK
5,2,Sabrina Bryan,Sabrina Bryan,10,8,-205,2007-10-01,2007-10-07,OK
5,3,Sabrina Bryan,Sabrina Bryan,16,11,580,2007-10-08,2007-10-14,OK
5,4,Sabrina Bryan,Sabrina Bryan,10,9,154,2007-10-15,2007-10-21,OK
5,5,Sabrina Bryan,Sabrina Bryan,19,12,155,2007-10-22,2007-10-28,OK
5,6,Sabrina Bryan,Sabrina Bryan,20,17,-523,2007-10-29,2007-11-04,OK
5,7,Sabrina Bryan,Sabrina Bryan,24,15,-136,2007-11-05,2007-11-11,OK
5,8,Sabrina Bryan,Sabrina Bryan,10,8,-63,2007-11-12,2007-11-18,OK
5,9,Sabrina Bryan,Sabrina Bryan,17,8,-26,2007-11-19,2007-11-25,OK
5,10,Sabrina Bryan,Sabrina Bryan,10,6,119,2007-11-26,2007-12-02,OK
5,1,Wayne Newton,Wayne Newton,13,9,77,2007-09-24,2007-09-30,OK
5,2,Wayne Newton,Wayne Newton,7,5,81,2007-10-01,2007-10-07,OK
5,3,Wayne Newton,Wayne Newton,24,18,-82,2007-10-08,2007-10-14,OK
5,4,Wayne Newton,Wayne Newton,10,8,-228,2007-10-15,2007-10-21,OK
5,5,Wayne Newton,Wayne Newton,10,5,-13,2007-10-22,2007-10-28,OK
5,6,Wayne Newton,Wayne Newton,7,5,208,2007-10-29,2007-11-04,OK
5,7,Wayne Newton,Wayne Newton,6,4,41,2007-11-05,2007-11-11,OK
5,8,Wayne Newton,Wayne Newton,0,0,0,2007-11-12,2007-11-18,OK
5,9,Wayne Newton,Wayne Newton,3,3,38,2007-11-19,2007-11-25,OK
5,10,Wayne Newton,Wayne Newton,16,14,209,2007-11-26,2007-12-02,OK
6,1,Adam Carolla,Adam Carolla,10,7,-4034,2008-03-17,2008-03-23,OK
6,2,Adam Carolla,Adam Carolla,4,4,0,2008-03-24,2008-03-30,OK
6,3,Adam Carolla,Adam Carolla,6,5,77,2008-03-31,2008-04-06,OK
6,4,Adam Carolla,Adam Carolla,20,12,-67,2008-04-07,2008-04-13,OK
6,5,Adam Carolla,Adam Carolla,5,5,-1163,2008-04-14,2008-04-20,OK
6,6,Adam Carolla,Adam Carolla,4,4,26,2008-04-21,2008-04-27,OK
6,7,Adam Carolla,Adam Carolla,4,4,-197,2008-04-28,2008-05-04,OK
6,8,Adam Carolla,Adam Carolla,3,2,-5,2008-05-05,2008-05-11,OK
6,9,Adam Carolla,Adam Carolla,8,6,-20,2008-05-12,2008-05-18,OK
6,10,Adam Carolla,Adam Carolla,3,3,66,2008-05-19,2008-05-25,OK
6,1,Cristian de la Fuente,Cristián de la Fuente,0,0,0,2008-03-17,2008-03-23,OK
6,2,Cristian de la Fuente,Cristián de la Fuente,1,1,0,2008-03-24,2008-03-30,OK
6,3,Cristian de la Fuente,Cristián de la Fuente,11,2,-119,2008-03-31,2008-04-06,OK
6,4,Cristian de la Fuente,Cristián de la Fuente,1,1,0,2008-04-07,2008-04-13,OK
6,5,Cristian de la Fuente,Cristián de la Fuente,0,0,0,2008-04-14,2008-04-20,OK
6,6,Cristian de la Fuente,Cristián de la Fuente,0,0,0,2008-04-21,2008-04-27,OK
6,7,Cristian de la Fuente,Cristián de la Fuente,7,6,115,2008-04-28,2008-05-04,OK
6,8,Cristian de la Fuente,Cristián de la Fuente,4,3,47,2008-05-05,2008-05-11,OK
6,9,Cristian de la Fuente,Cristián de la Fuente,10,2,48,2008-05-12,2008-05-18,OK
6,10,Cristian de la Fuente,Cristián de la Fuente,14,12,3938,2008-05-19,2008-05-25,OK
6,1,Jason Taylor,Jason Taylor (American football),1,1,0,2008-03-17,2008-03-23,OK
6,2,Jason Taylor,Jason Taylor (American football),6,5,0,2008-03-24,2008-03-30,OK
6,3,Jason Taylor,Jason Taylor (American football),5,5,109,2008-03-31,2008-04-06,OK
6,4,Jason Taylor,Jason Taylor (American football),31,8,-432,2008-04-07,2008-04-13,OK
6,5,Jason Taylor,Jason Taylor (American football),15,11,-149,2008-04-14,2008-04-20,OK
6,6,Jason Taylor,Jason Taylor (American football),14,10,2,2008-04-21,2008-04-27,OK
6,7,Jason Taylor,Jason Taylor (American football),45,4,760,2008-04-28,2008-05-04,OK
6,8,Jason Taylor,Jason Taylor (American football),5,3,-19,2008-05-05,2008-05-11,OK
6,9,Jason Taylor,Jason Taylor (American football),5,4,1744,2008-05-12,2008-05-18,OK
6,10,Jason Taylor,Jason Taylor (American football),32,27,994,2008-05-19,2008-05-25,OK
6,1,Kristi Yamaguchi,Kristi Yamaguchi,13,10,256,2008-03-17,2008-03-23,OK
6,2,Kristi Yamaguchi,Kristi Yamaguchi,5,3,-6,2008-03-24,2008-03-30,OK
6,3,Kristi Yamaguchi,Kristi Yamaguchi,11,7,252,2008-03-31,2008-04-06,OK
6,4,Kristi Yamaguchi,Kristi Yamaguchi,16,9,1150,2008-04-07,2008-04-13,OK
6,5,Kristi Yamaguchi,Kristi Yamaguchi,18,17,50,2008-04-14,2008-04-20,OK
6,6,Kristi Yamaguchi,Kristi Yamaguchi,26,22,6013,2008-04-21,2008-04-27,OK
6,7,Kristi Yamaguchi,Kristi Yamaguchi,12,10,-1145,2008-04-28,2008-05-04,OK
6,8,Kristi Yamaguchi,Kristi Yamaguchi,12,9,3395,2008-05-05,2008-05-11,OK
6,9,Kristi Yamaguchi,Kristi Yamaguchi,49,26,-1818,2008-05-12,2008-05-18,OK
6,10,Kristi Yamaguchi,Kristi Yamaguchi,57,35,-1285,2008-05-19,2008-05-25,OK
6,1,Mario,Mario,33,18,236,2008-03-17,2008-03-23,OK
6,2,Mario,Mario,26,14,-1079,2008-03-24,2008-03-30,OK
6,3,Mario,Mario,8,8,39108,2008-03-31,2008-04-06,OK
6,4,Mario,Mario,7,5,-6,2008-04-07,2008-04-13,OK
6,5,Mario,Mario,5,4,5,2008-04-14,2008-04-20,OK
6,6,Mario,Mario,9,9,-270,2008-04-21,2008-04-27,OK
6,7,Mario,Mario,27,11,3142,2008-04-28,2008-05-04,OK
6,8,Mario,Mario,39,12,-453,2008-05-05,2008-05-11,OK
6,9,Mario,Mario,6,5,-44,2008-05-12,2008-05-18,OK
6,10,Mario,Mario,2,2,33952,2008-05-19,2008-05-25,OK
6,1,Marissa Jaret Winokur,Marissa Jaret Winokur,5,3,277,2008-03-17,2008-03-23,OK
6,2,Marissa Jaret Winokur,Marissa Jaret Winokur,5,5,142,2008-03-24,2008-03-30,OK
6,3,Marissa Jaret Winokur,Marissa Jaret Winokur,4,3,-31,2008-03-31,2008-04-06,OK
6,4,Marissa Jaret Winokur,Marissa Jaret Winokur,3,2,17,2008-04-07,2008-04-13,OK
6,5,Marissa Jaret Winokur,Marissa Jaret Winokur,2,2,0,2008-04-14,2008-04-20,OK
6,6,Marissa Jaret Winokur,Marissa Jaret Winokur,5,4,20,2008-04-21,2008-04-27,OK
6,7,Marissa Jaret Winokur,Marissa Jaret Winokur,14,11,7537,2008-04-28,2008-05-04,OK
6,8,Marissa Jaret Winokur,Marissa Jaret Winokur,13,7,5,2008-05-05,2008-05-11,OK
6,9,Marissa Jaret Winokur,Marissa Jaret Winokur,22,11,-481,2008-05-12,2008-05-18,OK
6,10,Marissa Jaret Winokur,Marissa Jaret Winokur,3,3,1,2008-05-19,2008-05-25,OK
6,1,Marlee Matlin,Marlee Matlin,12,10,211,2008-03-17,2008-03-23,OK
6,2,Marlee Matlin,Marlee Matlin,10,9,0,2008-03-24,2008-03-30,OK
6,3,Marlee Matlin,Marlee Matlin,0,0,0,2008-03-31,2008-04-06,OK
6,4,Marlee Matlin,Marlee Matlin,1,1,0,2008-04-07,2008-04-13,OK
6,5,Marlee Matlin,Marlee Matlin,5,3,-43,2008-04-14,2008-04-20,OK
6,6,Marlee Matlin,Marlee Matlin,15,13,-488,2008-04-21,2008-04-27,OK
6,7,Marlee Matlin,Marlee Matlin,9,7,-39,2008-04-28,2008-05-04,OK
6,8,Marlee Matlin,Marlee Matlin,0,0,0,2008-05-05,2008-05-11,OK
6,9,Marlee Matlin,Marlee Matlin,2,2,1709,2008-05-12,2008-05-18,OK
6,10,Marlee Matlin,Marlee Matlin,2,2,1900,2008-05-19,2008-05-25,OK
6,1,Monica Seles,Monica Seles,3,2,0,2008-03-17,2008-03-23,OK
6,2,Monica Seles,Monica Seles,16,12,-195,2008-03-24,2008-03-30,OK
6,3,Monica Seles,Monica Seles,11,3,-76,2008-03-31,2008-04-06,OK
6,4,Monica Seles,Monica Seles,3,3,0,2008-04-07,2008-04-13,OK
6,5,Monica Seles,Monica Seles,10,4,74,2008-04-14,2008-04-20,OK
6,6,Monica Seles,Monica Seles,2,2,-111,2008-04-21,2008-04-27,OK
6,7,Monica Seles,Monica Seles,2,2,0,2008-04-28,2008-05-04,OK
6,8,Monica Seles,Monica Seles,9,4,1328,2008-05-05,2008-05-11,OK
6,9,Monica Seles,Monica Seles,4,4,-4,2008-05-12,2008-05-18,OK
6,10,Monica Seles,Monica Seles,3,2,0,2008-05-19,2008-05-25,OK
6,1,Penn Jillette,Penn Jillette,8,5,57,2008-03-17,2008-03-23,OK
6,2,Penn Jillette,Penn Jillette,10,7,-20163,2008-03-24,2008-03-30,OK
6,3,Penn Jillette,Penn Jillette,15,13,86,2008-03-31,2008-04-06,OK
6,4,Penn Jillette,Penn Jillette,2,2,0,2008-04-07,2008-04-13,OK
6,5,Penn Jillette,Penn Jillette,2,2,0,2008-04-14,2008-04-20,OK
6,6,Penn Jillette,Penn Jillette,1,1,0,2008-04-21,2008-04-27,OK
6,7,Penn Jillette,Penn Jillette,0,0,0,2008-04-28,2008-05-04,OK
6,8,Penn Jillette,Penn Jillette,0,0,0,2008-05-05,2008-05-11,OK
6,9,Penn Jillette,Penn Jillette,4,4,-5,2008-05-12,2008-05-18,OK
6,10,Penn Jillette,Penn Jillette,2,2,0,2008-05-19,2008-05-25,OK
6,1,Priscilla Presley,Priscilla Presley,38,25,-157,2008-03-17,2008-03-23,OK
6,2,Priscilla Presley,Priscilla Presley,19,15,-270,2008-03-24,2008-03-30,OK
6,3,Priscilla Presley,Priscilla Presley,14,12,148,2008-03-31,2008-04-06,OK
6,4,Priscilla Presley,Priscilla Presley,11,10,-47,2008-04-07,2008-04-13,OK
6,5,Priscilla Presley,Priscilla Presley,16,15,98,2008-04-14,2008-04-20,OK
6,6,Priscilla Presley,Priscilla Presley,5,5,5,2008-04-21,2008-04-27,OK
6,7,Priscilla Presley,Priscilla Presley,4,4,-85,2008-04-28,2008-05-04,OK
6,8,Priscilla Presley,Priscilla Presley,3,3,-15,2008-05-05,2008-05-11,OK
6,9,Priscilla Presley,Priscilla Presley,7,3,158,2008-05-12,2008-05-18,OK
6,10,Priscilla Presley,Priscilla Presley,9,7,14379,2008-05-19,2008-05-25,OK
6,1,Shannon Elizabeth,Shannon Elizabeth,9,7,-845,2008-03-17,2008-03-23,OK
6,2,Shannon Elizabeth,Shannon Elizabeth,5,5,79,2008-03-24,2008-03-30,OK
6,3,Shannon Elizabeth,Shannon Elizabeth,4,4,0,2008-03-31,2008-04-06,OK
6,4,Shannon Elizabeth,Shannon Elizabeth,12,10,52,2008-04-07,2008-04-13,OK
6,5,Shannon Elizabeth,Shannon Elizabeth,8,7,12,2008-04-14,2008-04-20,OK
6,6,Shannon Elizabeth,Shannon Elizabeth,21,16,10924,2008-04-21,2008-04-27,OK
6,7,Shannon Elizabeth,Shannon Elizabeth,30,21,5,2008-04-28,2008-05-04,OK
6,8,Shannon Elizabeth,Shannon Elizabeth,9,3,35,2008-05-05,2008-05-11,OK
6,9,Shannon Elizabeth,Shannon Elizabeth,6,4,258,2008-05-12,2008-05-18,OK
6,10,Shannon Elizabeth,Shannon Elizabeth,4,4,199,2008-05-19,2008-05-25,OK
6,1,Steve Guttenberg,Steve Guttenberg,2,1,-46,2008-03-17,2008-03-23,OK
6,2,Steve Guttenberg,Steve Guttenberg,0,0,0,2008-03-24,2008-03-30,OK
6,3,Steve Guttenberg,Steve Guttenberg,12,7,-450,2008-03-31,2008-04-06,OK
6,4,Steve Guttenberg,Steve Guttenberg,4,3,-129,2008-04-07,2008-04-13,OK
6,5,Steve Guttenberg,Steve Guttenberg,0,0,0,2008-04-14,2008-04-20,OK
6,6,Steve Guttenberg,Steve Guttenberg,1,1,0,2008-04-21,2008-04-27,OK
6,7,Steve Guttenberg,Steve Guttenberg,4,2,8,2008-04-28,2008-05-04,OK
6,8,Steve Guttenberg,Steve Guttenberg,19,13,-143,2008-05-05,2008-05-11,OK
6,9,Steve Guttenberg,Steve Guttenberg,4,4,-23,2008-05-12,2008-05-18,OK
6,10,Steve Guttenberg,Steve Guttenberg,6,5,1,2008-05-19,2008-05-25,OK
7,1,Brooke Burke,Brooke Burke,15,10,79,2008-09-22,2008-09-28,OK
7,2,Brooke Burke,Brooke Burke,3,3,0,2008-09-29,2008-10-05,OK
7,3,Brooke Burke,Brooke Burke,9,7,-46,2008-10-06,2008-10-12,OK
7,4,Brooke Burke,Brooke Burke,7,7,-13,2008-10-13,2008-10-19,OK
7,5,Brooke Burke,Brooke Burke,11,10,-321,2008-10-20,2008-10-26,OK
7,6,Brooke Burke,Brooke Burke,17,15,-64,2008-10-27,2008-11-02,OK
7,7,Brooke Burke,Brooke Burke,14,8,125,2008-11-03,2008-11-09,OK
7,8,Brooke Burke,Brooke Burke,8,7,-4,2008-11-10,2008-11-16,OK
7,9,Brooke Burke,Brooke Burke,11,8,-30,2008-11-17,2008-11-23,OK
7,10,Brooke Burke,Brooke Burke,83,48,4748,2008-11-24,2008-11-30,OK
7,1,Cloris Leachman,Cloris Leachman,15,14,258,2008-09-22,2008-09-28,OK
7,2,Cloris Leachman,Cloris Leachman,2,2,0,2008-09-29,2008-10-05,OK
7,3,Cloris Leachman,Cloris Leachman,13,8,1752,2008-10-06,2008-10-12,OK
7,4,Cloris Leachman,Cloris Leachman,13,8,-70,2008-10-13,2008-10-19,OK
7,5,Cloris Leachman,Cloris Leachman,13,12,23907,2008-10-20,2008-10-26,OK
7,6,Cloris Leachman,Cloris Leachman,22,17,-28,2008-10-27,2008-11-02,OK
7,7,Cloris Leachman,Cloris Leachman,5,5,23,2008-11-03,2008-11-09,OK
7,8,Cloris Leachman,Cloris Leachman,8,6,-24,2008-11-10,2008-11-16,OK
7,9,Cloris Leachman,Cloris Leachman,2,2,-175,2008-11-17,2008-11-23,OK
7,10,Cloris Leachman,Cloris Leachman,12,6,6,2008-11-24,2008-11-30,OK
7,1,Cody Linley,Cody Linley,17,11,-696,2008-09-22,2008-09-28,OK
7,2,Cody Linley,Cody Linley,16,12,7533,2008-09-29,2008-10-05,OK
7,3,Cody Linley,Cody Linley,44,26,-194,2008-10-06,2008-10-12,OK
7,4,Cody Linley,Cody Linley,48,28,292,2008-10-13,2008-10-19,OK
7,5,Cody Linley,Cody Linley,13,11,386,2008-10-20,2008-10-26,OK
7,6,Cody Linley,Cody Linley,25,12,1778,2008-10-27,2008-11-02,OK
7,7,Cody Linley,Cody Linley,32,19,-297,2008-11-03,2008-11-09,OK
7,8,Cody Linley,Cody Linley,36,21,-425,2008-11-10,2008-11-16,OK
7,9,Cody Linley,Cody Linley,65,47,1431,2008-11-17,2008-11-23,OK
7,10,Cody Linley,Cody Linley,24,17,121,2008-11-24,2008-11-30,OK
7,1,Jeffrey Ross,Jeff Ross,5,4,194,2008-09-22,2008-09-28,OK
7,2,Jeffrey Ross,Jeff Ross,1,1,0,2008-09-29,2008-10-05,OK
7,3,Jeffrey Ross,Jeff Ross,2,2,772,2008-10-06,2008-10-12,OK
7,4,Jeffrey Ross,Jeff Ross,0,0,0,2008-10-13,2008-10-19,OK
7,5,Jeffrey Ross,Jeff Ross,1,1,0,2008-10-20,2008-10-26,OK
7,6,Jeffrey Ross,Jeff Ross,1,1,0,2008-10-27,2008-11-02,OK
7,7,Jeffrey Ross,Jeff Ross,7,1,-126,2008-11-03,2008-11-09,OK
7,8,Jeffrey Ross,Jeff Ross,1,1,0,2008-11-10,2008-11-16,OK
7,9,Jeffrey Ross,Jeff Ross,3,1,79,2008-11-17,2008-11-23,OK
7,10,Jeffrey Ross,Jeff Ross,3,3,5,2008-11-24,2008-11-30,OK
7,1,Kim Kardashian,Kim Kardashian,80,56,-104,2008-09-22,2008-09-28,OK
7,2,Kim Kardashian,Kim Kardashian,48,35,-375,2008-09-29,2008-10-05,OK
7,3,Kim Kardashian,Kim Kardashian,88,55,-184,2008-10-06,2008-10-12,OK
7,4,Kim Kardashian,Kim Kardashian,8,7,-2,2008-10-13,2008-10-19,OK
7,5,Kim Kardashian,Kim Kardashian,23,20,1105,2008-10-20,2008-10-26,OK
7,6,Kim Kardashian,Kim Kardashian,29,21,-49,2008-10-27,2008-11-02,OK
7,7,Kim Kardashian,Kim Kardashian,9,7,-6,2008-11-03,2008-11-09,OK
7,8,Kim Kardashian,Kim Kardashian,4,1,-2,2008-11-10,2008-11-16,OK
7,9,Kim Kardashian,Kim Kardashian,5,3,8,2008-11-17,2008-11-23,OK
7,10,Kim Kardashian,Kim Kardashian,4,1,117,2008-11-24,2008-11-30,OK
7,1,Lance Bass,Lance Bass,15,12,348,2008-09-22,2008-09-28,OK
7,2,Lance Bass,Lance Bass,16,15,-469,2008-09-29,2008-10-05,OK
7,3,Lance Bass,Lance Bass,12,8,1,2008-10-06,2008-10-12,OK
7,4,Lance Bass,Lance Bass,16,11,1838,2008-10-13,2008-10-19,OK
7,5,Lance Bass,Lance Bass,11,8,123,2008-10-20,2008-10-26,OK
7,6,Lance Bass,Lance Bass,13,10,-8989,2008-10-27,2008-11-02,OK
7,7,Lance Bass,Lance Bass,7,7,-269,2008-11-03,2008-11-09,OK
7,8,Lance Bass,Lance Bass,16,14,740,2008-11-10,2008-11-16,OK
7,9,Lance Bass,Lance Bass,16,14,-98,2008-11-17,2008-11-23,OK
7,10,Lance Bass,Lance Bass,24,17,-2320,2008-11-24,2008-11-30,OK
7,1,Maurice Greene,Maurice Greene (fighter),0,0,0,2008-09-22,2008-09-28,OK
7,2,Maurice Greene,Maurice Greene (fighter),0,0,0,2008-09-29,2008-10-05,OK
7,3,Maurice Greene,Maurice Greene (fighter),0,0,0,2008-10-06,2008-10-12,OK
7,4,Maurice Greene,Maurice Greene (fighter),0,0,0,2008-10-13,2008-10-19,OK
7,5,Maurice Greene,Maurice Greene (fighter),0,0,0,2008-10-20,2008-10-26,OK
7,6,Maurice Greene,Maurice Greene (fighter),0,0,0,2008-10-27,2008-11-02,OK
7,7,Maurice Greene,Maurice Greene (fighter),0,0,0,2008-11-03,2008-11-09,OK
7,8,Maurice Greene,Maurice Greene (fighter),0,0,0,2008-11-10,2008-11-16,OK
7,9,Maurice Greene,Maurice Greene (fighter),0,0,0,2008-11-17,2008-11-23,OK
7,10,Maurice Greene,Maurice Greene (fighter),0,0,0,2008-11-24,2008-11-30,OK
7,1,Misty May-Treanor,Misty May-Treanor,15,12,-6,2008-09-22,2008-09-28,OK
7,2,Misty May-Treanor,Misty May-Treanor,7,6,62,2008-09-29,2008-10-05,OK
7,3,Misty May-Treanor,Misty May-Treanor,36,25,-468,2008-10-06,2008-10-12,OK
7,4,Misty May-Treanor,Misty May-Treanor,3,3,0,2008-10-13,2008-10-19,OK
7,5,Misty May-Treanor,Misty May-Treanor,1,1,0,2008-10-20,2008-10-26,OK
7,6,Misty May-Treanor,Misty May-Treanor,5,4,-32,2008-10-27,2008-11-02,OK
7,7,Misty May-Treanor,Misty May-Treanor,0,0,0,2008-11-03,2008-11-09,OK
7,8,Misty May-Treanor,Misty May-Treanor,5,4,-27,2008-11-10,2008-11-16,OK
7,9,Misty May-Treanor,Misty May-Treanor,1,1,0,2008-11-17,2008-11-23,OK
7,10,Misty May-Treanor,Misty May-Treanor,2,1,0,2008-11-24,2008-11-30,OK
7,1,Rocco DiSpirito,Rocco DiSpirito,4,4,-24,2008-09-22,2008-09-28,OK
7,2,Rocco DiSpirito,Rocco DiSpirito,2,2,0,2008-09-29,2008-10-05,OK
7,3,Rocco DiSpirito,Rocco DiSpirito,4,3,-4,2008-10-06,2008-10-12,OK
7,4,Rocco DiSpirito,Rocco DiSpirito,7,6,6,2008-10-13,2008-10-19,OK
7,5,Rocco DiSpirito,Rocco DiSpirito,1,1,0,2008-10-20,2008-10-26,OK
7,6,Rocco DiSpirito,Rocco DiSpirito,0,0,0,2008-10-27,2008-11-02,OK
7,7,Rocco DiSpirito,Rocco DiSpirito,6,2,-1269,2008-11-03,2008-11-09,OK
7,8,Rocco DiSpirito,Rocco DiSpirito,0,0,0,2008-11-10,2008-11-16,OK
7,9,Rocco DiSpirito,Rocco DiSpirito,0,0,0,2008-11-17,2008-11-23,OK
7,10,Rocco DiSpirito,Rocco DiSpirito,0,0,0,2008-11-24,2008-11-30,OK
7,1,Susan Lucci,Susan Lucci,6,3,465,2008-09-22,2008-09-28,OK
7,2,Susan Lucci,Susan Lucci,15,12,-132,2008-09-29,2008-10-05,OK
7,3,Susan Lucci,Susan Lucci,11,6,1169,2008-10-06,2008-10-12,OK
7,4,Susan Lucci,Susan Lucci,11,7,331,2008-10-13,2008-10-19,OK
7,5,Susan Lucci,Susan Lucci,13,5,233,2008-10-20,2008-10-26,OK
7,6,Susan Lucci,Susan Lucci,7,4,-29,2008-10-27,2008-11-02,OK
7,7,Susan Lucci,Susan Lucci,9,9,0,2008-11-03,2008-11-09,OK
7,8,Susan Lucci,Susan Lucci,3,3,0,2008-11-10,2008-11-16,OK
7,9,Susan Lucci,Susan Lucci,3,3,13,2008-11-17,2008-11-23,OK
7,10,Susan Lucci,Susan Lucci,1,1,0,2008-11-24,2008-11-30,OK
7,1,Ted McGinley,Ted McGinley,23,11,4544,2008-09-22,2008-09-28,OK
7,2,Ted McGinley,Ted McGinley,1,1,0,2008-09-29,2008-10-05,OK
7,3,Ted McGinley,Ted McGinley,1,1,0,2008-10-06,2008-10-12,OK
7,4,Ted McGinley,Ted McGinley,1,1,0,2008-10-13,2008-10-19,OK
7,5,Ted McGinley,Ted McGinley,0,0,0,2008-10-20,2008-10-26,OK
7,6,Ted McGinley,Ted McGinley,6,3,99,2008-10-27,2008-11-02,OK
7,7,Ted McGinley,Ted McGinley,1,1,0,2008-11-03,2008-11-09,OK
7,8,Ted McGinley,Ted McGinley,0,0,0,2008-11-10,2008-11-16,OK
7,9,Ted McGinley,Ted McGinley,1,1,0,2008-11-17,2008-11-23,OK
7,10,Ted McGinley,Ted McGinley,0,0,0,2008-11-24,2008-11-30,OK
7,1,Toni Braxton,Toni Braxton,17,14,278,2008-09-22,2008-09-28,OK
7,2,Toni Braxton,Toni Braxton,22,10,-1130,2008-09-29,2008-10-05,OK
7,3,Toni Braxton,Toni Braxton,11,9,-285,2008-10-06,2008-10-12,OK
7,4,Toni Braxton,Toni Braxton,3,3,-503,2008-10-13,2008-10-19,OK
7,5,Toni Braxton,Toni Braxton,10,10,-97,2008-10-20,2008-10-26,OK
7,6,Toni Braxton,Toni Braxton,7,7,517,2008-10-27,2008-11-02,OK
7,7,Toni Braxton,Toni Braxton,8,3,-55,2008-11-03,2008-11-09,OK
7,8,Toni Braxton,Toni Braxton,12,9,-239,2008-11-10,2008-11-16,OK
7,9,Toni Braxton,Toni Braxton,15,7,205,2008-11-17,2008-11-23,OK
7,10,Toni Braxton,Toni Braxton,12,9,197,2008-11-24,2008-11-30,OK
7,1,Warren Sapp,Warren Sapp,11,9,182,2008-09-22,2008-09-28,OK
7,2,Warren Sapp,Warren Sapp,8,7,-4,2008-09-29,2008-10-05,OK
7,3,Warren Sapp,Warren Sapp,20,11,-16090,2008-10-06,2008-10-12,OK
7,4,Warren Sapp,Warren Sapp,3,2,0,2008-10-13,2008-10-19,OK
7,5,Warren Sapp,Warren Sapp,10,9,-189,2008-10-20,2008-10-26,OK
7,6,Warren Sapp,Warren Sapp,5,4,21,2008-10-27,2008-11-02,OK
7,7,Warren Sapp,Warren Sapp,1,1,0,2008-11-03,2008-11-09,OK
7,8,Warren Sapp,Warren Sapp,15,13,382,2008-11-10,2008-11-16,OK
7,9,Warren Sapp,Warren Sapp,17,11,228,2008-11-17,2008-11-23,OK
7,10,Warren Sapp,Warren Sapp,24,16,895,2008-11-24,2008-11-30,OK
8,1,Belinda Carlisle,Belinda Carlisle,16,10,-247,2009-03-09,2009-03-15,OK
8,2,Belinda Carlisle,Belinda Carlisle,16,13,43,2009-03-16,2009-03-22,OK
8,3,Belinda Carlisle,Belinda Carlisle,6,3,238,2009-03-23,2009-03-29,OK
8,4,Belinda Carlisle,Belinda Carlisle,25,5,240,2009-03-30,2009-04-05,OK
8,5,Belinda Carlisle,Belinda Carlisle,2,2,0,2009-04-06,2009-04-12,OK
8,6,Belinda Carlisle,Belinda Carlisle,5,5,287,2009-04-13,2009-04-19,OK
8,7,Belinda Carlisle,Belinda Carlisle,1,1,0,2009-04-20,2009-04-26,OK
8,8,Belinda Carlisle,Belinda Carlisle,11,8,-772,2009-04-27,2009-05-03,OK
8,9,Belinda Carlisle,Belinda Carlisle,2,2,0,2009-05-04,2009-05-10,OK
8,10,Belinda Carlisle,Belinda Carlisle,3,3,0,2009-05-11,2009-05-17,OK
8,11,Belinda Carlisle,Belinda Carlisle,1,1,0,2009-05-18,2009-05-24,OK
8,1,Chuck Wicks,Chuck Wicks,9,5,457,2009-03-09,2009-03-15,OK
8,2,Chuck Wicks,Chuck Wicks,8,6,-53,2009-03-16,2009-03-22,OK
8,3,Chuck Wicks,Chuck Wicks,4,4,8,2009-03-23,2009-03-29,OK
8,4,Chuck Wicks,Chuck Wicks,1,1,0,2009-03-30,2009-04-05,OK
8,5,Chuck Wicks,Chuck Wicks,15,8,-21,2009-04-06,2009-04-12,OK
8,6,Chuck Wicks,Chuck Wicks,6,5,16,2009-04-13,2009-04-19,OK
8,7,Chuck Wicks,Chuck Wicks,7,4,-4,2009-04-20,2009-04-26,OK
8,8,Chuck Wicks,Chuck Wicks,18,16,164,2009-04-27,2009-05-03,OK
8,9,Chuck Wicks,Chuck Wicks,7,2,178,2009-05-04,2009-05-10,OK
8,10,Chuck Wicks,Chuck Wicks,6,6,-4,2009-05-11,2009-05-17,OK
8,11,Chuck Wicks,Chuck Wicks,6,5,-207,2009-05-18,2009-05-24,OK
8,1,David Alan Grier,David Alan Grier,3,2,54,2009-03-09,2009-03-15,OK
8,2,David Alan Grier,David Alan Grier,0,0,0,2009-03-16,2009-03-22,OK
8,3,David Alan Grier,David Alan Grier,3,3,0,2009-03-23,2009-03-29,OK
8,4,David Alan Grier,David Alan Grier,3,3,252,2009-03-30,2009-04-05,OK
8,5,David Alan Grier,David Alan Grier,4,3,4,2009-04-06,2009-04-12,OK
8,6,David Alan Grier,David Alan Grier,1,1,0,2009-04-13,2009-04-19,OK
8,7,David Alan Grier,David Alan Grier,1,1,0,2009-04-20,2009-04-26,OK
8,8,David Alan Grier,David Alan Grier,0,0,0,2009-04-27,2009-05-03,OK
8,9,David Alan Grier,David Alan Grier,2,2,0,2009-05-04,2009-05-10,OK
8,10,David Alan Grier,David Alan Grier,9,3,29,2009-05-11,2009-05-17,OK
8,11,David Alan Grier,David Alan Grier,2,2,0,2009-05-18,2009-05-24,OK
8,1,Denise Richards,Denise Richards,15,9,-859,2009-03-09,2009-03-15,OK
8,2,Denise Richards,Denise Richards,18,10,-299,2009-03-16,2009-03-22,OK
8,3,Denise Richards,Denise Richards,8,8,214,2009-03-23,2009-03-29,OK
8,4,Denise Richards,Denise Richards,7,7,0,2009-03-30,2009-04-05,OK
8,5,Denise Richards,Denise Richards,2,2,0,2009-04-06,2009-04-12,OK
8,6,Denise Richards,Denise Richards,1,1,0,2009-04-13,2009-04-19,OK
8,7,Denise Richards,Denise Richards,6,6,-10,2009-04-20,2009-04-26,OK
8,8,Denise Richards,Denise Richards,5,4,-28,2009-04-27,2009-05-03,OK
8,9,Denise Richards,Denise Richards,10,7,-173,2009-05-04,2009-05-10,OK
8,10,Denise Richards,Denise Richards,5,4,-69,2009-05-11,2009-05-17,OK
8,11,Denise Richards,Denise Richards,0,0,0,2009-05-18,2009-05-24,OK
8,1,Gilles Marini,Gilles Marini,2,2,15,2009-03-09,2009-03-15,OK
8,2,Gilles Marini,Gilles Marini,0,0,0,2009-03-16,2009-03-22,OK
8,3,Gilles Marini,Gilles Marini,1,1,0,2009-03-23,2009-03-29,OK
8,4,Gilles Marini,Gilles Marini,8,7,229,2009-03-30,2009-04-05,OK
8,5,Gilles Marini,Gilles Marini,6,5,23,2009-04-06,2009-04-12,OK
8,6,Gilles Marini,Gilles Marini,5,4,-16,2009-04-13,2009-04-19,OK
8,7,Gilles Marini,Gilles Marini,0,0,0,2009-04-20,2009-04-26,OK
8,8,Gilles Marini,Gilles Marini,0,0,0,2009-04-27,2009-05-03,OK
8,9,Gilles Marini,Gilles Marini,14,9,-100,2009-05-04,2009-05-10,OK
8,10,Gilles Marini,Gilles Marini,16,11,-1339,2009-05-11,2009-05-17,OK
8,11,Gilles Marini,Gilles Marini,18,12,197,2009-05-18,2009-05-24,OK
8,1,Holly Madison,Holly Madison,21,15,52,2009-03-09,2009-03-15,OK
8,2,Holly Madison,Holly Madison,9,7,-66,2009-03-16,2009-03-22,OK
8,3,Holly Madison,Holly Madison,11,10,-139,2009-03-23,2009-03-29,OK
8,4,Holly Madison,Holly Madison,6,6,-347,2009-03-30,2009-04-05,OK
8,5,Holly Madison,Holly Madison,6,6,-102,2009-04-06,2009-04-12,OK
8,6,Holly Madison,Holly Madison,5,4,-25,2009-04-13,2009-04-19,OK
8,7,Holly Madison,Holly Madison,0,0,0,2009-04-20,2009-04-26,OK
8,8,Holly Madison,Holly Madison,5,4,-7,2009-04-27,2009-05-03,OK
8,9,Holly Madison,Holly Madison,3,3,0,2009-05-04,2009-05-10,OK
8,10,Holly Madison,Holly Madison,13,11,136,2009-05-11,2009-05-17,OK
8,11,Holly Madison,Holly Madison,7,5,-114,2009-05-18,2009-05-24,OK
8,1,Lawrence Taylor,Lawrence Taylor,4,3,0,2009-03-09,2009-03-15,OK
8,2,Lawrence Taylor,Lawrence Taylor,3,3,4,2009-03-16,2009-03-22,OK
8,3,Lawrence Taylor,Lawrence Taylor,0,0,0,2009-03-23,2009-03-29,OK
8,4,Lawrence Taylor,Lawrence Taylor,2,2,0,2009-03-30,2009-04-05,OK
8,5,Lawrence Taylor,Lawrence Taylor,8,5,-3,2009-04-06,2009-04-12,OK
8,6,Lawrence Taylor,Lawrence Taylor,1,1,0,2009-04-13,2009-04-19,OK
8,7,Lawrence Taylor,Lawrence Taylor,8,8,216,2009-04-20,2009-04-26,OK
8,8,Lawrence Taylor,Lawrence Taylor,0,0,0,2009-04-27,2009-05-03,OK
8,9,Lawrence Taylor,Lawrence Taylor,2,2,0,2009-05-04,2009-05-10,OK
8,10,Lawrence Taylor,Lawrence Taylor,1,1,0,2009-05-11,2009-05-17,OK
8,11,Lawrence Taylor,Lawrence Taylor,0,0,0,2009-05-18,2009-05-24,OK
8,1,Lil' Kim,Lil' Kim,3,3,-13,2009-03-09,2009-03-15,OK
8,2,Lil' Kim,Lil' Kim,13,5,-2104,2009-03-16,2009-03-22,OK
8,3,Lil' Kim,Lil' Kim,0,0,0,2009-03-23,2009-03-29,OK
8,4,Lil' Kim,Lil' Kim,10,2,-1182,2009-03-30,2009-04-05,OK
8,5,Lil' Kim,Lil' Kim,24,17,138,2009-04-06,2009-04-12,OK
8,6,Lil' Kim,Lil' Kim,45,32,-852,2009-04-13,2009-04-19,OK
8,7,Lil' Kim,Lil' Kim,34,21,88,2009-04-20,2009-04-26,OK
8,8,Lil' Kim,Lil' Kim,32,25,237,2009-04-27,2009-05-03,OK
8,9,Lil' Kim,Lil' Kim,63,36,139,2009-05-04,2009-05-10,OK
8,10,Lil' Kim,Lil' Kim,1,1,0,2009-05-11,2009-05-17,OK
8,11,Lil' Kim,Lil' Kim,5,1,93,2009-05-18,2009-05-24,OK
8,1,Melissa Rycroft,Melissa Rycroft,55,19,-3,2009-03-09,2009-03-15,OK
8,2,Melissa Rycroft,Melissa Rycroft,12,9,-4,2009-03-16,2009-03-22,OK
8,3,Melissa Rycroft,Melissa Rycroft,9,4,-5,2009-03-23,2009-03-29,OK
8,4,Melissa Rycroft,Melissa Rycroft,15,9,117,2009-03-30,2009-04-05,OK
8,5,Melissa Rycroft,Melissa Rycroft,14,9,32,2009-04-06,2009-04-12,OK
8,6,Melissa Rycroft,Melissa Rycroft,14,8,-20,2009-04-13,2009-04-19,OK
8,7,Melissa Rycroft,Melissa Rycroft,7,2,64,2009-04-20,2009-04-26,OK
8,8,Melissa Rycroft,Melissa Rycroft,36,25,-702,2009-04-27,2009-05-03,OK
8,9,Melissa Rycroft,Melissa Rycroft,29,13,-88,2009-05-04,2009-05-10,OK
8,10,Melissa Rycroft,Melissa Rycroft,29,9,-376,2009-05-11,2009-05-17,OK
8,11,Melissa Rycroft,Melissa Rycroft,41,21,219,2009-05-18,2009-05-24,OK
8,1,Shawn Johnson,Shawn Johnson East,36,22,-185,2009-03-09,2009-03-15,OK
8,2,Shawn Johnson,Shawn Johnson East,4,3,177,2009-03-16,2009-03-22,OK
8,3,Shawn Johnson,Shawn Johnson East,54,34,-469,2009-03-23,2009-03-29,OK
8,4,Shawn Johnson,Shawn Johnson East,8,3,213,2009-03-30,2009-04-05,OK
8,5,Shawn Johnson,Shawn Johnson East,21,15,-164,2009-04-06,2009-04-12,OK
8,6,Shawn Johnson,Shawn Johnson East,36,22,-650,2009-04-13,2009-04-19,OK
8,7,Shawn Johnson,Shawn Johnson East,3,2,0,2009-04-20,2009-04-26,OK
8,8,Shawn Johnson,Shawn Johnson East,2,1,0,2009-04-27,2009-05-03,OK
8,9,Shawn Johnson,Shawn Johnson East,1,1,0,2009-05-04,2009-05-10,OK
8,10,Shawn Johnson,Shawn Johnson East,3,2,0,2009-05-11,2009-05-17,OK
8,11,Shawn Johnson,Shawn Johnson East,22,12,169,2009-05-18,2009-05-24,OK
8,1,Steve Wozniak,Steve Wozniak,25,20,269,2009-03-09,2009-03-15,OK
8,2,Steve Wozniak,Steve Wozniak,25,15,616,2009-03-16,2009-03-22,OK
8,3,Steve Wozniak,Steve Wozniak,37,23,-2,2009-03-23,2009-03-29,OK
8,4,Steve Wozniak,Steve Wozniak,30,20,1456,2009-03-30,2009-04-05,OK
8,5,Steve Wozniak,Steve Wozniak,9,7,4976,2009-04-06,2009-04-12,OK
8,6,Steve Wozniak,Steve Wozniak,6,6,-56,2009-04-13,2009-04-19,OK
8,7,Steve Wozniak,Steve Wozniak,9,7,-48,2009-04-20,2009-04-26,OK
8,8,Steve Wozniak,Steve Wozniak,11,5,-2,2009-04-27,2009-05-03,OK
8,9,Steve Wozniak,Steve Wozniak,2,2,0,2009-05-04,2009-05-10,OK
8,10,Steve Wozniak,Steve Wozniak,13,10,20,2009-05-11,2009-05-17,OK
8,11,Steve Wozniak,Steve Wozniak,12,9,-1,2009-05-18,2009-05-24,OK
8,1,Steve-O,Steve-O,3,3,14,2009-03-09,2009-03-15,OK
8,2,Steve-O,Steve-O,1,1,0,2009-03-16,2009-03-22,OK
8,3,Steve-O,Steve-O,1,1,0,2009-03-23,2009-03-29,OK
8,4,Steve-O,Steve-O,7,3,569,2009-03-30,2009-04-05,OK
8,5,Steve-O,Steve-O,4,2,483,2009-04-06,2009-04-12,OK
8,6,Steve-O,Steve-O,0,0,0,2009-04-13,2009-04-19,OK
8,7,Steve-O,Steve-O,3,2,0,2009-04-20,2009-04-26,OK
8,8,Steve-O,Steve-O,0,0,0,2009-04-27,2009-05-03,OK
8,9,Steve-O,Steve-O,6,3,-56,2009-05-04,2009-05-10,OK
8,10,Steve-O,Steve-O,3,3,0,2009-05-11,2009-05-17,OK
8,11,Steve-O,Steve-O,2,2,0,2009-05-18,2009-05-24,OK
8,1,Ty Murray,Ty Murray,9,8,130,2009-03-09,2009-03-15,OK
8,2,Ty Murray,Ty Murray,5,3,-16,2009-03-16,2009-03-22,OK
8,3,Ty Murray,Ty Murray,0,0,0,2009-03-23,2009-03-29,OK
8,4,Ty Murray,Ty Murray,0,0,0,2009-03-30,2009-04-05,OK
8,5,Ty Murray,Ty Murray,0,0,0,2009-04-06,2009-04-12,OK
8,6,Ty Murray,Ty Murray,0,0,0,2009-04-13,2009-04-19,OK
8,7,Ty Murray,Ty Murray,6,3,756,2009-04-20,2009-04-26,OK
8,8,Ty Murray,Ty Murray,14,6,-112,2009-04-27,2009-05-03,OK
8,9,Ty Murray,Ty Murray,25,14,-166,2009-05-04,2009-05-10,OK
8,10,Ty Murray,Ty Murray,32,13,-782,2009-05-11,2009-05-17,OK
8,11,Ty Murray,Ty Murray,0,0,0,2009-05-18,2009-05-24,OK
9,1,Aaron Carter,Aaron Carter,4,3,-1,2009-09-21,2009-09-27,OK
9,2,Aaron Carter,Aaron Carter,0,0,0,2009-09-28,2009-10-04,OK
9,3,Aaron Carter,Aaron Carter,0,0,0,2009-10-05,2009-10-11,OK
9,4,Aaron Carter,Aaron Carter,1,1,0,2009-10-12,2009-10-18,OK
9,5,Aaron Carter,Aaron Carter,3,2,-3,2009-10-19,2009-10-25,OK
9,6,Aaron Carter,Aaron Carter,1,1,0,2009-10-26,2009-11-01,OK
9,7,Aaron Carter,Aaron Carter,1,1,0,2009-11-02,2009-11-08,OK
9,8,Aaron Carter,Aaron Carter,3,3,0,2009-11-09,2009-11-15,OK
9,9,Aaron Carter,Aaron Carter,3,1,117,2009-11-16,2009-11-22,OK
9,10,Aaron Carter,Aaron Carter,5,4,15,2009-11-23,2009-11-29,OK
9,1,Ashley Hamiliton,Ashley Hamilton,8,4,1033,2009-09-21,2009-09-27,OK
9,2,Ashley Hamiliton,Ashley Hamilton,0,0,0,2009-09-28,2009-10-04,OK
9,3,Ashley Hamiliton,Ashley Hamilton,0,0,0,2009-10-05,2009-10-11,OK
9,4,Ashley Hamiliton,Ashley Hamilton,1,1,0,2009-10-12,2009-10-18,OK
9,5,Ashley Hamiliton,Ashley Hamilton,1,1,0,2009-10-19,2009-10-25,OK
9,6,Ashley Hamiliton,Ashley Hamilton,0,0,0,2009-10-26,2009-11-01,OK
9,7,Ashley Hamiliton,Ashley Hamilton,0,0,0,2009-11-02,2009-11-08,OK
9,8,Ashley Hamiliton,Ashley Hamilton,0,0,0,2009-11-09,2009-11-15,OK
9,9,Ashley Hamiliton,Ashley Hamilton,0,0,0,2009-11-16,2009-11-22,OK
9,10,Ashley Hamiliton,Ashley Hamilton,0,0,0,2009-11-23,2009-11-29,OK
9,1,Chuck Liddell,Chuck Liddell,4,2,4,2009-09-21,2009-09-27,OK
9,2,Chuck Liddell,Chuck Liddell,1,1,0,2009-09-28,2009-10-04,OK
9,3,Chuck Liddell,Chuck Liddell,4,2,124,2009-10-05,2009-10-11,OK
9,4,Chuck Liddell,Chuck Liddell,0,0,0,2009-10-12,2009-10-18,OK
9,5,Chuck Liddell,Chuck Liddell,2,2,0,2009-10-19,2009-10-25,OK
9,6,Chuck Liddell,Chuck Liddell,0,0,0,2009-10-26,2009-11-01,OK
9,7,Chuck Liddell,Chuck Liddell,3,3,-432,2009-11-02,2009-11-08,OK
9,8,Chuck Liddell,Chuck Liddell,0,0,0,2009-11-09,2009-11-15,OK
9,9,Chuck Liddell,Chuck Liddell,5,2,-13,2009-11-16,2009-11-22,OK
9,10,Chuck Liddell,Chuck Liddell,0,0,0,2009-11-23,2009-11-29,OK
9,1,Debi Mazar,Debi Mazar,6,5,-127,2009-09-21,2009-09-27,OK
9,2,Debi Mazar,Debi Mazar,1,1,0,2009-09-28,2009-10-04,OK
9,3,Debi Mazar,Debi Mazar,7,4,-29,2009-10-05,2009-10-11,OK
9,4,Debi Mazar,Debi Mazar,3,2,7,2009-10-12,2009-10-18,OK
9,5,Debi Mazar,Debi Mazar,11,5,-315,2009-10-19,2009-10-25,OK
9,6,Debi Mazar,Debi Mazar,2,2,96,2009-10-26,2009-11-01,OK
9,7,Debi Mazar,Debi Mazar,1,1,0,2009-11-02,2009-11-08,OK
9,8,Debi Mazar,Debi Mazar,5,3,-6,2009-11-09,2009-11-15,OK
9,9,Debi Mazar,Debi Mazar,3,3,-124,2009-11-16,2009-11-22,OK
9,10,Debi Mazar,Debi Mazar,3,3,-33,2009-11-23,2009-11-29,OK
9,1,Donny Osmond,Donny Osmond,2,1,-2,2009-09-21,2009-09-27,OK
9,2,Donny Osmond,Donny Osmond,4,3,36,2009-09-28,2009-10-04,OK
9,3,Donny Osmond,Donny Osmond,12,12,-102,2009-10-05,2009-10-11,OK
9,4,Donny Osmond,Donny Osmond,4,4,-57,2009-10-12,2009-10-18,OK
9,5,Donny Osmond,Donny Osmond,5,5,-125,2009-10-19,2009-10-25,OK
9,6,Donny Osmond,Donny Osmond,3,3,0,2009-10-26,2009-11-01,OK
9,7,Donny Osmond,Donny Osmond,4,2,-82,2009-11-02,2009-11-08,OK
9,8,Donny Osmond,Donny Osmond,2,2,0,2009-11-09,2009-11-15,OK
9,9,Donny Osmond,Donny Osmond,16,13,-52,2009-11-16,2009-11-22,OK
9,10,Donny Osmond,Donny Osmond,53,37,-34,2009-11-23,2009-11-29,OK
9,1,Joanna Krupa,Joanna Krupa,12,6,1554,2009-09-21,2009-09-27,OK
9,2,Joanna Krupa,Joanna Krupa,1,1,0,2009-09-28,2009-10-04,OK
9,3,Joanna Krupa,Joanna Krupa,3,2,1285,2009-10-05,2009-10-11,OK
9,4,Joanna Krupa,Joanna Krupa,22,7,64,2009-10-12,2009-10-18,OK
9,5,Joanna Krupa,Joanna Krupa,6,3,3,2009-10-19,2009-10-25,OK
9,6,Joanna Krupa,Joanna Krupa,16,8,-240,2009-10-26,2009-11-01,OK
9,7,Joanna Krupa,Joanna Krupa,11,9,-91,2009-11-02,2009-11-08,OK
9,8,Joanna Krupa,Joanna Krupa,13,5,48,2009-11-09,2009-11-15,OK
9,9,Joanna Krupa,Joanna Krupa,45,21,1349,2009-11-16,2009-11-22,OK
9,10,Joanna Krupa,Joanna Krupa,3,2,1,2009-11-23,2009-11-29,OK
9,1,Kathy Ireland,Kathy Ireland,18,10,188,2009-09-21,2009-09-27,OK
9,2,Kathy Ireland,Kathy Ireland,2,2,52,2009-09-28,2009-10-04,OK
9,3,Kathy Ireland,Kathy Ireland,2,2,0,2009-10-05,2009-10-11,OK
9,4,Kathy Ireland,Kathy Ireland,3,2,-10,2009-10-12,2009-10-18,OK
9,5,Kathy Ireland,Kathy Ireland,3,2,37,2009-10-19,2009-10-25,OK
9,6,Kathy Ireland,Kathy Ireland,0,0,0,2009-10-26,2009-11-01,OK
9,7,Kathy Ireland,Kathy Ireland,0,0,0,2009-11-02,2009-11-08,OK
9,8,Kathy Ireland,Kathy Ireland,0,0,0,2009-11-09,2009-11-15,OK
9,9,Kathy Ireland,Kathy Ireland,2,1,12,2009-11-16,2009-11-22,OK
9,10,Kathy Ireland,Kathy Ireland,0,0,0,2009-11-23,2009-11-29,OK
9,1,Kelly Osbourne,Kelly Osbourne,23,19,-46,2009-09-21,2009-09-27,OK
9,2,Kelly Osbourne,Kelly Osbourne,5,5,-17,2009-09-28,2009-10-04,OK
9,3,Kelly Osbourne,Kelly Osbourne,4,3,-19,2009-10-05,2009-10-11,OK
9,4,Kelly Osbourne,Kelly Osbourne,6,6,87,2009-10-12,2009-10-18,OK
9,5,Kelly Osbourne,Kelly Osbourne,8,5,-702,2009-10-19,2009-10-25,OK
9,6,Kelly Osbourne,Kelly Osbourne,11,8,-36,2009-10-26,2009-11-01,OK
9,7,Kelly Osbourne,Kelly Osbourne,1,1,0,2009-11-02,2009-11-08,OK
9,8,Kelly Osbourne,Kelly Osbourne,2,2,0,2009-11-09,2009-11-15,OK
9,9,Kelly Osbourne,Kelly Osbourne,12,10,-343,2009-11-16,2009-11-22,OK
9,10,Kelly Osbourne,Kelly Osbourne,19,12,-1570,2009-11-23,2009-11-29,OK
9,1,Louie Vito,Louie Vito,7,5,48,2009-09-21,2009-09-27,OK
9,2,Louie Vito,Louie Vito,13,5,1330,2009-09-28,2009-10-04,OK
9,3,Louie Vito,Louie Vito,6,2,-33,2009-10-05,2009-10-11,OK
9,4,Louie Vito,Louie Vito,5,5,1,2009-10-12,2009-10-18,OK
9,5,Louie Vito,Louie Vito,23,10,-1107,2009-10-19,2009-10-25,OK
9,6,Louie Vito,Louie Vito,14,7,716,2009-10-26,2009-11-01,OK
9,7,Louie Vito,Louie Vito,4,3,-106,2009-11-02,2009-11-08,OK
9,8,Louie Vito,Louie Vito,0,0,0,2009-11-09,2009-11-15,OK
9,9,Louie Vito,Louie Vito,2,2,81,2009-11-16,2009-11-22,OK
9,10,Louie Vito,Louie Vito,1,1,0,2009-11-23,2009-11-29,OK
9,1,Macy Gray,Macy Gray,16,7,-21,2009-09-21,2009-09-27,OK
9,2,Macy Gray,Macy Gray,1,1,0,2009-09-28,2009-10-04,OK
9,3,Macy Gray,Macy Gray,0,0,0,2009-10-05,2009-10-11,OK
9,4,Macy Gray,Macy Gray,4,3,-74,2009-10-12,2009-10-18,OK
9,5,Macy Gray,Macy Gray,5,5,0,2009-10-19,2009-10-25,OK
9,6,Macy Gray,Macy Gray,0,0,0,2009-10-26,2009-11-01,OK
9,7,Macy Gray,Macy Gray,1,1,0,2009-11-02,2009-11-08,OK
9,8,Macy Gray,Macy Gray,2,2,-8,2009-11-09,2009-11-15,OK
9,9,Macy Gray,Macy Gray,2,1,0,2009-11-16,2009-11-22,OK
9,10,Macy Gray,Macy Gray,0,0,0,2009-11-23,2009-11-29,OK
9,1,Mark Dacascos,Mark Dacascos,8,3,69,2009-09-21,2009-09-27,OK
9,2,Mark Dacascos,Mark Dacascos,3,1,-9,2009-09-28,2009-10-04,OK
9,3,Mark Dacascos,Mark Dacascos,5,3,32,2009-10-05,2009-10-11,OK
9,4,Mark Dacascos,Mark Dacascos,0,0,0,2009-10-12,2009-10-18,OK
9,5,Mark Dacascos,Mark Dacascos,1,1,0,2009-10-19,2009-10-25,OK
9,6,Mark Dacascos,Mark Dacascos,2,2,0,2009-10-26,2009-11-01,OK
9,7,Mark Dacascos,Mark Dacascos,1,1,0,2009-11-02,2009-11-08,OK
9,8,Mark Dacascos,Mark Dacascos,6,2,-131,2009-11-09,2009-11-15,OK
9,9,Mark Dacascos,Mark Dacascos,2,2,0,2009-11-16,2009-11-22,OK
9,10,Mark Dacascos,Mark Dacascos,0,0,0,2009-11-23,2009-11-29,OK
9,1,Melissa Joan Hart,Melissa Joan Hart,11,5,-93,2009-09-21,2009-09-27,OK
9,2,Melissa Joan Hart,Melissa Joan Hart,3,3,-2,2009-09-28,2009-10-04,OK
9,3,Melissa Joan Hart,Melissa Joan Hart,6,5,31,2009-10-05,2009-10-11,OK
9,4,Melissa Joan Hart,Melissa Joan Hart,10,8,485,2009-10-12,2009-10-18,OK
9,5,Melissa Joan Hart,Melissa Joan Hart,8,3,382,2009-10-19,2009-10-25,OK
9,6,Melissa Joan Hart,Melissa Joan Hart,13,8,784,2009-10-26,2009-11-01,OK
9,7,Melissa Joan Hart,Melissa Joan Hart,5,5,-153,2009-11-02,2009-11-08,OK
9,8,Melissa Joan Hart,Melissa Joan Hart,2,2,0,2009-11-09,2009-11-15,OK
9,9,Melissa Joan Hart,Melissa Joan Hart,0,0,0,2009-11-16,2009-11-22,OK
9,10,Melissa Joan Hart,Melissa Joan Hart,2,2,4,2009-11-23,2009-11-29,OK
9,1,Michael Irvin,Michael Irvin,3,3,38,2009-09-21,2009-09-27,OK
9,2,Michael Irvin,Michael Irvin,3,3,-32,2009-09-28,2009-10-04,OK
9,3,Michael Irvin,Michael Irvin,0,0,0,2009-10-05,2009-10-11,OK
9,4,Michael Irvin,Michael Irvin,1,1,0,2009-10-12,2009-10-18,OK
9,5,Michael Irvin,Michael Irvin,0,0,0,2009-10-19,2009-10-25,OK
9,6,Michael Irvin,Michael Irvin,0,0,0,2009-10-26,2009-11-01,OK
9,7,Michael Irvin,Michael Irvin,9,6,-722,2009-11-02,2009-11-08,OK
9,8,Michael Irvin,Michael Irvin,1,1,0,2009-11-09,2009-11-15,OK
9,9,Michael Irvin,Michael Irvin,2,2,-5,2009-11-16,2009-11-22,OK
9,10,Michael Irvin,Michael Irvin,2,2,-127,2009-11-23,2009-11-29,OK
9,1,Mya,Mya (singer),7,5,-35,2009-09-21,2009-09-27,OK
9,2,Mya,Mya (singer),23,13,75,2009-09-28,2009-10-04,OK
9,3,Mya,Mya (singer),11,6,-205,2009-10-05,2009-10-11,OK
9,4,Mya,Mya (singer),13,7,-205,2009-10-12,2009-10-18,OK
9,5,Mya,Mya (singer),34,13,-757,2009-10-19,2009-10-25,OK
9,6,Mya,Mya (singer),13,11,-127,2009-10-26,2009-11-01,OK
9,7,Mya,Mya (singer),8,5,-5,2009-11-02,2009-11-08,OK
9,8,Mya,Mya (singer),4,3,0,2009-11-09,2009-11-15,OK
9,9,Mya,Mya (singer),3,3,-69,2009-11-16,2009-11-22,OK
9,10,Mya,Mya (singer),22,17,2846,2009-11-23,2009-11-29,OK
9,1,Natalie Coughlin,Natalie Coughlin,3,3,139,2009-09-21,2009-09-27,OK
9,2,Natalie Coughlin,Natalie Coughlin,0,0,0,2009-09-28,2009-10-04,OK
9,3,Natalie Coughlin,Natalie Coughlin,0,0,0,2009-10-05,2009-10-11,OK
9,4,Natalie Coughlin,Natalie Coughlin,2,2,-9,2009-10-12,2009-10-18,OK
9,5,Natalie Coughlin,Natalie Coughlin,4,2,47,2009-10-19,2009-10-25,OK
9,6,Natalie Coughlin,Natalie Coughlin,8,5,0,2009-10-26,2009-11-01,OK
9,7,Natalie Coughlin,Natalie Coughlin,2,2,0,2009-11-02,2009-11-08,OK
9,8,Natalie Coughlin,Natalie Coughlin,1,1,0,2009-11-09,2009-11-15,OK
9,9,Natalie Coughlin,Natalie Coughlin,0,0,0,2009-11-16,2009-11-22,OK
9,10,Natalie Coughlin,Natalie Coughlin,1,1,0,2009-11-23,2009-11-29,OK
9,1,Tom DeLay,Tom DeLay,60,17,295,2009-09-21,2009-09-27,OK
9,2,Tom DeLay,Tom DeLay,174,9,1337,2009-09-28,2009-10-04,OK
9,3,Tom DeLay,Tom DeLay,119,20,-9945,2009-10-05,2009-10-11,OK
9,4,Tom DeLay,Tom DeLay,20,3,168,2009-10-12,2009-10-18,OK
9,5,Tom DeLay,Tom DeLay,16,6,32,2009-10-19,2009-10-25,OK
9,6,Tom DeLay,Tom DeLay,8,5,-6,2009-10-26,2009-11-01,OK
9,7,Tom DeLay,Tom DeLay,2,2,3935,2009-11-02,2009-11-08,OK
9,8,Tom DeLay,Tom DeLay,0,0,0,2009-11-09,2009-11-15,OK
9,9,Tom DeLay,Tom DeLay,2,2,0,2009-11-16,2009-11-22,OK
9,10,Tom DeLay,Tom DeLay,3,3,0,2009-11-23,2009-11-29,OK
10,1,Aiden Turner,Aiden Turner,6,5,41,2010-03-22,2010-03-28,OK
10,2,Aiden Turner,Aiden Turner,5,1,-7,2010-03-29,2010-04-04,OK
10,3,Aiden Turner,Aiden Turner,1,1,0,2010-04-05,2010-04-11,OK
10,4,Aiden Turner,Aiden Turner,6,5,127,2010-04-12,2010-04-18,OK
10,5,Aiden Turner,Aiden Turner,0,0,0,2010-04-19,2010-04-25,OK
10,6,Aiden Turner,Aiden Turner,0,0,0,2010-04-26,2010-05-02,OK
10,7,Aiden Turner,Aiden Turner,0,0,0,2010-05-03,2010-05-09,OK
10,8,Aiden Turner,Aiden Turner,0,0,0,2010-05-10,2010-05-16,OK
10,9,Aiden Turner,Aiden Turner,0,0,0,2010-05-17,2010-05-23,OK
10,10,Aiden Turner,Aiden Turner,3,2,-6,2010-05-24,2010-05-30,OK
10,1,Buzz Aldrin,Buzz Aldrin,7,3,424,2010-03-22,2010-03-28,OK
10,2,Buzz Aldrin,Buzz Aldrin,1,1,0,2010-03-29,2010-04-04,OK
10,3,Buzz Aldrin,Buzz Aldrin,3,3,0,2010-04-05,2010-04-11,OK
10,4,Buzz Aldrin,Buzz Aldrin,5,3,-68,2010-04-12,2010-04-18,OK
10,5,Buzz Aldrin,Buzz Aldrin,0,0,0,2010-04-19,2010-04-25,OK
10,6,Buzz Aldrin,Buzz Aldrin,1,1,0,2010-04-26,2010-05-02,OK
10,7,Buzz Aldrin,Buzz Aldrin,7,6,9,2010-05-03,2010-05-09,OK
10,8,Buzz Aldrin,Buzz Aldrin,2,2,-1060,2010-05-10,2010-05-16,OK
10,9,Buzz Aldrin,Buzz Aldrin,11,8,-23,2010-05-17,2010-05-23,OK
10,10,Buzz Aldrin,Buzz Aldrin,10,6,-90,2010-05-24,2010-05-30,OK
10,1,Chad Ochocinco,Chad Johnson,2,2,22,2010-03-22,2010-03-28,OK
10,2,Chad Ochocinco,Chad Johnson,23,13,165,2010-03-29,2010-04-04,OK
10,3,Chad Ochocinco,Chad Johnson,15,10,-263,2010-04-05,2010-04-11,OK
10,4,Chad Ochocinco,Chad Johnson,31,19,-1190,2010-04-12,2010-04-18,OK
10,5,Chad Ochocinco,Chad Johnson,10,9,9,2010-04-19,2010-04-25,OK
10,6,Chad Ochocinco,Chad Johnson,17,10,62,2010-04-26,2010-05-02,OK
10,7,Chad Ochocinco,Chad Johnson,2,2,0,2010-05-03,2010-05-09,OK
10,8,Chad Ochocinco,Chad Johnson,26,17,7,2010-05-10,2010-05-16,OK
10,9,Chad Ochocinco,Chad Johnson,23,16,-30,2010-05-17,2010-05-23,OK
10,10,Chad Ochocinco,Chad Johnson,21,13,112,2010-05-24,2010-05-30,OK
10,1,Erin Andrews,Erin Andrews,1,1,0,2010-03-22,2010-03-28,OK
10,2,Erin Andrews,Erin Andrews,9,4,799,2010-03-29,2010-04-04,OK
10,3,Erin Andrews,Erin Andrews,8,5,305,2010-04-05,2010-04-11,OK
10,4,Erin Andrews,Erin Andrews,5,5,22,2010-04-12,2010-04-18,OK
10,5,Erin Andrews,Erin Andrews,7,6,41,2010-04-19,2010-04-25,OK
10,6,Erin Andrews,Erin Andrews,16,10,-81,2010-04-26,2010-05-02,OK
10,7,Erin Andrews,Erin Andrews,6,6,-885,2010-05-03,2010-05-09,OK
10,8,Erin Andrews,Erin Andrews,8,6,-126,2010-05-10,2010-05-16,OK
10,9,Erin Andrews,Erin Andrews,10,7,-1685,2010-05-17,2010-05-23,OK
10,10,Erin Andrews,Erin Andrews,12,8,490,2010-05-24,2010-05-30,OK
10,1,Evan Lysacek,Evan Lysacek,15,10,322,2010-03-22,2010-03-28,OK
10,2,Evan Lysacek,Evan Lysacek,8,4,107,2010-03-29,2010-04-04,OK
10,3,Evan Lysacek,Evan Lysacek,10,7,-295,2010-04-05,2010-04-11,OK
10,4,Evan Lysacek,Evan Lysacek,27,11,-279,2010-04-12,2010-04-18,OK
10,5,Evan Lysacek,Evan Lysacek,6,5,3,2010-04-19,2010-04-25,OK
10,6,Evan Lysacek,Evan Lysacek,21,9,357,2010-04-26,2010-05-02,OK
10,7,Evan Lysacek,Evan Lysacek,26,13,-34,2010-05-03,2010-05-09,OK
10,8,Evan Lysacek,Evan Lysacek,10,5,339,2010-05-10,2010-05-16,OK
10,9,Evan Lysacek,Evan Lysacek,10,8,-2921,2010-05-17,2010-05-23,OK
10,10,Evan Lysacek,Evan Lysacek,15,5,-58,2010-05-24,2010-05-30,OK
10,1,Jake Pavelka,Jake Pavelka,0,0,0,2010-03-22,2010-03-28,OK
10,2,Jake Pavelka,Jake Pavelka,2,2,0,2010-03-29,2010-04-04,OK
10,3,Jake Pavelka,Jake Pavelka,0,0,0,2010-04-05,2010-04-11,OK
10,4,Jake Pavelka,Jake Pavelka,0,0,0,2010-04-12,2010-04-18,OK
10,5,Jake Pavelka,Jake Pavelka,0,0,0,2010-04-19,2010-04-25,OK
10,6,Jake Pavelka,Jake Pavelka,3,2,18,2010-04-26,2010-05-02,OK
10,7,Jake Pavelka,Jake Pavelka,0,0,0,2010-05-03,2010-05-09,OK
10,8,Jake Pavelka,Jake Pavelka,0,0,0,2010-05-10,2010-05-16,OK
10,9,Jake Pavelka,Jake Pavelka,0,0,0,2010-05-17,2010-05-23,OK
10,10,Jake Pavelka,Jake Pavelka,0,0,0,2010-05-24,2010-05-30,OK
10,1,Kate Gosselin,Kate Gosselin,27,18,18,2010-03-22,2010-03-28,OK
10,2,Kate Gosselin,Kate Gosselin,49,37,1845,2010-03-29,2010-04-04,OK
10,3,Kate Gosselin,Kate Gosselin,23,13,209,2010-04-05,2010-04-11,OK
10,4,Kate Gosselin,Kate Gosselin,10,6,631,2010-04-12,2010-04-18,OK
10,5,Kate Gosselin,Kate Gosselin,2,2,1,2010-04-19,2010-04-25,OK
10,6,Kate Gosselin,Kate Gosselin,1,1,0,2010-04-26,2010-05-02,OK
10,7,Kate Gosselin,Kate Gosselin,5,5,2896,2010-05-03,2010-05-09,OK
10,8,Kate Gosselin,Kate Gosselin,11,10,-442,2010-05-10,2010-05-16,OK
10,9,Kate Gosselin,Kate Gosselin,10,6,0,2010-05-17,2010-05-23,OK
10,10,Kate Gosselin,Kate Gosselin,22,10,420,2010-05-24,2010-05-30,OK
10,1,Nicole Scherzinger,Nicole Scherzinger,15,11,78,2010-03-22,2010-03-28,OK
10,2,Nicole Scherzinger,Nicole Scherzinger,14,12,-18,2010-03-29,2010-04-04,OK
10,3,Nicole Scherzinger,Nicole Scherzinger,30,21,12,2010-04-05,2010-04-11,OK
10,4,Nicole Scherzinger,Nicole Scherzinger,21,12,-19,2010-04-12,2010-04-18,OK
10,5,Nicole Scherzinger,Nicole Scherzinger,29,22,-963,2010-04-19,2010-04-25,OK
10,6,Nicole Scherzinger,Nicole Scherzinger,14,9,-376,2010-04-26,2010-05-02,OK
10,7,Nicole Scherzinger,Nicole Scherzinger,14,11,335,2010-05-03,2010-05-09,OK
10,8,Nicole Scherzinger,Nicole Scherzinger,21,14,-313,2010-05-10,2010-05-16,OK
10,9,Nicole Scherzinger,Nicole Scherzinger,45,20,88,2010-05-17,2010-05-23,OK
10,10,Nicole Scherzinger,Nicole Scherzinger,77,48,1771,2010-05-24,2010-05-30,OK
10,1,Niecy Nash,Niecy Nash,3,2,122,2010-03-22,2010-03-28,OK
10,2,Niecy Nash,Niecy Nash,1,1,0,2010-03-29,2010-04-04,OK
10,3,Niecy Nash,Niecy Nash,7,7,-15,2010-04-05,2010-04-11,OK
10,4,Niecy Nash,Niecy Nash,13,5,-1207,2010-04-12,2010-04-18,OK
10,5,Niecy Nash,Niecy Nash,12,5,-26,2010-04-19,2010-04-25,OK
10,6,Niecy Nash,Niecy Nash,6,4,-4,2010-04-26,2010-05-02,OK
10,7,Niecy Nash,Niecy Nash,8,4,-976,2010-05-03,2010-05-09,OK
10,8,Niecy Nash,Niecy Nash,9,8,-107,2010-05-10,2010-05-16,OK
10,9,Niecy Nash,Niecy Nash,0,0,0,2010-05-17,2010-05-23,OK
10,10,Niecy Nash,Niecy Nash,5,4,41,2010-05-24,2010-05-30,OK
10,1,Pamela Anderson,Pamela Anderson,40,26,93,2010-03-22,2010-03-28,OK
10,2,Pamela Anderson,Pamela Anderson,41,25,-490,2010-03-29,2010-04-04,OK
10,3,Pamela Anderson,Pamela Anderson,34,24,-389,2010-04-05,2010-04-11,OK
10,4,Pamela Anderson,Pamela Anderson,39,30,34539,2010-04-12,2010-04-18,OK
10,5,Pamela Anderson,Pamela Anderson,42,28,-381,2010-04-19,2010-04-25,OK
10,6,Pamela Anderson,Pamela Anderson,38,27,33602,2010-04-26,2010-05-02,OK
10,7,Pamela Anderson,Pamela Anderson,40,27,336,2010-05-03,2010-05-09,OK
10,8,Pamela Anderson,Pamela Anderson,31,26,-718,2010-05-10,2010-05-16,OK
10,9,Pamela Anderson,Pamela Anderson,30,21,34542,2010-05-17,2010-05-23,OK
10,10,Pamela Anderson,Pamela Anderson,15,12,-9422,2010-05-24,2010-05-30,OK
10,1,Shannen Doherty,Shannen Doherty,7,4,55,2010-03-22,2010-03-28,OK
10,2,Shannen Doherty,Shannen Doherty,10,9,-87,2010-03-29,2010-04-04,OK
10,3,Shannen Doherty,Shannen Doherty,15,9,205,2010-04-05,2010-04-11,OK
10,4,Shannen Doherty,Shannen Doherty,2,2,0,2010-04-12,2010-04-18,OK
10,5,Shannen Doherty,Shannen Doherty,3,2,24,2010-04-19,2010-04-25,OK
10,6,Shannen Doherty,Shannen Doherty,4,2,203,2010-04-26,2010-05-02,OK
10,7,Shannen Doherty,Shannen Doherty,35,4,-922,2010-05-03,2010-05-09,OK
10,8,Shannen Doherty,Shannen Doherty,2,2,20,2010-05-10,2010-05-16,OK
10,9,Shannen Doherty,Shannen Doherty,28,8,-45,2010-05-17,2010-05-23,OK
10,10,Shannen Doherty,Shannen Doherty,3,3,0,2010-05-24,2010-05-30,OK
11,1,Audrina Patridge,Audrina Patridge,13,9,6,2010-09-20,2010-09-26,OK
11,2,Audrina Patridge,Audrina Patridge,13,9,-213,2010-09-27,2010-10-03,OK
11,3,Audrina Patridge,Audrina Patridge,11,10,-36,2010-10-04,2010-10-10,OK
11,4,Audrina Patridge,Audrina Patridge,12,6,211,2010-10-11,2010-10-17,OK
11,5,Audrina Patridge,Audrina Patridge,4,4,654,2010-10-18,2010-10-24,OK
11,6,Audrina Patridge,Audrina Patridge,19,13,-3272,2010-10-25,2010-10-31,OK
11,7,Audrina Patridge,Audrina Patridge,0,0,0,2010-11-01,2010-11-07,OK
11,8,Audrina Patridge,Audrina Patridge,12,4,2502,2010-11-08,2010-11-14,OK
11,9,Audrina Patridge,Audrina Patridge,2,2,52,2010-11-15,2010-11-21,OK
11,10,Audrina Patridge,Audrina Patridge,1,1,0,2010-11-22,2010-11-28,OK
11,1,Brandy,Brandy,1,1,0,2010-09-20,2010-09-26,OK
11,2,Brandy,Brandy,1,1,0,2010-09-27,2010-10-03,OK
11,3,Brandy,Brandy,0,0,0,2010-10-04,2010-10-10,OK
11,4,Brandy,Brandy,1,1,0,2010-10-11,2010-10-17,OK
11,5,Brandy,Brandy,2,1,-10,2010-10-18,2010-10-24,OK
11,6,Brandy,Brandy,5,4,-69,2010-10-25,2010-10-31,OK
11,7,Brandy,Brandy,3,3,1,2010-11-01,2010-11-07,OK
11,8,Brandy,Brandy,2,2,21346,2010-11-08,2010-11-14,OK
11,9,Brandy,Brandy,13,7,67,2010-11-15,2010-11-21,OK
11,10,Brandy,Brandy,4,4,14,2010-11-22,2010-11-28,OK
11,1,Bristol Palin,Bristol Palin,30,17,489,2010-09-20,2010-09-26,OK
11,2,Bristol Palin,Bristol Palin,25,17,-14,2010-09-27,2010-10-03,OK
11,3,Bristol Palin,Bristol Palin,19,15,54,2010-10-04,2010-10-10,OK
11,4,Bristol Palin,Bristol Palin,40,19,-137,2010-10-11,2010-10-17,OK
11,5,Bristol Palin,Bristol Palin,27,14,-924,2010-10-18,2010-10-24,OK
11,6,Bristol Palin,Bristol Palin,14,13,-32,2010-10-25,2010-10-31,OK
11,7,Bristol Palin,Bristol Palin,30,19,112,2010-11-01,2010-11-07,OK
11,8,Bristol Palin,Bristol Palin,34,23,204,2010-11-08,2010-11-14,OK
11,9,Bristol Palin,Bristol Palin,62,33,658,2010-11-15,2010-11-21,OK
11,10,Bristol Palin,Bristol Palin,83,22,863,2010-11-22,2010-11-28,OK
11,1,David Hasselhoff,David Hasselhoff,23,17,-94,2010-09-20,2010-09-26,OK
11,2,David Hasselhoff,David Hasselhoff,16,14,-38,2010-09-27,2010-10-03,OK
11,3,David Hasselhoff,David Hasselhoff,28,18,-2217,2010-10-04,2010-10-10,OK
11,4,David Hasselhoff,David Hasselhoff,10,8,-21,2010-10-11,2010-10-17,OK
11,5,David Hasselhoff,David Hasselhoff,11,6,-26,2010-10-18,2010-10-24,OK
11,6,David Hasselhoff,David Hasselhoff,16,12,-151,2010-10-25,2010-10-31,OK
11,7,David Hasselhoff,David Hasselhoff,8,4,199,2010-11-01,2010-11-07,OK
11,8,David Hasselhoff,David Hasselhoff,25,17,227,2010-11-08,2010-11-14,OK
11,9,David Hasselhoff,David Hasselhoff,1,1,0,2010-11-15,2010-11-21,OK
11,10,David Hasselhoff,David Hasselhoff,19,8,-21,2010-11-22,2010-11-28,OK
11,1,Florence Henderson,Florence Henderson,8,6,52,2010-09-20,2010-09-26,OK
11,2,Florence Henderson,Florence Henderson,4,3,1,2010-09-27,2010-10-03,OK
11,3,Florence Henderson,Florence Henderson,5,3,1,2010-10-04,2010-10-10,OK
11,4,Florence Henderson,Florence Henderson,1,1,0,2010-10-11,2010-10-17,OK
11,5,Florence Henderson,Florence Henderson,19,10,-18,2010-10-18,2010-10-24,OK
11,6,Florence Henderson,Florence Henderson,0,0,0,2010-10-25,2010-10-31,OK
11,7,Florence Henderson,Florence Henderson,1,1,0,2010-11-01,2010-11-07,OK
11,8,Florence Henderson,Florence Henderson,0,0,0,2010-11-08,2010-11-14,OK
11,9,Florence Henderson,Florence Henderson,1,1,0,2010-11-15,2010-11-21,OK
11,10,Florence Henderson,Florence Henderson,1,1,0,2010-11-22,2010-11-28,OK
11,1,Jennifer Grey,Jennifer Grey,10,9,-126,2010-09-20,2010-09-26,OK
11,2,Jennifer Grey,Jennifer Grey,2,2,6,2010-09-27,2010-10-03,OK
11,3,Jennifer Grey,Jennifer Grey,5,4,29,2010-10-04,2010-10-10,OK
11,4,Jennifer Grey,Jennifer Grey,12,9,366,2010-10-11,2010-10-17,OK
11,5,Jennifer Grey,Jennifer Grey,0,0,0,2010-10-18,2010-10-24,OK
11,6,Jennifer Grey,Jennifer Grey,8,5,-66,2010-10-25,2010-10-31,OK
11,7,Jennifer Grey,Jennifer Grey,12,9,36,2010-11-01,2010-11-07,OK
11,8,Jennifer Grey,Jennifer Grey,4,3,2,2010-11-08,2010-11-14,OK
11,9,Jennifer Grey,Jennifer Grey,8,7,18,2010-11-15,2010-11-21,OK
11,10,Jennifer Grey,Jennifer Grey,55,37,-927,2010-11-22,2010-11-28,OK
11,1,Kurt Warner,Kurt Warner,12,9,112,2010-09-20,2010-09-26,OK
11,2,Kurt Warner,Kurt Warner,9,9,2,2010-09-27,2010-10-03,OK
11,3,Kurt Warner,Kurt Warner,2,2,0,2010-10-04,2010-10-10,OK
11,4,Kurt Warner,Kurt Warner,6,5,-213,2010-10-11,2010-10-17,OK
11,5,Kurt Warner,Kurt Warner,6,6,11,2010-10-18,2010-10-24,OK
11,6,Kurt Warner,Kurt Warner,7,7,716,2010-10-25,2010-10-31,OK
11,7,Kurt Warner,Kurt Warner,10,9,-12,2010-11-01,2010-11-07,OK
11,8,Kurt Warner,Kurt Warner,6,6,144,2010-11-08,2010-11-14,OK
11,9,Kurt Warner,Kurt Warner,8,6,-31,2010-11-15,2010-11-21,OK
11,10,Kurt Warner,Kurt Warner,4,2,4,2010-11-22,2010-11-28,OK
11,1,Kyle Massey,Kyle Massey,15,13,5,2010-09-20,2010-09-26,OK
11,2,Kyle Massey,Kyle Massey,18,12,-142,2010-09-27,2010-10-03,OK
11,3,Kyle Massey,Kyle Massey,8,7,189,2010-10-04,2010-10-10,OK
11,4,Kyle Massey,Kyle Massey,10,7,188,2010-10-11,2010-10-17,OK
11,5,Kyle Massey,Kyle Massey,15,6,207,2010-10-18,2010-10-24,OK
11,6,Kyle Massey,Kyle Massey,4,4,-255,2010-10-25,2010-10-31,OK
11,7,Kyle Massey,Kyle Massey,11,9,283,2010-11-01,2010-11-07,OK
11,8,Kyle Massey,Kyle Massey,12,7,-81,2010-11-08,2010-11-14,OK
11,9,Kyle Massey,Kyle Massey,9,9,-889,2010-11-15,2010-11-21,OK
11,10,Kyle Massey,Kyle Massey,49,33,-69,2010-11-22,2010-11-28,OK
11,1,Margaret Cho,Margaret Cho,8,6,82,2010-09-20,2010-09-26,OK
11,2,Margaret Cho,Margaret Cho,10,7,-41,2010-09-27,2010-10-03,OK
11,3,Margaret Cho,Margaret Cho,7,5,22,2010-10-04,2010-10-10,OK
11,4,Margaret Cho,Margaret Cho,3,3,0,2010-10-11,2010-10-17,OK
11,5,Margaret Cho,Margaret Cho,0,0,0,2010-10-18,2010-10-24,OK
11,6,Margaret Cho,Margaret Cho,6,5,-22,2010-10-25,2010-10-31,OK
11,7,Margaret Cho,Margaret Cho,2,2,0,2010-11-01,2010-11-07,OK
11,8,Margaret Cho,Margaret Cho,3,2,5,2010-11-08,2010-11-14,OK
11,9,Margaret Cho,Margaret Cho,0,0,0,2010-11-15,2010-11-21,OK
11,10,Margaret Cho,Margaret Cho,0,0,0,2010-11-22,2010-11-28,OK
11,1,Michael Bolton,Michael Bolton,6,6,-464,2010-09-20,2010-09-26,OK
11,2,Michael Bolton,Michael Bolton,11,11,229,2010-09-27,2010-10-03,OK
11,3,Michael Bolton,Michael Bolton,3,3,-25,2010-10-04,2010-10-10,OK
11,4,Michael Bolton,Michael Bolton,7,6,-9,2010-10-11,2010-10-17,OK
11,5,Michael Bolton,Michael Bolton,0,0,0,2010-10-18,2010-10-24,OK
11,6,Michael Bolton,Michael Bolton,11,8,-75,2010-10-25,2010-10-31,OK
11,7,Michael Bolton,Michael Bolton,3,3,-77,2010-11-01,2010-11-07,OK
11,8,Michael Bolton,Michael Bolton,10,7,26,2010-11-08,2010-11-14,OK
11,9,Michael Bolton,Michael Bolton,1,1,0,2010-11-15,2010-11-21,OK
11,10,Michael Bolton,Michael Bolton,7,4,5,2010-11-22,2010-11-28,OK
11,1,Rick Fox,Rick Fox,9,4,159,2010-09-20,2010-09-26,OK
11,2,Rick Fox,Rick Fox,1,1,0,2010-09-27,2010-10-03,OK
11,3,Rick Fox,Rick Fox,5,4,-2993,2010-10-04,2010-10-10,OK
11,4,Rick Fox,Rick Fox,2,2,1799,2010-10-11,2010-10-17,OK
11,5,Rick Fox,Rick Fox,5,4,-82,2010-10-18,2010-10-24,OK
11,6,Rick Fox,Rick Fox,4,4,34,2010-10-25,2010-10-31,OK
11,7,Rick Fox,Rick Fox,11,10,-233,2010-11-01,2010-11-07,OK
11,8,Rick Fox,Rick Fox,1,1,0,2010-11-08,2010-11-14,OK
11,9,Rick Fox,Rick Fox,7,3,8,2010-11-15,2010-11-21,OK
11,10,Rick Fox,Rick Fox,5,4,23,2010-11-22,2010-11-28,OK
11,1,The Situation,Michael Sorrentino,7,6,99,2010-09-20,2010-09-26,OK
11,2,The Situation,Michael Sorrentino,4,4,5,2010-09-27,2010-10-03,OK
11,3,The Situation,Michael Sorrentino,2,2,0,2010-10-04,2010-10-10,OK
11,4,The Situation,Michael Sorrentino,25,20,58,2010-10-11,2010-10-17,OK
11,5,The Situation,Michael Sorrentino,3,3,0,2010-10-18,2010-10-24,OK
11,6,The Situation,Michael Sorrentino,0,0,0,2010-10-25,2010-10-31,OK
11,7,The Situation,Michael Sorrentino,0,0,0,2010-11-01,2010-11-07,OK
11,8,The Situation,Michael Sorrentino,0,0,0,2010-11-08,2010-11-14,OK
11,9,The Situation,Michael Sorrentino,2,2,0,2010-11-15,2010-11-21,OK
11,10,The Situation,Michael Sorrentino,0,0,0,2010-11-22,2010-11-28,OK
12,1,Chelsea Kane,Chelsea Kane,8,6,21,2011-03-21,2011-03-27,OK
12,2,Chelsea Kane,Chelsea Kane,42,28,319,2011-03-28,2011-04-03,OK
12,3,Chelsea Kane,Chelsea Kane,4,4,51,2011-04-04,2011-04-10,OK
12,4,Chelsea Kane,Chelsea Kane,26,17,140,2011-04-11,2011-04-17,OK
12,5,Chelsea Kane,Chelsea Kane,16,11,-246,2011-04-18,2011-04-24,OK
12,6,Chelsea Kane,Chelsea Kane,26,11,443,2011-04-25,2011-05-01,OK
12,7,Chelsea Kane,Chelsea Kane,27,11,154,2011-05-02,2011-05-08,OK
12,8,Chelsea Kane,Chelsea Kane,6,4,-9,2011-05-09,2011-05-15,OK
12,9,Chelsea Kane,Chelsea Kane,8,7,-5,2011-05-16,2011-05-22,OK
12,10,Chelsea Kane,Chelsea Kane,42,25,-409,2011-05-23,2011-05-29,OK
12,1,Chris Jericho,Chris Jericho,11,7,219,2011-03-21,2011-03-27,OK
12,2,Chris Jericho,Chris Jericho,4,4,0,2011-03-28,2011-04-03,OK
12,3,Chris Jericho,Chris Jericho,10,4,-188,2011-04-04,2011-04-10,OK
12,4,Chris Jericho,Chris Jericho,6,2,134,2011-04-11,2011-04-17,OK
12,5,Chris Jericho,Chris Jericho,3,2,314,2011-04-18,2011-04-24,OK
12,6,Chris Jericho,Chris Jericho,9,8,77,2011-04-25,2011-05-01,OK
12,7,Chris Jericho,Chris Jericho,14,5,534,2011-05-02,2011-05-08,OK
12,8,Chris Jericho,Chris Jericho,1,1,0,2011-05-09,2011-05-15,OK
12,9,Chris Jericho,Chris Jericho,12,5,169,2011-05-16,2011-05-22,OK
12,10,Chris Jericho,Chris Jericho,24,17,108,2011-05-23,2011-05-29,OK
12,1,Hines Ward,Hines Ward,16,9,-213,2011-03-21,2011-03-27,OK
12,2,Hines Ward,Hines Ward,7,7,-154,2011-03-28,2011-04-03,OK
12,3,Hines Ward,Hines Ward,5,4,-112,2011-04-04,2011-04-10,OK
12,4,Hines Ward,Hines Ward,9,7,-30,2011-04-11,2011-04-17,OK
12,5,Hines Ward,Hines Ward,6,4,-300,2011-04-18,2011-04-24,OK
12,6,Hines Ward,Hines Ward,2,2,8471,2011-04-25,2011-05-01,OK
12,7,Hines Ward,Hines Ward,4,3,43,2011-05-02,2011-05-08,OK
12,8,Hines Ward,Hines Ward,3,2,9,2011-05-09,2011-05-15,OK
12,9,Hines Ward,Hines Ward,16,12,25104,2011-05-16,2011-05-22,OK
12,10,Hines Ward,Hines Ward,54,36,-4970,2011-05-23,2011-05-29,OK
12,1,Kendra Wilkinson,Kendra Wilkinson,0,0,0,2011-03-21,2011-03-27,OK
12,2,Kendra Wilkinson,Kendra Wilkinson,0,0,0,2011-03-28,2011-04-03,OK
12,3,Kendra Wilkinson,Kendra Wilkinson,0,0,0,2011-04-04,2011-04-10,OK
12,4,Kendra Wilkinson,Kendra Wilkinson,1,1,0,2011-04-11,2011-04-17,OK
12,5,Kendra Wilkinson,Kendra Wilkinson,0,0,0,2011-04-18,2011-04-24,OK
12,6,Kendra Wilkinson,Kendra Wilkinson,0,0,0,2011-04-25,2011-05-01,OK
12,7,Kendra Wilkinson,Kendra Wilkinson,2,2,0,2011-05-02,2011-05-08,OK
12,8,Kendra Wilkinson,Kendra Wilkinson,0,0,0,2011-05-09,2011-05-15,OK
12,9,Kendra Wilkinson,Kendra Wilkinson,2,2,0,2011-05-16,2011-05-22,OK
12,10,Kendra Wilkinson,Kendra Wilkinson,1,1,0,2011-05-23,2011-05-29,OK
12,1,Kirstie Alley,Kirstie Alley,18,13,241,2011-03-21,2011-03-27,OK
12,2,Kirstie Alley,Kirstie Alley,2,2,-9,2011-03-28,2011-04-03,OK
12,3,Kirstie Alley,Kirstie Alley,18,14,-42,2011-04-04,2011-04-10,OK
12,4,Kirstie Alley,Kirstie Alley,3,3,0,2011-04-11,2011-04-17,OK
12,5,Kirstie Alley,Kirstie Alley,5,4,0,2011-04-18,2011-04-24,OK
12,6,Kirstie Alley,Kirstie Alley,10,7,1,2011-04-25,2011-05-01,OK
12,7,Kirstie Alley,Kirstie Alley,5,5,-7,2011-05-02,2011-05-08,OK
12,8,Kirstie Alley,Kirstie Alley,2,1,-1,2011-05-09,2011-05-15,OK
12,9,Kirstie Alley,Kirstie Alley,14,8,-47,2011-05-16,2011-05-22,OK
12,10,Kirstie Alley,Kirstie Alley,30,21,1038,2011-05-23,2011-05-29,OK
12,1,Mike Catherwood,Michael Catherwood,3,3,44,2011-03-21,2011-03-27,OK
12,2,Mike Catherwood,Michael Catherwood,13,10,-2085,2011-03-28,2011-04-03,OK
12,3,Mike Catherwood,Michael Catherwood,6,3,16,2011-04-04,2011-04-10,OK
12,4,Mike Catherwood,Michael Catherwood,1,1,0,2011-04-11,2011-04-17,OK
12,5,Mike Catherwood,Michael Catherwood,3,3,37,2011-04-18,2011-04-24,OK
12,6,Mike Catherwood,Michael Catherwood,0,0,0,2011-04-25,2011-05-01,OK
12,7,Mike Catherwood,Michael Catherwood,3,3,38,2011-05-02,2011-05-08,OK
12,8,Mike Catherwood,Michael Catherwood,11,1,-105,2011-05-09,2011-05-15,OK
12,9,Mike Catherwood,Michael Catherwood,5,3,-334,2011-05-16,2011-05-22,OK
12,10,Mike Catherwood,Michael Catherwood,0,0,0,2011-05-23,2011-05-29,OK
12,1,Petra Nemcova,Petra Němcová,6,6,-26,2011-03-21,2011-03-27,OK
12,2,Petra Nemcova,Petra Němcová,2,2,0,2011-03-28,2011-04-03,OK
12,3,Petra Nemcova,Petra Němcová,0,0,0,2011-04-04,2011-04-10,OK
12,4,Petra Nemcova,Petra Němcová,0,0,0,2011-04-11,2011-04-17,OK
12,5,Petra Nemcova,Petra Němcová,7,7,-22,2011-04-18,2011-04-24,OK
12,6,Petra Nemcova,Petra Němcová,1,1,0,2011-04-25,2011-05-01,OK
12,7,Petra Nemcova,Petra Němcová,0,0,0,2011-05-02,2011-05-08,OK
12,8,Petra Nemcova,Petra Němcová,6,2,-30,2011-05-09,2011-05-15,OK
12,9,Petra Nemcova,Petra Němcová,0,0,0,2011-05-16,2011-05-22,OK
12,10,Petra Nemcova,Petra Němcová,4,4,4,2011-05-23,2011-05-29,OK
12,1,Ralph Macchio,Ralph Macchio,12,8,714,2011-03-21,2011-03-27,OK
12,2,Ralph Macchio,Ralph Macchio,9,6,-90,2011-03-28,2011-04-03,OK
12,3,Ralph Macchio,Ralph Macchio,22,14,3,2011-04-04,2011-04-10,OK
12,4,Ralph Macchio,Ralph Macchio,6,5,31,2011-04-11,2011-04-17,OK
12,5,Ralph Macchio,Ralph Macchio,16,7,-278,2011-04-18,2011-04-24,OK
12,6,Ralph Macchio,Ralph Macchio,4,3,0,2011-04-25,2011-05-01,OK
12,7,Ralph Macchio,Ralph Macchio,4,2,-4,2011-05-02,2011-05-08,OK
12,8,Ralph Macchio,Ralph Macchio,8,6,125,2011-05-09,2011-05-15,OK
12,9,Ralph Macchio,Ralph Macchio,12,10,-325,2011-05-16,2011-05-22,OK
12,10,Ralph Macchio,Ralph Macchio,10,2,-41,2011-05-23,2011-05-29,OK
12,1,Romeo,Romeo,3,1,1,2011-03-21,2011-03-27,OK
12,2,Romeo,Romeo,2,2,-36,2011-03-28,2011-04-03,OK
12,3,Romeo,Romeo,3,2,-153,2011-04-04,2011-04-10,OK
12,4,Romeo,Romeo,0,0,0,2011-04-11,2011-04-17,OK
12,5,Romeo,Romeo,48,8,-203,2011-04-18,2011-04-24,OK
12,6,Romeo,Romeo,14,4,-54,2011-04-25,2011-05-01,OK
12,7,Romeo,Romeo,7,5,-57,2011-05-02,2011-05-08,OK
12,8,Romeo,Romeo,2,2,7,2011-05-09,2011-05-15,OK
12,9,Romeo,Romeo,3,3,2460,2011-05-16,2011-05-22,OK
12,10,Romeo,Romeo,5,4,-76,2011-05-23,2011-05-29,OK
12,1,Sugar Ray Leonard,Sugar Ray Leonard,11,7,-4737,2011-03-21,2011-03-27,OK
12,2,Sugar Ray Leonard,Sugar Ray Leonard,3,3,-119,2011-03-28,2011-04-03,OK
12,3,Sugar Ray Leonard,Sugar Ray Leonard,7,5,-847,2011-04-04,2011-04-10,OK
12,4,Sugar Ray Leonard,Sugar Ray Leonard,9,9,367,2011-04-11,2011-04-17,OK
12,5,Sugar Ray Leonard,Sugar Ray Leonard,0,0,0,2011-04-18,2011-04-24,OK
12,6,Sugar Ray Leonard,Sugar Ray Leonard,3,1,5,2011-04-25,2011-05-01,OK
12,7,Sugar Ray Leonard,Sugar Ray Leonard,0,0,0,2011-05-02,2011-05-08,OK
12,8,Sugar Ray Leonard,Sugar Ray Leonard,3,2,0,2011-05-09,2011-05-15,OK
12,9,Sugar Ray Leonard,Sugar Ray Leonard,5,3,102,2011-05-16,2011-05-22,OK
12,10,Sugar Ray Leonard,Sugar Ray Leonard,6,5,-1,2011-05-23,2011-05-29,OK
12,1,Wendy Williams,Wendy Williams,7,6,-86,2011-03-21,2011-03-27,OK
12,2,Wendy Williams,Wendy Williams,34,12,-583,2011-03-28,2011-04-03,OK
12,3,Wendy Williams,Wendy Williams,27,18,105,2011-04-04,2011-04-10,OK
12,4,Wendy Williams,Wendy Williams,8,7,174,2011-04-11,2011-04-17,OK
12,5,Wendy Williams,Wendy Williams,2,2,44,2011-04-18,2011-04-24,OK
12,6,Wendy Williams,Wendy Williams,8,6,42,2011-04-25,2011-05-01,OK
12,7,Wendy Williams,Wendy Williams,2,2,0,2011-05-02,2011-05-08,OK
12,8,Wendy Williams,Wendy Williams,0,0,0,2011-05-09,2011-05-15,OK
12,9,Wendy Williams,Wendy Williams,4,3,-26,2011-05-16,2011-05-22,OK
12,10,Wendy Williams,Wendy Williams,6,5,95,2011-05-23,2011-05-29,OK
13,1,Carson Kressley,Carson Kressley,0,0,0,2011-09-19,2011-09-25,OK
13,2,Carson Kressley,Carson Kressley,1,1,0,2011-09-26,2011-10-02,OK
13,3,Carson Kressley,Carson Kressley,0,0,0,2011-10-03,2011-10-09,OK
13,4,Carson Kressley,Carson Kressley,0,0,0,2011-10-10,2011-10-16,OK
13,5,Carson Kressley,Carson Kressley,10,7,443,2011-10-17,2011-10-23,OK
13,6,Carson Kressley,Carson Kressley,0,0,0,2011-10-24,2011-10-30,OK
13,7,Carson Kressley,Carson Kressley,0,0,0,2011-10-31,2011-11-06,OK
13,8,Carson Kressley,Carson Kressley,0,0,0,2011-11-07,2011-11-13,OK
13,9,Carson Kressley,Carson Kressley,0,0,0,2011-11-14,2011-11-20,OK
13,10,Carson Kressley,Carson Kressley,3,3,-11,2011-11-21,2011-11-27,OK
13,1,Chaz Bono,Chaz Bono,8,7,20,2011-09-19,2011-09-25,OK
13,2,Chaz Bono,Chaz Bono,4,2,-4,2011-09-26,2011-10-02,OK
13,3,Chaz Bono,Chaz Bono,2,2,-33,2011-10-03,2011-10-09,OK
13,4,Chaz Bono,Chaz Bono,1,1,0,2011-10-10,2011-10-16,OK
13,5,Chaz Bono,Chaz Bono,3,2,52,2011-10-17,2011-10-23,OK
13,6,Chaz Bono,Chaz Bono,2,2,34,2011-10-24,2011-10-30,OK
13,7,Chaz Bono,Chaz Bono,2,2,-147,2011-10-31,2011-11-06,OK
13,8,Chaz Bono,Chaz Bono,2,2,0,2011-11-07,2011-11-13,OK
13,9,Chaz Bono,Chaz Bono,4,1,847,2011-11-14,2011-11-20,OK
13,10,Chaz Bono,Chaz Bono,2,1,1,2011-11-21,2011-11-27,OK
13,1,Chynna Phillips,Chynna Phillips,10,7,874,2011-09-19,2011-09-25,OK
13,2,Chynna Phillips,Chynna Phillips,1,1,0,2011-09-26,2011-10-02,OK
13,3,Chynna Phillips,Chynna Phillips,4,4,1,2011-10-03,2011-10-09,OK
13,4,Chynna Phillips,Chynna Phillips,10,7,0,2011-10-10,2011-10-16,OK
13,5,Chynna Phillips,Chynna Phillips,1,1,0,2011-10-17,2011-10-23,OK
13,6,Chynna Phillips,Chynna Phillips,2,2,6,2011-10-24,2011-10-30,OK
13,7,Chynna Phillips,Chynna Phillips,2,1,-594,2011-10-31,2011-11-06,OK
13,8,Chynna Phillips,Chynna Phillips,2,2,0,2011-11-07,2011-11-13,OK
13,9,Chynna Phillips,Chynna Phillips,0,0,0,2011-11-14,2011-11-20,OK
13,10,Chynna Phillips,Chynna Phillips,1,1,0,2011-11-21,2011-11-27,OK
13,1,David Arquette,David Arquette,2,2,-110,2011-09-19,2011-09-25,OK
13,2,David Arquette,David Arquette,6,5,-16,2011-09-26,2011-10-02,OK
13,3,David Arquette,David Arquette,1,1,0,2011-10-03,2011-10-09,OK
13,4,David Arquette,David Arquette,1,1,0,2011-10-10,2011-10-16,OK
13,5,David Arquette,David Arquette,3,3,13,2011-10-17,2011-10-23,OK
13,6,David Arquette,David Arquette,0,0,0,2011-10-24,2011-10-30,OK
13,7,David Arquette,David Arquette,2,2,0,2011-10-31,2011-11-06,OK
13,8,David Arquette,David Arquette,1,1,0,2011-11-07,2011-11-13,OK
13,9,David Arquette,David Arquette,0,0,0,2011-11-14,2011-11-20,OK
13,10,David Arquette,David Arquette,5,4,259,2011-11-21,2011-11-27,OK
13,1,Elisabetta Canalis,Elisabetta Canalis,1,1,0,2011-09-19,2011-09-25,OK
13,2,Elisabetta Canalis,Elisabetta Canalis,6,5,109,2011-09-26,2011-10-02,OK
13,3,Elisabetta Canalis,Elisabetta Canalis,2,1,25,2011-10-03,2011-10-09,OK
13,4,Elisabetta Canalis,Elisabetta Canalis,5,3,-162,2011-10-10,2011-10-16,OK
13,5,Elisabetta Canalis,Elisabetta Canalis,13,5,-99,2011-10-17,2011-10-23,OK
13,6,Elisabetta Canalis,Elisabetta Canalis,4,2,-19,2011-10-24,2011-10-30,OK
13,7,Elisabetta Canalis,Elisabetta Canalis,1,1,0,2011-10-31,2011-11-06,OK
13,8,Elisabetta Canalis,Elisabetta Canalis,1,1,0,2011-11-07,2011-11-13,OK
13,9,Elisabetta Canalis,Elisabetta Canalis,0,0,0,2011-11-14,2011-11-20,OK
13,10,Elisabetta Canalis,Elisabetta Canalis,0,0,0,2011-11-21,2011-11-27,OK
13,1,Hope Solo,Hope Solo,7,7,964,2011-09-19,2011-09-25,OK
13,2,Hope Solo,Hope Solo,12,7,-425,2011-09-26,2011-10-02,OK
13,3,Hope Solo,Hope Solo,10,8,-183,2011-10-03,2011-10-09,OK
13,4,Hope Solo,Hope Solo,8,6,-279,2011-10-10,2011-10-16,OK
13,5,Hope Solo,Hope Solo,19,15,509,2011-10-17,2011-10-23,OK
13,6,Hope Solo,Hope Solo,20,16,-55,2011-10-24,2011-10-30,OK
13,7,Hope Solo,Hope Solo,15,9,-1968,2011-10-31,2011-11-06,OK
13,8,Hope Solo,Hope Solo,13,10,62,2011-11-07,2011-11-13,OK
13,9,Hope Solo,Hope Solo,18,11,30,2011-11-14,2011-11-20,OK
13,10,Hope Solo,Hope Solo,8,5,23,2011-11-21,2011-11-27,OK
13,1,J.R. Martinez,J. R. Martinez,20,10,2319,2011-09-19,2011-09-25,OK
13,2,J.R. Martinez,J. R. Martinez,1,1,0,2011-09-26,2011-10-02,OK
13,3,J.R. Martinez,J. R. Martinez,16,12,1289,2011-10-03,2011-10-09,OK
13,4,J.R. Martinez,J. R. Martinez,10,8,-21,2011-10-10,2011-10-16,OK
13,5,J.R. Martinez,J. R. Martinez,8,6,-8,2011-10-17,2011-10-23,OK
13,6,J.R. Martinez,J. R. Martinez,10,8,369,2011-10-24,2011-10-30,OK
13,7,J.R. Martinez,J. R. Martinez,12,9,-1275,2011-10-31,2011-11-06,OK
13,8,J.R. Martinez,J. R. Martinez,12,10,113,2011-11-07,2011-11-13,OK
13,9,J.R. Martinez,J. R. Martinez,18,14,-31,2011-11-14,2011-11-20,OK
13,10,J.R. Martinez,J. R. Martinez,56,40,-6063,2011-11-21,2011-11-27,OK
13,1,Kristin Cavallari,Kristin Cavallari,21,11,20,2011-09-19,2011-09-25,OK
13,2,Kristin Cavallari,Kristin Cavallari,11,6,915,2011-09-26,2011-10-02,OK
13,3,Kristin Cavallari,Kristin Cavallari,14,11,2,2011-10-03,2011-10-09,OK
13,4,Kristin Cavallari,Kristin Cavallari,2,2,0,2011-10-10,2011-10-16,OK
13,5,Kristin Cavallari,Kristin Cavallari,0,0,0,2011-10-17,2011-10-23,OK
13,6,Kristin Cavallari,Kristin Cavallari,8,7,32,2011-10-24,2011-10-30,OK
13,7,Kristin Cavallari,Kristin Cavallari,4,3,-50,2011-10-31,2011-11-06,OK
13,8,Kristin Cavallari,Kristin Cavallari,3,2,31,2011-11-07,2011-11-13,OK
13,9,Kristin Cavallari,Kristin Cavallari,1,1,0,2011-11-14,2011-11-20,OK
13,10,Kristin Cavallari,Kristin Cavallari,5,5,-143,2011-11-21,2011-11-27,OK
13,1,Metta World Peace (Ron),Metta Sandiford-Artest,11,6,5,2011-09-19,2011-09-25,OK
13,2,Metta World Peace (Ron),Metta Sandiford-Artest,10,5,-4,2011-09-26,2011-10-02,OK
13,3,Metta World Peace (Ron),Metta Sandiford-Artest,6,4,99,2011-10-03,2011-10-09,OK
13,4,Metta World Peace (Ron),Metta Sandiford-Artest,5,3,0,2011-10-10,2011-10-16,OK
13,5,Metta World Peace (Ron),Metta Sandiford-Artest,15,9,347,2011-10-17,2011-10-23,OK
13,6,Metta World Peace (Ron),Metta Sandiford-Artest,4,4,-4,2011-10-24,2011-10-30,OK
13,7,Metta World Peace (Ron),Metta Sandiford-Artest,8,8,10,2011-10-31,2011-11-06,OK
13,8,Metta World Peace (Ron),Metta Sandiford-Artest,17,10,1651,2011-11-07,2011-11-13,OK
13,9,Metta World Peace (Ron),Metta Sandiford-Artest,16,11,1708,2011-11-14,2011-11-20,OK
13,10,Metta World Peace (Ron),Metta Sandiford-Artest,6,6,20,2011-11-21,2011-11-27,OK
13,1,Nancy Grace,Nancy Grace,1,1,0,2011-09-19,2011-09-25,OK
13,2,Nancy Grace,Nancy Grace,3,2,19,2011-09-26,2011-10-02,OK
13,3,Nancy Grace,Nancy Grace,0,0,0,2011-10-03,2011-10-09,OK
13,4,Nancy Grace,Nancy Grace,0,0,0,2011-10-10,2011-10-16,OK
13,5,Nancy Grace,Nancy Grace,6,1,-33,2011-10-17,2011-10-23,OK
13,6,Nancy Grace,Nancy Grace,7,5,-2,2011-10-24,2011-10-30,OK
13,7,Nancy Grace,Nancy Grace,0,0,0,2011-10-31,2011-11-06,OK
13,8,Nancy Grace,Nancy Grace,2,2,0,2011-11-07,2011-11-13,OK
13,9,Nancy Grace,Nancy Grace,0,0,0,2011-11-14,2011-11-20,OK
13,10,Nancy Grace,Nancy Grace,0,0,0,2011-11-21,2011-11-27,OK
13,1,Ricki Lake,Ricki Lake,3,3,-4,2011-09-19,2011-09-25,OK
13,2,Ricki Lake,Ricki Lake,2,2,0,2011-09-26,2011-10-02,OK
13,3,Ricki Lake,Ricki Lake,21,4,-139,2011-10-03,2011-10-09,OK
13,4,Ricki Lake,Ricki Lake,28,3,-16,2011-10-10,2011-10-16,OK
13,5,Ricki Lake,Ricki Lake,8,4,-13,2011-10-17,2011-10-23,OK
13,6,Ricki Lake,Ricki Lake,3,3,0,2011-10-24,2011-10-30,OK
13,7,Ricki Lake,Ricki Lake,17,2,-186,2011-10-31,2011-11-06,OK
13,8,Ricki Lake,Ricki Lake,6,4,-191,2011-11-07,2011-11-13,OK
13,9,Ricki Lake,Ricki Lake,6,5,0,2011-11-14,2011-11-20,OK
13,10,Ricki Lake,Ricki Lake,9,7,-2,2011-11-21,2011-11-27,OK
13,1,Rob Kardashian,Rob Kardashian,7,4,-44,2011-09-19,2011-09-25,OK
13,2,Rob Kardashian,Rob Kardashian,21,8,372,2011-09-26,2011-10-02,OK
13,3,Rob Kardashian,Rob Kardashian,18,13,-154,2011-10-03,2011-10-09,OK
13,4,Rob Kardashian,Rob Kardashian,37,18,-83,2011-10-10,2011-10-16,OK
13,5,Rob Kardashian,Rob Kardashian,15,9,-5,2011-10-17,2011-10-23,OK
13,6,Rob Kardashian,Rob Kardashian,8,8,29,2011-10-24,2011-10-30,OK
13,7,Rob Kardashian,Rob Kardashian,14,11,435,2011-10-31,2011-11-06,OK
13,8,Rob Kardashian,Rob Kardashian,26,7,-105,2011-11-07,2011-11-13,OK
13,9,Rob Kardashian,Rob Kardashian,13,8,2474,2011-11-14,2011-11-20,OK
13,10,Rob Kardashian,Rob Kardashian,25,18,-26,2011-11-21,2011-11-27,OK
14,1,Donald Driver,Donald Driver,2,2,-105,2012-03-19,2012-03-25,OK
14,2,Donald Driver,Donald Driver,7,7,-114,2012-03-26,2012-04-01,OK
14,3,Donald Driver,Donald Driver,1,1,0,2012-04-02,2012-04-08,OK
14,4,Donald Driver,Donald Driver,0,0,0,2012-04-09,2012-04-15,OK
14,5,Donald Driver,Donald Driver,0,0,0,2012-04-16,2012-04-22,OK
14,6,Donald Driver,Donald Driver,1,1,0,2012-04-23,2012-04-29,OK
14,7,Donald Driver,Donald Driver,5,4,-39,2012-04-30,2012-05-06,OK
14,8,Donald Driver,Donald Driver,1,1,0,2012-05-07,2012-05-13,OK
14,9,Donald Driver,Donald Driver,2,2,21,2012-05-14,2012-05-20,OK
14,10,Donald Driver,Donald Driver,23,17,-83,2012-05-21,2012-05-27,OK
14,1,Gavin DeGraw,Gavin DeGraw,11,10,-28,2012-03-19,2012-03-25,OK
14,2,Gavin DeGraw,Gavin DeGraw,10,6,104,2012-03-26,2012-04-01,OK
14,3,Gavin DeGraw,Gavin DeGraw,6,5,104,2012-04-02,2012-04-08,OK
14,4,Gavin DeGraw,Gavin DeGraw,15,9,-1175,2012-04-09,2012-04-15,OK
14,5,Gavin DeGraw,Gavin DeGraw,11,8,-196,2012-04-16,2012-04-22,OK
14,6,Gavin DeGraw,Gavin DeGraw,7,5,39,2012-04-23,2012-04-29,OK
14,7,Gavin DeGraw,Gavin DeGraw,1,1,0,2012-04-30,2012-05-06,OK
14,8,Gavin DeGraw,Gavin DeGraw,3,3,703,2012-05-07,2012-05-13,OK
14,9,Gavin DeGraw,Gavin DeGraw,3,1,-42,2012-05-14,2012-05-20,OK
14,10,Gavin DeGraw,Gavin DeGraw,6,4,1,2012-05-21,2012-05-27,OK
14,1,Gladys Knight,Gladys Knight,11,8,640,2012-03-19,2012-03-25,OK
14,2,Gladys Knight,Gladys Knight,4,3,-72,2012-03-26,2012-04-01,OK
14,3,Gladys Knight,Gladys Knight,0,0,0,2012-04-02,2012-04-08,OK
14,4,Gladys Knight,Gladys Knight,1,1,0,2012-04-09,2012-04-15,OK
14,5,Gladys Knight,Gladys Knight,0,0,0,2012-04-16,2012-04-22,OK
14,6,Gladys Knight,Gladys Knight,9,7,440,2012-04-23,2012-04-29,OK
14,7,Gladys Knight,Gladys Knight,1,1,0,2012-04-30,2012-05-06,OK
14,8,Gladys Knight,Gladys Knight,1,1,0,2012-05-07,2012-05-13,OK
14,9,Gladys Knight,Gladys Knight,0,0,0,2012-05-14,2012-05-20,OK
14,10,Gladys Knight,Gladys Knight,2,2,0,2012-05-21,2012-05-27,OK
14,1,Jack Wagner,Jack Wagner (actor),2,2,0,2012-03-19,2012-03-25,OK
14,2,Jack Wagner,Jack Wagner (actor),2,2,-22,2012-03-26,2012-04-01,OK
14,3,Jack Wagner,Jack Wagner (actor),17,10,-254,2012-04-02,2012-04-08,OK
14,4,Jack Wagner,Jack Wagner (actor),4,3,1940,2012-04-09,2012-04-15,OK
14,5,Jack Wagner,Jack Wagner (actor),2,1,-2011,2012-04-16,2012-04-22,OK
14,6,Jack Wagner,Jack Wagner (actor),1,1,0,2012-04-23,2012-04-29,OK
14,7,Jack Wagner,Jack Wagner (actor),0,0,0,2012-04-30,2012-05-06,OK
14,8,Jack Wagner,Jack Wagner (actor),0,0,0,2012-05-07,2012-05-13,OK
14,9,Jack Wagner,Jack Wagner (actor),0,0,0,2012-05-14,2012-05-20,OK
14,10,Jack Wagner,Jack Wagner (actor),0,0,0,2012-05-21,2012-05-27,OK
14,1,Jaleel White,Jaleel White,12,9,436,2012-03-19,2012-03-25,OK
14,2,Jaleel White,Jaleel White,9,7,146,2012-03-26,2012-04-01,OK
14,3,Jaleel White,Jaleel White,2,2,-8,2012-04-02,2012-04-08,OK
14,4,Jaleel White,Jaleel White,6,4,-47,2012-04-09,2012-04-15,OK
14,5,Jaleel White,Jaleel White,4,3,-249,2012-04-16,2012-04-22,OK
14,6,Jaleel White,Jaleel White,12,6,232,2012-04-23,2012-04-29,OK
14,7,Jaleel White,Jaleel White,7,6,-6,2012-04-30,2012-05-06,OK
14,8,Jaleel White,Jaleel White,3,3,0,2012-05-07,2012-05-13,OK
14,9,Jaleel White,Jaleel White,3,3,-53,2012-05-14,2012-05-20,OK
14,10,Jaleel White,Jaleel White,4,4,-48,2012-05-21,2012-05-27,OK
14,1,Katherine Jenkins,Katherine Jenkins,1,1,0,2012-03-19,2012-03-25,OK
14,2,Katherine Jenkins,Katherine Jenkins,2,2,0,2012-03-26,2012-04-01,OK
14,3,Katherine Jenkins,Katherine Jenkins,3,3,-450,2012-04-02,2012-04-08,OK
14,4,Katherine Jenkins,Katherine Jenkins,9,6,234,2012-04-09,2012-04-15,OK
14,5,Katherine Jenkins,Katherine Jenkins,7,4,95,2012-04-16,2012-04-22,OK
14,6,Katherine Jenkins,Katherine Jenkins,4,4,111,2012-04-23,2012-04-29,OK
14,7,Katherine Jenkins,Katherine Jenkins,1,1,0,2012-04-30,2012-05-06,OK
14,8,Katherine Jenkins,Katherine Jenkins,0,0,0,2012-05-07,2012-05-13,OK
14,9,Katherine Jenkins,Katherine Jenkins,3,2,28,2012-05-14,2012-05-20,OK
14,10,Katherine Jenkins,Katherine Jenkins,6,4,260,2012-05-21,2012-05-27,OK
14,1,Maria Menounos,Maria Menounos,9,3,803,2012-03-19,2012-03-25,OK
14,2,Maria Menounos,Maria Menounos,3,1,-1,2012-03-26,2012-04-01,OK
14,3,Maria Menounos,Maria Menounos,7,4,-92,2012-04-02,2012-04-08,OK
14,4,Maria Menounos,Maria Menounos,24,11,-1026,2012-04-09,2012-04-15,OK
14,5,Maria Menounos,Maria Menounos,4,4,23,2012-04-16,2012-04-22,OK
14,6,Maria Menounos,Maria Menounos,1,1,0,2012-04-23,2012-04-29,OK
14,7,Maria Menounos,Maria Menounos,0,0,0,2012-04-30,2012-05-06,OK
14,8,Maria Menounos,Maria Menounos,2,2,26,2012-05-07,2012-05-13,OK
14,9,Maria Menounos,Maria Menounos,2,2,0,2012-05-14,2012-05-20,OK
14,10,Maria Menounos,Maria Menounos,1,1,0,2012-05-21,2012-05-27,OK
14,1,Martina Navratilova,Martina Navratilova,3,3,37,2012-03-19,2012-03-25,OK
14,2,Martina Navratilova,Martina Navratilova,9,8,-75,2012-03-26,2012-04-01,OK
14,3,Martina Navratilova,Martina Navratilova,4,3,-25,2012-04-02,2012-04-08,OK
14,4,Martina Navratilova,Martina Navratilova,1,1,0,2012-04-09,2012-04-15,OK
14,5,Martina Navratilova,Martina Navratilova,0,0,0,2012-04-16,2012-04-22,OK
14,6,Martina Navratilova,Martina Navratilova,6,6,91,2012-04-23,2012-04-29,OK
14,7,Martina Navratilova,Martina Navratilova,0,0,0,2012-04-30,2012-05-06,OK
14,8,Martina Navratilova,Martina Navratilova,0,0,0,2012-05-07,2012-05-13,OK
14,9,Martina Navratilova,Martina Navratilova,2,2,0,2012-05-14,2012-05-20,OK
14,10,Martina Navratilova,Martina Navratilova,1,1,0,2012-05-21,2012-05-27,OK
14,1,Melissa Gilbert,Melissa Gilbert,13,11,-47,2012-03-19,2012-03-25,OK
14,2,Melissa Gilbert,Melissa Gilbert,0,0,0,2012-03-26,2012-04-01,OK
14,3,Melissa Gilbert,Melissa Gilbert,1,1,0,2012-04-02,2012-04-08,OK
14,4,Melissa Gilbert,Melissa Gilbert,6,6,248,2012-04-09,2012-04-15,OK
14,5,Melissa Gilbert,Melissa Gilbert,6,3,125,2012-04-16,2012-04-22,OK
14,6,Melissa Gilbert,Melissa Gilbert,5,5,0,2012-04-23,2012-04-29,OK
14,7,Melissa Gilbert,Melissa Gilbert,2,2,8,2012-04-30,2012-05-06,OK
14,8,Melissa Gilbert,Melissa Gilbert,8,7,251,2012-05-07,2012-05-13,OK
14,9,Melissa Gilbert,Melissa Gilbert,2,1,22,2012-05-14,2012-05-20,OK
14,10,Melissa Gilbert,Melissa Gilbert,0,0,0,2012-05-21,2012-05-27,OK
14,1,Roshon Fegan,Roshon Fegan,23,13,29,2012-03-19,2012-03-25,OK
14,2,Roshon Fegan,Roshon Fegan,18,9,-361,2012-03-26,2012-04-01,OK
14,3,Roshon Fegan,Roshon Fegan,26,16,-4425,2012-04-02,2012-04-08,OK
14,4,Roshon Fegan,Roshon Fegan,10,9,-21,2012-04-09,2012-04-15,OK
14,5,Roshon Fegan,Roshon Fegan,9,6,0,2012-04-16,2012-04-22,OK
14,6,Roshon Fegan,Roshon Fegan,17,7,67,2012-04-23,2012-04-29,OK
14,7,Roshon Fegan,Roshon Fegan,9,6,-155,2012-04-30,2012-05-06,OK
14,8,Roshon Fegan,Roshon Fegan,22,14,30,2012-05-07,2012-05-13,OK
14,9,Roshon Fegan,Roshon Fegan,8,7,-159,2012-05-14,2012-05-20,OK
14,10,Roshon Fegan,Roshon Fegan,3,3,-98,2012-05-21,2012-05-27,OK
14,1,Sherri Sheperd,Sherri Shepherd,0,0,0,2012-03-19,2012-03-25,OK
14,2,Sherri Sheperd,Sherri Shepherd,0,0,0,2012-03-26,2012-04-01,OK
14,3,Sherri Sheperd,Sherri Shepherd,0,0,0,2012-04-02,2012-04-08,OK
14,4,Sherri Sheperd,Sherri Shepherd,6,4,108,2012-04-09,2012-04-15,OK
14,5,Sherri Sheperd,Sherri Shepherd,2,2,0,2012-04-16,2012-04-22,OK
14,6,Sherri Sheperd,Sherri Shepherd,1,1,0,2012-04-23,2012-04-29,OK
14,7,Sherri Sheperd,Sherri Shepherd,2,2,0,2012-04-30,2012-05-06,OK
14,8,Sherri Sheperd,Sherri Shepherd,3,3,0,2012-05-07,2012-05-13,OK
14,9,Sherri Sheperd,Sherri Shepherd,4,4,-1,2012-05-14,2012-05-20,OK
14,10,Sherri Sheperd,Sherri Shepherd,1,1,0,2012-05-21,2012-05-27,OK
14,1,William Levy,William Levy (actor),28,17,191,2012-03-19,2012-03-25,OK
14,2,William Levy,William Levy (actor),53,23,-1120,2012-03-26,2012-04-01,OK
14,3,William Levy,William Levy (actor),16,10,-257,2012-04-02,2012-04-08,OK
14,4,William Levy,William Levy (actor),7,6,-7,2012-04-09,2012-04-15,OK
14,5,William Levy,William Levy (actor),9,5,-294,2012-04-16,2012-04-22,OK
14,6,William Levy,William Levy (actor),6,5,-8,2012-04-23,2012-04-29,OK
14,7,William Levy,William Levy (actor),10,8,64,2012-04-30,2012-05-06,OK
14,8,William Levy,William Levy (actor),6,6,1,2012-05-07,2012-05-13,OK
14,9,William Levy,William Levy (actor),15,8,-117,2012-05-14,2012-05-20,OK
14,10,William Levy,William Levy (actor),33,16,-2966,2012-05-21,2012-05-27,OK
15,1,Apolo Anton Ohno,Apolo Ohno,1,1,0,2012-09-24,2012-09-30,OK
15,2,Apolo Anton Ohno,Apolo Ohno,0,0,0,2012-10-01,2012-10-07,OK
15,3,Apolo Anton Ohno,Apolo Ohno,0,0,0,2012-10-08,2012-10-14,OK
15,4,Apolo Anton Ohno,Apolo Ohno,0,0,0,2012-10-15,2012-10-21,OK
15,5,Apolo Anton Ohno,Apolo Ohno,0,0,0,2012-10-22,2012-10-28,OK
15,6,Apolo Anton Ohno,Apolo Ohno,1,1,0,2012-10-29,2012-11-04,OK
15,7,Apolo Anton Ohno,Apolo Ohno,4,3,1756,2012-11-05,2012-11-11,OK
15,8,Apolo Anton Ohno,Apolo Ohno,5,5,32,2012-11-12,2012-11-18,OK
15,9,Apolo Anton Ohno,Apolo Ohno,6,5,726,2012-11-19,2012-11-25,OK
15,10,Apolo Anton Ohno,Apolo Ohno,2,2,-2,2012-11-26,2012-12-02,OK
15,1,Bristol Palin,Bristol Palin,3,3,-10,2012-09-24,2012-09-30,OK
15,2,Bristol Palin,Bristol Palin,2,2,-201,2012-10-01,2012-10-07,OK
15,3,Bristol Palin,Bristol Palin,4,2,-127,2012-10-08,2012-10-14,OK
15,4,Bristol Palin,Bristol Palin,2,2,0,2012-10-15,2012-10-21,OK
15,5,Bristol Palin,Bristol Palin,1,1,0,2012-10-22,2012-10-28,OK
15,6,Bristol Palin,Bristol Palin,2,2,-4,2012-10-29,2012-11-04,OK
15,7,Bristol Palin,Bristol Palin,0,0,0,2012-11-05,2012-11-11,OK
15,8,Bristol Palin,Bristol Palin,1,1,0,2012-11-12,2012-11-18,OK
15,9,Bristol Palin,Bristol Palin,0,0,0,2012-11-19,2012-11-25,OK
15,10,Bristol Palin,Bristol Palin,1,1,0,2012-11-26,2012-12-02,OK
15,1,Drew Lachey,Drew Lachey,6,2,35,2012-09-24,2012-09-30,OK
15,2,Drew Lachey,Drew Lachey,1,1,0,2012-10-01,2012-10-07,OK
15,3,Drew Lachey,Drew Lachey,9,3,-122,2012-10-08,2012-10-14,OK
15,4,Drew Lachey,Drew Lachey,2,2,0,2012-10-15,2012-10-21,OK
15,5,Drew Lachey,Drew Lachey,0,0,0,2012-10-22,2012-10-28,OK
15,6,Drew Lachey,Drew Lachey,0,0,0,2012-10-29,2012-11-04,OK
15,7,Drew Lachey,Drew Lachey,0,0,0,2012-11-05,2012-11-11,OK
15,8,Drew Lachey,Drew Lachey,0,0,0,2012-11-12,2012-11-18,OK
15,9,Drew Lachey,Drew Lachey,0,0,0,2012-11-19,2012-11-25,OK
15,10,Drew Lachey,Drew Lachey,0,0,0,2012-11-26,2012-12-02,OK
15,1,Emmitt Smith,Emmitt Smith,4,3,25,2012-09-24,2012-09-30,OK
15,2,Emmitt Smith,Emmitt Smith,8,5,-12,2012-10-01,2012-10-07,OK
15,3,Emmitt Smith,Emmitt Smith,3,2,-1,2012-10-08,2012-10-14,OK
15,4,Emmitt Smith,Emmitt Smith,1,1,0,2012-10-15,2012-10-21,OK
15,5,Emmitt Smith,Emmitt Smith,2,2,-2,2012-10-22,2012-10-28,OK
15,6,Emmitt Smith,Emmitt Smith,4,4,38,2012-10-29,2012-11-04,OK
15,7,Emmitt Smith,Emmitt Smith,2,2,-1,2012-11-05,2012-11-11,OK
15,8,Emmitt Smith,Emmitt Smith,4,4,-27,2012-11-12,2012-11-18,OK
15,9,Emmitt Smith,Emmitt Smith,5,5,127,2012-11-19,2012-11-25,OK
15,10,Emmitt Smith,Emmitt Smith,2,2,1,2012-11-26,2012-12-02,OK
15,1,Gilles Marini,Gilles Marini,0,0,0,2012-09-24,2012-09-30,OK
15,2,Gilles Marini,Gilles Marini,1,1,0,2012-10-01,2012-10-07,OK
15,3,Gilles Marini,Gilles Marini,0,0,0,2012-10-08,2012-10-14,OK
15,4,Gilles Marini,Gilles Marini,1,1,0,2012-10-15,2012-10-21,OK
15,5,Gilles Marini,Gilles Marini,1,1,0,2012-10-22,2012-10-28,OK
15,6,Gilles Marini,Gilles Marini,1,1,0,2012-10-29,2012-11-04,OK
15,7,Gilles Marini,Gilles Marini,1,1,0,2012-11-05,2012-11-11,OK
15,8,Gilles Marini,Gilles Marini,1,1,0,2012-11-12,2012-11-18,OK
15,9,Gilles Marini,Gilles Marini,2,2,13,2012-11-19,2012-11-25,OK
15,10,Gilles Marini,Gilles Marini,1,1,0,2012-11-26,2012-12-02,OK
15,1,Helio Castroneves,Hélio Castroneves,2,2,0,2012-09-24,2012-09-30,OK
15,2,Helio Castroneves,Hélio Castroneves,0,0,0,2012-10-01,2012-10-07,OK
15,3,Helio Castroneves,Hélio Castroneves,1,1,0,2012-10-08,2012-10-14,OK
15,4,Helio Castroneves,Hélio Castroneves,0,0,0,2012-10-15,2012-10-21,OK
15,5,Helio Castroneves,Hélio Castroneves,0,0,0,2012-10-22,2012-10-28,OK
15,6,Helio Castroneves,Hélio Castroneves,0,0,0,2012-10-29,2012-11-04,OK
15,7,Helio Castroneves,Hélio Castroneves,0,0,0,2012-11-05,2012-11-11,OK
15,8,Helio Castroneves,Hélio Castroneves,0,0,0,2012-11-12,2012-11-18,OK
15,9,Helio Castroneves,Hélio Castroneves,0,0,0,2012-11-19,2012-11-25,OK
15,10,Helio Castroneves,Hélio Castroneves,0,0,0,2012-11-26,2012-12-02,OK
15,1,Joey Fatone,Joey Fatone,1,1,0,2012-09-24,2012-09-30,OK
15,2,Joey Fatone,Joey Fatone,5,5,-18,2012-10-01,2012-10-07,OK
15,3,Joey Fatone,Joey Fatone,3,2,-1,2012-10-08,2012-10-14,OK
15,4,Joey Fatone,Joey Fatone,0,0,0,2012-10-15,2012-10-21,OK
15,5,Joey Fatone,Joey Fatone,0,0,0,2012-10-22,2012-10-28,OK
15,6,Joey Fatone,Joey Fatone,0,0,0,2012-10-29,2012-11-04,OK
15,7,Joey Fatone,Joey Fatone,1,1,0,2012-11-05,2012-11-11,OK
15,8,Joey Fatone,Joey Fatone,4,4,-3,2012-11-12,2012-11-18,OK
15,9,Joey Fatone,Joey Fatone,7,3,4,2012-11-19,2012-11-25,OK
15,10,Joey Fatone,Joey Fatone,1,1,0,2012-11-26,2012-12-02,OK
15,1,Kelly Monaco,Kelly Monaco,4,3,-17,2012-09-24,2012-09-30,OK
15,2,Kelly Monaco,Kelly Monaco,2,1,345,2012-10-01,2012-10-07,OK
15,3,Kelly Monaco,Kelly Monaco,1,1,0,2012-10-08,2012-10-14,OK
15,4,Kelly Monaco,Kelly Monaco,3,2,-112,2012-10-15,2012-10-21,OK
15,5,Kelly Monaco,Kelly Monaco,3,3,-110,2012-10-22,2012-10-28,OK
15,6,Kelly Monaco,Kelly Monaco,13,4,607,2012-10-29,2012-11-04,OK
15,7,Kelly Monaco,Kelly Monaco,4,3,-157,2012-11-05,2012-11-11,OK
15,8,Kelly Monaco,Kelly Monaco,3,3,-43,2012-11-12,2012-11-18,OK
15,9,Kelly Monaco,Kelly Monaco,8,3,309,2012-11-19,2012-11-25,OK
15,10,Kelly Monaco,Kelly Monaco,5,5,259,2012-11-26,2012-12-02,OK
15,1,Kirstie Alley,Kirstie Alley,5,5,-51,2012-09-24,2012-09-30,OK
15,2,Kirstie Alley,Kirstie Alley,1,1,0,2012-10-01,2012-10-07,OK
15,3,Kirstie Alley,Kirstie Alley,6,5,4,2012-10-08,2012-10-14,OK
15,4,Kirstie Alley,Kirstie Alley,1,1,0,2012-10-15,2012-10-21,OK
15,5,Kirstie Alley,Kirstie Alley,6,3,0,2012-10-22,2012-10-28,OK
15,6,Kirstie Alley,Kirstie Alley,9,6,6,2012-10-29,2012-11-04,OK
15,7,Kirstie Alley,Kirstie Alley,2,2,-53,2012-11-05,2012-11-11,OK
15,8,Kirstie Alley,Kirstie Alley,0,0,0,2012-11-12,2012-11-18,OK
15,9,Kirstie Alley,Kirstie Alley,10,8,49,2012-11-19,2012-11-25,OK
15,10,Kirstie Alley,Kirstie Alley,2,2,-29,2012-11-26,2012-12-02,OK
15,1,Melissa Rycroft,Melissa Rycroft,2,2,-3,2012-09-24,2012-09-30,OK
15,2,Melissa Rycroft,Melissa Rycroft,2,2,8,2012-10-01,2012-10-07,OK
15,3,Melissa Rycroft,Melissa Rycroft,5,2,95,2012-10-08,2012-10-14,OK
15,4,Melissa Rycroft,Melissa Rycroft,0,0,0,2012-10-15,2012-10-21,OK
15,5,Melissa Rycroft,Melissa Rycroft,2,1,0,2012-10-22,2012-10-28,OK
15,6,Melissa Rycroft,Melissa Rycroft,0,0,0,2012-10-29,2012-11-04,OK
15,7,Melissa Rycroft,Melissa Rycroft,0,0,0,2012-11-05,2012-11-11,OK
15,8,Melissa Rycroft,Melissa Rycroft,1,1,0,2012-11-12,2012-11-18,OK
15,9,Melissa Rycroft,Melissa Rycroft,2,2,9,2012-11-19,2012-11-25,OK
15,10,Melissa Rycroft,Melissa Rycroft,29,19,-1027,2012-11-26,2012-12-02,OK
15,1,Pamela Anderson,Pamela Anderson,9,9,340,2012-09-24,2012-09-30,OK
15,2,Pamela Anderson,Pamela Anderson,9,6,-83,2012-10-01,2012-10-07,OK
15,3,Pamela Anderson,Pamela Anderson,2,2,-15,2012-10-08,2012-10-14,OK
15,4,Pamela Anderson,Pamela Anderson,4,3,8,2012-10-15,2012-10-21,OK
15,5,Pamela Anderson,Pamela Anderson,11,10,-15178,2012-10-22,2012-10-28,OK
15,6,Pamela Anderson,Pamela Anderson,2,2,106,2012-10-29,2012-11-04,OK
15,7,Pamela Anderson,Pamela Anderson,1,1,0,2012-11-05,2012-11-11,OK
15,8,Pamela Anderson,Pamela Anderson,6,5,40,2012-11-12,2012-11-18,OK
15,9,Pamela Anderson,Pamela Anderson,7,5,-225,2012-11-19,2012-11-25,OK
15,10,Pamela Anderson,Pamela Anderson,8,7,-245,2012-11-26,2012-12-02,OK
15,1,Sabrina Bryan,Sabrina Bryan,6,5,-563,2012-09-24,2012-09-30,OK
15,2,Sabrina Bryan,Sabrina Bryan,4,3,157,2012-10-01,2012-10-07,OK
15,3,Sabrina Bryan,Sabrina Bryan,10,5,378,2012-10-08,2012-10-14,OK
15,4,Sabrina Bryan,Sabrina Bryan,10,3,-10,2012-10-15,2012-10-21,OK
15,5,Sabrina Bryan,Sabrina Bryan,2,2,0,2012-10-22,2012-10-28,OK
15,6,Sabrina Bryan,Sabrina Bryan,18,10,32,2012-10-29,2012-11-04,OK
15,7,Sabrina Bryan,Sabrina Bryan,1,1,0,2012-11-05,2012-11-11,OK
15,8,Sabrina Bryan,Sabrina Bryan,3,3,31,2012-11-12,2012-11-18,OK
15,9,Sabrina Bryan,Sabrina Bryan,1,1,0,2012-11-19,2012-11-25,OK
15,10,Sabrina Bryan,Sabrina Bryan,2,2,0,2012-11-26,2012-12-02,OK
15,1,Shawn Johnson,Shawn Johnson East,5,4,-53,2012-09-24,2012-09-30,OK
15,2,Shawn Johnson,Shawn Johnson East,10,7,-9,2012-10-01,2012-10-07,OK
15,3,Shawn Johnson,Shawn Johnson East,4,4,3,2012-10-08,2012-10-14,OK
15,4,Shawn Johnson,Shawn Johnson East,4,3,-594,2012-10-15,2012-10-21,OK
15,5,Shawn Johnson,Shawn Johnson East,2,2,12,2012-10-22,2012-10-28,OK
15,6,Shawn Johnson,Shawn Johnson East,7,5,21,2012-10-29,2012-11-04,OK
15,7,Shawn Johnson,Shawn Johnson East,1,1,0,2012-11-05,2012-11-11,OK
15,8,Shawn Johnson,Shawn Johnson East,3,2,-2,2012-11-12,2012-11-18,OK
15,9,Shawn Johnson,Shawn Johnson East,1,1,0,2012-11-19,2012-11-25,OK
15,10,Shawn Johnson,Shawn Johnson East,10,7,171,2012-11-26,2012-12-02,OK
16,1,Alexandra Raisman,Aly Raisman,10,6,74,2013-03-18,2013-03-24,OK
16,2,Alexandra Raisman,Aly Raisman,4,3,1,2013-03-25,2013-03-31,OK
16,3,Alexandra Raisman,Aly Raisman,13,9,-128,2013-04-01,2013-04-07,OK
16,4,Alexandra Raisman,Aly Raisman,17,8,110,2013-04-08,2013-04-14,OK
16,5,Alexandra Raisman,Aly Raisman,6,2,73,2013-04-15,2013-04-21,OK
16,6,Alexandra Raisman,Aly Raisman,12,3,79,2013-04-22,2013-04-28,OK
16,7,Alexandra Raisman,Aly Raisman,23,7,3,2013-04-29,2013-05-05,OK
16,8,Alexandra Raisman,Aly Raisman,8,3,12,2013-05-06,2013-05-12,OK
16,9,Alexandra Raisman,Aly Raisman,19,12,168,2013-05-13,2013-05-19,OK
16,10,Alexandra Raisman,Aly Raisman,10,9,70,2013-05-20,2013-05-26,OK
16,1,Andy Dick,Andy Dick,4,4,204,2013-03-18,2013-03-24,OK
16,2,Andy Dick,Andy Dick,1,1,0,2013-03-25,2013-03-31,OK
16,3,Andy Dick,Andy Dick,0,0,0,2013-04-01,2013-04-07,OK
16,4,Andy Dick,Andy Dick,0,0,0,2013-04-08,2013-04-14,OK
16,5,Andy Dick,Andy Dick,0,0,0,2013-04-15,2013-04-21,OK
16,6,Andy Dick,Andy Dick,3,3,29,2013-04-22,2013-04-28,OK
16,7,Andy Dick,Andy Dick,0,0,0,2013-04-29,2013-05-05,OK
16,8,Andy Dick,Andy Dick,0,0,0,2013-05-06,2013-05-12,OK
16,9,Andy Dick,Andy Dick,0,0,0,2013-05-13,2013-05-19,OK
16,10,Andy Dick,Andy Dick,0,0,0,2013-05-20,2013-05-26,OK
16,1,D. L. Hughley,D. L. Hughley,0,0,0,2013-03-18,2013-03-24,OK
16,2,D. L. Hughley,D. L. Hughley,0,0,0,2013-03-25,2013-03-31,OK
16,3,D. L. Hughley,D. L. Hughley,6,3,72,2013-04-01,2013-04-07,OK
16,4,D. L. Hughley,D. L. Hughley,0,0,0,2013-04-08,2013-04-14,OK
16,5,D. L. Hughley,D. L. Hughley,5,3,-96,2013-04-15,2013-04-21,OK
16,6,D. L. Hughley,D. L. Hughley,0,0,0,2013-04-22,2013-04-28,OK
16,7,D. L. Hughley,D. L. Hughley,0,0,0,2013-04-29,2013-05-05,OK
16,8,D. L. Hughley,D. L. Hughley,0,0,0,2013-05-06,2013-05-12,OK
16,9,D. L. Hughley,D. L. Hughley,0,0,0,2013-05-13,2013-05-19,OK
16,10,D. L. Hughley,D. L. Hughley,0,0,0,2013-05-20,2013-05-26,OK
16,1,Dorothy Hamill,Dorothy Hamill,3,3,-423,2013-03-18,2013-03-24,OK
16,2,Dorothy Hamill,Dorothy Hamill,5,5,761,2013-03-25,2013-03-31,OK
16,3,Dorothy Hamill,Dorothy Hamill,0,0,0,2013-04-01,2013-04-07,OK
16,4,Dorothy Hamill,Dorothy Hamill,0,0,0,2013-04-08,2013-04-14,OK
16,5,Dorothy Hamill,Dorothy Hamill,0,0,0,2013-04-15,2013-04-21,OK
16,6,Dorothy Hamill,Dorothy Hamill,0,0,0,2013-04-22,2013-04-28,OK
16,7,Dorothy Hamill,Dorothy Hamill,1,1,0,2013-04-29,2013-05-05,OK
16,8,Dorothy Hamill,Dorothy Hamill,0,0,0,2013-05-06,2013-05-12,OK
16,9,Dorothy Hamill,Dorothy Hamill,0,0,0,2013-05-13,2013-05-19,OK
16,10,Dorothy Hamill,Dorothy Hamill,0,0,0,2013-05-20,2013-05-26,OK
16,1,Ingo Rademacher,Ingo Rademacher,3,3,0,2013-03-18,2013-03-24,OK
16,2,Ingo Rademacher,Ingo Rademacher,0,0,0,2013-03-25,2013-03-31,OK
16,3,Ingo Rademacher,Ingo Rademacher,1,1,0,2013-04-01,2013-04-07,OK
16,4,Ingo Rademacher,Ingo Rademacher,0,0,0,2013-04-08,2013-04-14,OK
16,5,Ingo Rademacher,Ingo Rademacher,3,2,6,2013-04-15,2013-04-21,OK
16,6,Ingo Rademacher,Ingo Rademacher,0,0,0,2013-04-22,2013-04-28,OK
16,7,Ingo Rademacher,Ingo Rademacher,0,0,0,2013-04-29,2013-05-05,OK
16,8,Ingo Rademacher,Ingo Rademacher,1,1,0,2013-05-06,2013-05-12,OK
16,9,Ingo Rademacher,Ingo Rademacher,8,6,647,2013-05-13,2013-05-19,OK
16,10,Ingo Rademacher,Ingo Rademacher,0,0,0,2013-05-20,2013-05-26,OK
16,1,Jacoby Jones,Jacoby Jones,6,4,-20,2013-03-18,2013-03-24,OK
16,2,Jacoby Jones,Jacoby Jones,3,3,-10,2013-03-25,2013-03-31,OK
16,3,Jacoby Jones,Jacoby Jones,2,2,0,2013-04-01,2013-04-07,OK
16,4,Jacoby Jones,Jacoby Jones,7,3,173,2013-04-08,2013-04-14,OK
16,5,Jacoby Jones,Jacoby Jones,5,4,-3,2013-04-15,2013-04-21,OK
16,6,Jacoby Jones,Jacoby Jones,1,1,0,2013-04-22,2013-04-28,OK
16,7,Jacoby Jones,Jacoby Jones,10,8,-992,2013-04-29,2013-05-05,OK
16,8,Jacoby Jones,Jacoby Jones,7,7,435,2013-05-06,2013-05-12,OK
16,9,Jacoby Jones,Jacoby Jones,6,4,-44,2013-05-13,2013-05-19,OK
16,10,Jacoby Jones,Jacoby Jones,9,7,403,2013-05-20,2013-05-26,OK
16,1,Kellie Pickler,Kellie Pickler,5,3,41,2013-03-18,2013-03-24,OK
16,2,Kellie Pickler,Kellie Pickler,10,8,34,2013-03-25,2013-03-31,OK
16,3,Kellie Pickler,Kellie Pickler,17,10,-125,2013-04-01,2013-04-07,OK
16,4,Kellie Pickler,Kellie Pickler,7,5,109,2013-04-08,2013-04-14,OK
16,5,Kellie Pickler,Kellie Pickler,26,6,1035,2013-04-15,2013-04-21,OK
16,6,Kellie Pickler,Kellie Pickler,24,9,149,2013-04-22,2013-04-28,OK
16,7,Kellie Pickler,Kellie Pickler,24,6,177,2013-04-29,2013-05-05,OK
16,8,Kellie Pickler,Kellie Pickler,23,7,20,2013-05-06,2013-05-12,OK
16,9,Kellie Pickler,Kellie Pickler,30,11,-30,2013-05-13,2013-05-19,OK
16,10,Kellie Pickler,Kellie Pickler,52,24,-448,2013-05-20,2013-05-26,OK
16,1,Lisa Vanderpump,Lisa Vanderpump,12,6,706,2013-03-18,2013-03-24,OK
16,2,Lisa Vanderpump,Lisa Vanderpump,8,3,48,2013-03-25,2013-03-31,OK
16,3,Lisa Vanderpump,Lisa Vanderpump,3,2,6,2013-04-01,2013-04-07,OK
16,4,Lisa Vanderpump,Lisa Vanderpump,12,5,367,2013-04-08,2013-04-14,OK
16,5,Lisa Vanderpump,Lisa Vanderpump,3,2,-160,2013-04-15,2013-04-21,OK
16,6,Lisa Vanderpump,Lisa Vanderpump,0,0,0,2013-04-22,2013-04-28,OK
16,7,Lisa Vanderpump,Lisa Vanderpump,0,0,0,2013-04-29,2013-05-05,OK
16,8,Lisa Vanderpump,Lisa Vanderpump,0,0,0,2013-05-06,2013-05-12,OK
16,9,Lisa Vanderpump,Lisa Vanderpump,1,1,0,2013-05-13,2013-05-19,OK
16,10,Lisa Vanderpump,Lisa Vanderpump,1,1,0,2013-05-20,2013-05-26,OK
16,1,Sean Lowe,Sean Lowe (television personality),0,0,0,2013-03-18,2013-03-24,OK
16,2,Sean Lowe,Sean Lowe (television personality),0,0,0,2013-03-25,2013-03-31,OK
16,3,Sean Lowe,Sean Lowe (television personality),0,0,0,2013-04-01,2013-04-07,OK
16,4,Sean Lowe,Sean Lowe (television personality),0,0,0,2013-04-08,2013-04-14,OK
16,5,Sean Lowe,Sean Lowe (television personality),0,0,0,2013-04-15,2013-04-21,OK
16,6,Sean Lowe,Sean Lowe (television personality),0,0,0,2013-04-22,2013-04-28,OK
16,7,Sean Lowe,Sean Lowe (television personality),0,0,0,2013-04-29,2013-05-05,OK
16,8,Sean Lowe,Sean Lowe (television personality),0,0,0,2013-05-06,2013-05-12,OK
16,9,Sean Lowe,Sean Lowe (television personality),0,0,0,2013-05-13,2013-05-19,OK
16,10,Sean Lowe,Sean Lowe (television personality),0,0,0,2013-05-20,2013-05-26,OK
16,1,Victor Ortiz,Victor Ortiz,2,2,0,2013-03-18,2013-03-24,OK
16,2,Victor Ortiz,Victor Ortiz,1,1,0,2013-03-25,2013-03-31,OK
16,3,Victor Ortiz,Victor Ortiz,0,0,0,2013-04-01,2013-04-07,OK
16,4,Victor Ortiz,Victor Ortiz,3,3,22,2013-04-08,2013-04-14,OK
16,5,Victor Ortiz,Victor Ortiz,0,0,0,2013-04-15,2013-04-21,OK
16,6,Victor Ortiz,Victor Ortiz,23,14,-2484,2013-04-22,2013-04-28,OK
16,7,Victor Ortiz,Victor Ortiz,10,4,36,2013-04-29,2013-05-05,OK
16,8,Victor Ortiz,Victor Ortiz,8,6,357,2013-05-06,2013-05-12,OK
16,9,Victor Ortiz,Victor Ortiz,0,0,0,2013-05-13,2013-05-19,OK
16,10,Victor Ortiz,Victor Ortiz,2,2,0,2013-05-20,2013-05-26,OK
16,1,Wynonna Judd,Wynonna Judd,2,2,0,2013-03-18,2013-03-24,OK
16,2,Wynonna Judd,Wynonna Judd,1,1,0,2013-03-25,2013-03-31,OK
16,3,Wynonna Judd,Wynonna Judd,12,4,135,2013-04-01,2013-04-07,OK
16,4,Wynonna Judd,Wynonna Judd,0,0,0,2013-04-08,2013-04-14,OK
16,5,Wynonna Judd,Wynonna Judd,0,0,0,2013-04-15,2013-04-21,OK
16,6,Wynonna Judd,Wynonna Judd,0,0,0,2013-04-22,2013-04-28,OK
16,7,Wynonna Judd,Wynonna Judd,1,1,0,2013-04-29,2013-05-05,OK
16,8,Wynonna Judd,Wynonna Judd,0,0,0,2013-05-06,2013-05-12,OK
16,9,Wynonna Judd,Wynonna Judd,0,0,0,2013-05-13,2013-05-19,OK
16,10,Wynonna Judd,Wynonna Judd,0,0,0,2013-05-20,2013-05-26,OK
16,1,Zendaya,Zendaya,9,6,495,2013-03-18,2013-03-24,OK
16,2,Zendaya,Zendaya,9,7,179,2013-03-25,2013-03-31,OK
16,3,Zendaya,Zendaya,16,5,-1195,2013-04-01,2013-04-07,OK
16,4,Zendaya,Zendaya,8,4,-20,2013-04-08,2013-04-14,OK
16,5,Zendaya,Zendaya,1,1,0,2013-04-15,2013-04-21,OK
16,6,Zendaya,Zendaya,0,0,0,2013-04-22,2013-04-28,OK
16,7,Zendaya,Zendaya,5,3,-155,2013-04-29,2013-05-05,OK
16,8,Zendaya,Zendaya,6,4,4,2013-05-06,2013-05-12,OK
16,9,Zendaya,Zendaya,5,2,10,2013-05-13,2013-05-19,OK
16,10,Zendaya,Zendaya,13,8,333,2013-05-20,2013-05-26,OK
17,1,Amber Riley,Amber Riley,9,7,128,2013-09-16,2013-09-22,OK
17,2,Amber Riley,Amber Riley,0,0,0,2013-09-23,2013-09-29,OK
17,3,Amber Riley,Amber Riley,3,1,-18,2013-09-30,2013-10-06,OK
17,4,Amber Riley,Amber Riley,8,3,32,2013-10-07,2013-10-13,OK
17,5,Amber Riley,Amber Riley,2,1,5,2013-10-14,2013-10-20,OK
17,6,Amber Riley,Amber Riley,14,7,483,2013-10-21,2013-10-27,OK
17,7,Amber Riley,Amber Riley,6,3,-47,2013-10-28,2013-11-03,OK
17,8,Amber Riley,Amber Riley,4,2,168,2013-11-04,2013-11-10,OK
17,9,Amber Riley,Amber Riley,3,2,56,2013-11-11,2013-11-17,OK
17,10,Amber Riley,Amber Riley,5,3,487,2013-11-18,2013-11-24,OK
17,11,Amber Riley,Amber Riley,29,20,176,2013-11-25,2013-12-01,OK
17,1,Bill Engvall,Bill Engvall,0,0,0,2013-09-16,2013-09-22,OK
17,2,Bill Engvall,Bill Engvall,0,0,0,2013-09-23,2013-09-29,OK
17,3,Bill Engvall,Bill Engvall,2,2,0,2013-09-30,2013-10-06,OK
17,4,Bill Engvall,Bill Engvall,5,1,178,2013-10-07,2013-10-13,OK
17,5,Bill Engvall,Bill Engvall,0,0,0,2013-10-14,2013-10-20,OK
17,6,Bill Engvall,Bill Engvall,0,0,0,2013-10-21,2013-10-27,OK
17,7,Bill Engvall,Bill Engvall,0,0,0,2013-10-28,2013-11-03,OK
17,8,Bill Engvall,Bill Engvall,0,0,0,2013-11-04,2013-11-10,OK
17,9,Bill Engvall,Bill Engvall,2,2,28,2013-11-11,2013-11-17,OK
17,10,Bill Engvall,Bill Engvall,2,2,464,2013-11-18,2013-11-24,OK
17,11,Bill Engvall,Bill Engvall,2,2,0,2013-11-25,2013-12-01,OK
17,1,Bill Nye,Bill Nye,0,0,0,2013-09-16,2013-09-22,OK
17,2,Bill Nye,Bill Nye,0,0,0,2013-09-23,2013-09-29,OK
17,3,Bill Nye,Bill Nye,6,2,287,2013-09-30,2013-10-06,OK
17,4,Bill Nye,Bill Nye,3,3,-266,2013-10-07,2013-10-13,OK
17,5,Bill Nye,Bill Nye,0,0,0,2013-10-14,2013-10-20,OK
17,6,Bill Nye,Bill Nye,0,0,0,2013-10-21,2013-10-27,OK
17,7,Bill Nye,Bill Nye,1,1,0,2013-10-28,2013-11-03,OK
17,8,Bill Nye,Bill Nye,1,1,0,2013-11-04,2013-11-10,OK
17,9,Bill Nye,Bill Nye,0,0,0,2013-11-11,2013-11-17,OK
17,10,Bill Nye,Bill Nye,0,0,0,2013-11-18,2013-11-24,OK
17,11,Bill Nye,Bill Nye,0,0,0,2013-11-25,2013-12-01,OK
17,1,Brant Daugherty,Brant Daugherty,1,1,0,2013-09-16,2013-09-22,OK
17,2,Brant Daugherty,Brant Daugherty,4,2,11,2013-09-23,2013-09-29,OK
17,3,Brant Daugherty,Brant Daugherty,1,1,0,2013-09-30,2013-10-06,OK
17,4,Brant Daugherty,Brant Daugherty,0,0,0,2013-10-07,2013-10-13,OK
17,5,Brant Daugherty,Brant Daugherty,0,0,0,2013-10-14,2013-10-20,OK
17,6,Brant Daugherty,Brant Daugherty,6,3,-67,2013-10-21,2013-10-27,OK
17,7,Brant Daugherty,Brant Daugherty,3,3,0,2013-10-28,2013-11-03,OK
17,8,Brant Daugherty,Brant Daugherty,4,3,-14,2013-11-04,2013-11-10,OK
17,9,Brant Daugherty,Brant Daugherty,0,0,0,2013-11-11,2013-11-17,OK
17,10,Brant Daugherty,Brant Daugherty,0,0,0,2013-11-18,2013-11-24,OK
17,11,Brant Daugherty,Brant Daugherty,0,0,0,2013-11-25,2013-12-01,OK
17,1,Christina Milian,Christina Milian,0,0,0,2013-09-16,2013-09-22,OK
17,2,Christina Milian,Christina Milian,2,2,0,2013-09-23,2013-09-29,OK
17,3,Christina Milian,Christina Milian,2,2,-139,2013-09-30,2013-10-06,OK
17,4,Christina Milian,Christina Milian,7,4,-37,2013-10-07,2013-10-13,OK
17,5,Christina Milian,Christina Milian,12,11,24,2013-10-14,2013-10-20,OK
17,6,Christina Milian,Christina Milian,2,2,0,2013-10-21,2013-10-27,OK
17,7,Christina Milian,Christina Milian,5,1,91,2013-10-28,2013-11-03,OK
17,8,Christina Milian,Christina Milian,14,4,205,2013-11-04,2013-11-10,OK
17,9,Christina Milian,Christina Milian,10,3,116,2013-11-11,2013-11-17,OK
17,10,Christina Milian,Christina Milian,0,0,0,2013-11-18,2013-11-24,OK
17,11,Christina Milian,Christina Milian,3,3,0,2013-11-25,2013-12-01,OK
17,1,Corbin Bleu,Corbin Bleu,1,1,0,2013-09-16,2013-09-22,OK
17,2,Corbin Bleu,Corbin Bleu,0,0,0,2013-09-23,2013-09-29,OK
17,3,Corbin Bleu,Corbin Bleu,0,0,0,2013-09-30,2013-10-06,OK
17,4,Corbin Bleu,Corbin Bleu,0,0,0,2013-10-07,2013-10-13,OK
17,5,Corbin Bleu,Corbin Bleu,2,2,0,2013-10-14,2013-10-20,OK
17,6,Corbin Bleu,Corbin Bleu,1,1,0,2013-10-21,2013-10-27,OK
17,7,Corbin Bleu,Corbin Bleu,0,0,0,2013-10-28,2013-11-03,OK
17,8,Corbin Bleu,Corbin Bleu,1,1,0,2013-11-04,2013-11-10,OK
17,9,Corbin Bleu,Corbin Bleu,1,1,0,2013-11-11,2013-11-17,OK
17,10,Corbin Bleu,Corbin Bleu,1,1,0,2013-11-18,2013-11-24,OK
17,11,Corbin Bleu,Corbin Bleu,12,10,-67,2013-11-25,2013-12-01,OK
17,1,Elizabeth Berkley Lauren,Elizabeth Berkley,2,1,308,2013-09-16,2013-09-22,OK
17,2,Elizabeth Berkley Lauren,Elizabeth Berkley,1,1,0,2013-09-23,2013-09-29,OK
17,3,Elizabeth Berkley Lauren,Elizabeth Berkley,0,0,0,2013-09-30,2013-10-06,OK
17,4,Elizabeth Berkley Lauren,Elizabeth Berkley,0,0,0,2013-10-07,2013-10-13,OK
17,5,Elizabeth Berkley Lauren,Elizabeth Berkley,0,0,0,2013-10-14,2013-10-20,OK
17,6,Elizabeth Berkley Lauren,Elizabeth Berkley,5,1,15,2013-10-21,2013-10-27,OK
17,7,Elizabeth Berkley Lauren,Elizabeth Berkley,0,0,0,2013-10-28,2013-11-03,OK
17,8,Elizabeth Berkley Lauren,Elizabeth Berkley,0,0,0,2013-11-04,2013-11-10,OK
17,9,Elizabeth Berkley Lauren,Elizabeth Berkley,2,2,0,2013-11-11,2013-11-17,OK
17,10,Elizabeth Berkley Lauren,Elizabeth Berkley,0,0,0,2013-11-18,2013-11-24,OK
17,11,Elizabeth Berkley Lauren,Elizabeth Berkley,0,0,0,2013-11-25,2013-12-01,OK
17,1,Jack Osbourne,Jack Osbourne,1,1,0,2013-09-16,2013-09-22,OK
17,2,Jack Osbourne,Jack Osbourne,0,0,0,2013-09-23,2013-09-29,OK
17,3,Jack Osbourne,Jack Osbourne,0,0,0,2013-09-30,2013-10-06,OK
17,4,Jack Osbourne,Jack Osbourne,2,2,0,2013-10-07,2013-10-13,OK
17,5,Jack Osbourne,Jack Osbourne,1,1,0,2013-10-14,2013-10-20,OK
17,6,Jack Osbourne,Jack Osbourne,2,2,-8,2013-10-21,2013-10-27,OK
17,7,Jack Osbourne,Jack Osbourne,4,3,-5,2013-10-28,2013-11-03,OK
17,8,Jack Osbourne,Jack Osbourne,2,2,-59,2013-11-04,2013-11-10,OK
17,9,Jack Osbourne,Jack Osbourne,0,0,0,2013-11-11,2013-11-17,OK
17,10,Jack Osbourne,Jack Osbourne,2,2,-12,2013-11-18,2013-11-24,OK
17,11,Jack Osbourne,Jack Osbourne,6,5,94,2013-11-25,2013-12-01,OK
17,1,Keyshawn Johnson,Keyshawn Johnson,3,2,102,2013-09-16,2013-09-22,OK
17,2,Keyshawn Johnson,Keyshawn Johnson,5,5,-55,2013-09-23,2013-09-29,OK
17,3,Keyshawn Johnson,Keyshawn Johnson,0,0,0,2013-09-30,2013-10-06,OK
17,4,Keyshawn Johnson,Keyshawn Johnson,0,0,0,2013-10-07,2013-10-13,OK
17,5,Keyshawn Johnson,Keyshawn Johnson,0,0,0,2013-10-14,2013-10-20,OK
17,6,Keyshawn Johnson,Keyshawn Johnson,0,0,0,2013-10-21,2013-10-27,OK
17,7,Keyshawn Johnson,Keyshawn Johnson,0,0,0,2013-10-28,2013-11-03,OK
17,8,Keyshawn Johnson,Keyshawn Johnson,0,0,0,2013-11-04,2013-11-10,OK
17,9,Keyshawn Johnson,Keyshawn Johnson,1,1,0,2013-11-11,2013-11-17,OK
17,10,Keyshawn Johnson,Keyshawn Johnson,0,0,0,2013-11-18,2013-11-24,OK
17,11,Keyshawn Johnson,Keyshawn Johnson,1,1,0,2013-11-25,2013-12-01,OK
17,1,Leah Remini,Leah Remini,1,1,0,2013-09-16,2013-09-22,OK
17,2,Leah Remini,Leah Remini,1,1,0,2013-09-23,2013-09-29,OK
17,3,Leah Remini,Leah Remini,3,3,0,2013-09-30,2013-10-06,OK
17,4,Leah Remini,Leah Remini,3,2,-1,2013-10-07,2013-10-13,OK
17,5,Leah Remini,Leah Remini,1,1,0,2013-10-14,2013-10-20,OK
17,6,Leah Remini,Leah Remini,5,5,-61,2013-10-21,2013-10-27,OK
17,7,Leah Remini,Leah Remini,2,2,367,2013-10-28,2013-11-03,OK
17,8,Leah Remini,Leah Remini,14,6,-175,2013-11-04,2013-11-10,OK
17,9,Leah Remini,Leah Remini,1,1,0,2013-11-11,2013-11-17,OK
17,10,Leah Remini,Leah Remini,7,6,219,2013-11-18,2013-11-24,OK
17,11,Leah Remini,Leah Remini,1,1,0,2013-11-25,2013-12-01,OK
17,1,"Nicole ""Snooki"" Polizzi",Snooki,1,1,0,2013-09-16,2013-09-22,OK
17,2,"Nicole ""Snooki"" Polizzi",Snooki,14,1,-822,2013-09-23,2013-09-29,OK
17,3,"Nicole ""Snooki"" Polizzi",Snooki,0,0,0,2013-09-30,2013-10-06,OK
17,4,"Nicole ""Snooki"" Polizzi",Snooki,0,0,0,2013-10-07,2013-10-13,OK
17,5,"Nicole ""Snooki"" Polizzi",Snooki,3,1,59,2013-10-14,2013-10-20,OK
17,6,"Nicole ""Snooki"" Polizzi",Snooki,5,3,-90,2013-10-21,2013-10-27,OK
17,7,"Nicole ""Snooki"" Polizzi",Snooki,14,4,428,2013-10-28,2013-11-03,OK
17,8,"Nicole ""Snooki"" Polizzi",Snooki,0,0,0,2013-11-04,2013-11-10,OK
17,9,"Nicole ""Snooki"" Polizzi",Snooki,0,0,0,2013-11-11,2013-11-17,OK
17,10,"Nicole ""Snooki"" Polizzi",Snooki,0,0,0,2013-11-18,2013-11-24,OK
17,11,"Nicole ""Snooki"" Polizzi",Snooki,0,0,0,2013-11-25,2013-12-01,OK
17,1,Valerie Harper,Valerie Harper,0,0,0,2013-09-16,2013-09-22,OK
17,2,Valerie Harper,Valerie Harper,0,0,0,2013-09-23,2013-09-29,OK
17,3,Valerie Harper,Valerie Harper,5,4,49,2013-09-30,2013-10-06,OK
17,4,Valerie Harper,Valerie Harper,3,2,-5,2013-10-07,2013-10-13,OK
17,5,Valerie Harper,Valerie Harper,0,0,0,2013-10-14,2013-10-20,OK
17,6,Valerie Harper,Valerie Harper,0,0,0,2013-10-21,2013-10-27,OK
17,7,Valerie Harper,Valerie Harper,2,2,1,2013-10-28,2013-11-03,OK
17,8,Valerie Harper,Valerie Harper,0,0,0,2013-11-04,2013-11-10,OK
17,9,Valerie Harper,Valerie Harper,0,0,0,2013-11-11,2013-11-17,OK
17,10,Valerie Harper,Valerie Harper,5,4,55,2013-11-18,2013-11-24,OK
17,11,Valerie Harper,Valerie Harper,4,2,-1,2013-11-25,2013-12-01,OK
18,1,Amy Purdy,Amy Purdy,24,12,29,2014-03-17,2014-03-23,OK
18,2,Amy Purdy,Amy Purdy,11,8,-649,2014-03-24,2014-03-30,OK
18,3,Amy Purdy,Amy Purdy,4,2,164,2014-03-31,2014-04-06,OK
18,4,Amy Purdy,Amy Purdy,4,3,0,2014-04-07,2014-04-13,OK
18,5,Amy Purdy,Amy Purdy,7,6,158,2014-04-14,2014-04-20,OK
18,6,Amy Purdy,Amy Purdy,2,2,0,2014-04-21,2014-04-27,OK
18,7,Amy Purdy,Amy Purdy,4,2,0,2014-04-28,2014-05-04,OK
18,8,Amy Purdy,Amy Purdy,2,1,12,2014-05-05,2014-05-11,OK
18,9,Amy Purdy,Amy Purdy,7,5,-568,2014-05-12,2014-05-18,OK
18,10,Amy Purdy,Amy Purdy,17,10,-107,2014-05-19,2014-05-25,OK
18,1,Billy Dee Williams,Billy Dee Williams,1,1,0,2014-03-17,2014-03-23,OK
18,2,Billy Dee Williams,Billy Dee Williams,0,0,0,2014-03-24,2014-03-30,OK
18,3,Billy Dee Williams,Billy Dee Williams,9,5,1,2014-03-31,2014-04-06,OK
18,4,Billy Dee Williams,Billy Dee Williams,2,2,-49,2014-04-07,2014-04-13,OK
18,5,Billy Dee Williams,Billy Dee Williams,1,1,0,2014-04-14,2014-04-20,OK
18,6,Billy Dee Williams,Billy Dee Williams,1,1,0,2014-04-21,2014-04-27,OK
18,7,Billy Dee Williams,Billy Dee Williams,4,3,-58,2014-04-28,2014-05-04,OK
18,8,Billy Dee Williams,Billy Dee Williams,5,3,963,2014-05-05,2014-05-11,OK
18,9,Billy Dee Williams,Billy Dee Williams,5,3,157,2014-05-12,2014-05-18,OK
18,10,Billy Dee Williams,Billy Dee Williams,2,2,0,2014-05-19,2014-05-25,OK
18,1,Candace Cameron Bure,Candace Cameron Bure,6,6,79,2014-03-17,2014-03-23,OK
18,2,Candace Cameron Bure,Candace Cameron Bure,2,2,0,2014-03-24,2014-03-30,OK
18,3,Candace Cameron Bure,Candace Cameron Bure,1,1,0,2014-03-31,2014-04-06,OK
18,4,Candace Cameron Bure,Candace Cameron Bure,6,5,351,2014-04-07,2014-04-13,OK
18,5,Candace Cameron Bure,Candace Cameron Bure,3,2,-2,2014-04-14,2014-04-20,OK
18,6,Candace Cameron Bure,Candace Cameron Bure,0,0,0,2014-04-21,2014-04-27,OK
18,7,Candace Cameron Bure,Candace Cameron Bure,4,3,-239,2014-04-28,2014-05-04,OK
18,8,Candace Cameron Bure,Candace Cameron Bure,0,0,0,2014-05-05,2014-05-11,OK
18,9,Candace Cameron Bure,Candace Cameron Bure,3,2,-9,2014-05-12,2014-05-18,OK
18,10,Candace Cameron Bure,Candace Cameron Bure,16,7,-351,2014-05-19,2014-05-25,OK
18,1,Charlie White,Charlie White (figure skater),4,4,300,2014-03-17,2014-03-23,OK
18,2,Charlie White,Charlie White (figure skater),2,1,0,2014-03-24,2014-03-30,OK
18,3,Charlie White,Charlie White (figure skater),4,3,2,2014-03-31,2014-04-06,OK
18,4,Charlie White,Charlie White (figure skater),3,2,111,2014-04-07,2014-04-13,OK
18,5,Charlie White,Charlie White (figure skater),6,4,352,2014-04-14,2014-04-20,OK
18,6,Charlie White,Charlie White (figure skater),5,3,0,2014-04-21,2014-04-27,OK
18,7,Charlie White,Charlie White (figure skater),2,1,4,2014-04-28,2014-05-04,OK
18,8,Charlie White,Charlie White (figure skater),2,1,-2,2014-05-05,2014-05-11,OK
18,9,Charlie White,Charlie White (figure skater),4,3,163,2014-05-12,2014-05-18,OK
18,10,Charlie White,Charlie White (figure skater),5,5,66,2014-05-19,2014-05-25,OK
18,1,Cody Simpson,Cody Simpson,14,10,76,2014-03-17,2014-03-23,OK
18,2,Cody Simpson,Cody Simpson,12,8,-315,2014-03-24,2014-03-30,OK
18,3,Cody Simpson,Cody Simpson,0,0,0,2014-03-31,2014-04-06,OK
18,4,Cody Simpson,Cody Simpson,14,10,50,2014-04-07,2014-04-13,OK
18,5,Cody Simpson,Cody Simpson,14,10,3886,2014-04-14,2014-04-20,OK
18,6,Cody Simpson,Cody Simpson,7,7,-117,2014-04-21,2014-04-27,OK
18,7,Cody Simpson,Cody Simpson,7,6,-59,2014-04-28,2014-05-04,OK
18,8,Cody Simpson,Cody Simpson,10,8,-436,2014-05-05,2014-05-11,OK
18,9,Cody Simpson,Cody Simpson,16,9,-29,2014-05-12,2014-05-18,OK
18,10,Cody Simpson,Cody Simpson,12,10,16,2014-05-19,2014-05-25,OK
18,1,Danica McKellar,Danica McKellar,2,1,164,2014-03-17,2014-03-23,OK
18,2,Danica McKellar,Danica McKellar,0,0,0,2014-03-24,2014-03-30,OK
18,3,Danica McKellar,Danica McKellar,5,5,109,2014-03-31,2014-04-06,OK
18,4,Danica McKellar,Danica McKellar,0,0,0,2014-04-07,2014-04-13,OK
18,5,Danica McKellar,Danica McKellar,1,1,0,2014-04-14,2014-04-20,OK
18,6,Danica McKellar,Danica McKellar,0,0,0,2014-04-21,2014-04-27,OK
18,7,Danica McKellar,Danica McKellar,2,2,0,2014-04-28,2014-05-04,OK
18,8,Danica McKellar,Danica McKellar,3,3,-1,2014-05-05,2014-05-11,OK
18,9,Danica McKellar,Danica McKellar,1,1,0,2014-05-12,2014-05-18,OK
18,10,Danica McKellar,Danica McKellar,2,2,0,2014-05-19,2014-05-25,OK
18,1,Diana Nyad,Diana Nyad,2,2,112,2014-03-17,2014-03-23,OK
18,2,Diana Nyad,Diana Nyad,10,7,-19,2014-03-24,2014-03-30,OK
18,3,Diana Nyad,Diana Nyad,6,2,587,2014-03-31,2014-04-06,OK
18,4,Diana Nyad,Diana Nyad,1,1,0,2014-04-07,2014-04-13,OK
18,5,Diana Nyad,Diana Nyad,2,2,-261,2014-04-14,2014-04-20,OK
18,6,Diana Nyad,Diana Nyad,0,0,0,2014-04-21,2014-04-27,OK
18,7,Diana Nyad,Diana Nyad,0,0,0,2014-04-28,2014-05-04,OK
18,8,Diana Nyad,Diana Nyad,0,0,0,2014-05-05,2014-05-11,OK
18,9,Diana Nyad,Diana Nyad,0,0,0,2014-05-12,2014-05-18,OK
18,10,Diana Nyad,Diana Nyad,1,1,0,2014-05-19,2014-05-25,OK
18,1,Drew Carey,Drew Carey,0,0,0,2014-03-17,2014-03-23,OK
18,2,Drew Carey,Drew Carey,1,1,0,2014-03-24,2014-03-30,OK
18,3,Drew Carey,Drew Carey,3,3,-3,2014-03-31,2014-04-06,OK
18,4,Drew Carey,Drew Carey,0,0,0,2014-04-07,2014-04-13,OK
18,5,Drew Carey,Drew Carey,5,4,17,2014-04-14,2014-04-20,OK
18,6,Drew Carey,Drew Carey,6,5,-1,2014-04-21,2014-04-27,OK
18,7,Drew Carey,Drew Carey,0,0,0,2014-04-28,2014-05-04,OK
18,8,Drew Carey,Drew Carey,5,4,-32,2014-05-05,2014-05-11,OK
18,9,Drew Carey,Drew Carey,3,3,0,2014-05-12,2014-05-18,OK
18,10,Drew Carey,Drew Carey,2,2,0,2014-05-19,2014-05-25,OK
18,1,James Maslow,James Maslow,4,3,-528,2014-03-17,2014-03-23,OK
18,2,James Maslow,James Maslow,4,3,-44,2014-03-24,2014-03-30,OK
18,3,James Maslow,James Maslow,8,5,502,2014-03-31,2014-04-06,OK
18,4,James Maslow,James Maslow,12,5,175,2014-04-07,2014-04-13,OK
18,5,James Maslow,James Maslow,9,9,18,2014-04-14,2014-04-20,OK
18,6,James Maslow,James Maslow,29,12,364,2014-04-21,2014-04-27,OK
18,7,James Maslow,James Maslow,14,10,97,2014-04-28,2014-05-04,OK
18,8,James Maslow,James Maslow,8,3,356,2014-05-05,2014-05-11,OK
18,9,James Maslow,James Maslow,8,3,-99,2014-05-12,2014-05-18,OK
18,10,James Maslow,James Maslow,26,16,-246,2014-05-19,2014-05-25,OK
18,1,Meryl Davis,Meryl Davis,7,4,572,2014-03-17,2014-03-23,OK
18,2,Meryl Davis,Meryl Davis,2,1,0,2014-03-24,2014-03-30,OK
18,3,Meryl Davis,Meryl Davis,5,3,376,2014-03-31,2014-04-06,OK
18,4,Meryl Davis,Meryl Davis,3,2,-1,2014-04-07,2014-04-13,OK
18,5,Meryl Davis,Meryl Davis,4,3,367,2014-04-14,2014-04-20,OK
18,6,Meryl Davis,Meryl Davis,3,3,332,2014-04-21,2014-04-27,OK
18,7,Meryl Davis,Meryl Davis,4,2,58,2014-04-28,2014-05-04,OK
18,8,Meryl Davis,Meryl Davis,5,4,41,2014-05-05,2014-05-11,OK
18,9,Meryl Davis,Meryl Davis,5,4,93,2014-05-12,2014-05-18,OK
18,10,Meryl Davis,Meryl Davis,29,17,-1074,2014-05-19,2014-05-25,OK
18,1,NeNe Leakes,NeNe Leakes,0,0,0,2014-03-17,2014-03-23,OK
18,2,NeNe Leakes,NeNe Leakes,4,1,482,2014-03-24,2014-03-30,OK
18,3,NeNe Leakes,NeNe Leakes,2,1,2,2014-03-31,2014-04-06,OK
18,4,NeNe Leakes,NeNe Leakes,0,0,0,2014-04-07,2014-04-13,OK
18,5,NeNe Leakes,NeNe Leakes,6,3,857,2014-04-14,2014-04-20,OK
18,6,NeNe Leakes,NeNe Leakes,21,7,-52,2014-04-21,2014-04-27,OK
18,7,NeNe Leakes,NeNe Leakes,15,12,12,2014-04-28,2014-05-04,OK
18,8,NeNe Leakes,NeNe Leakes,15,8,38,2014-05-05,2014-05-11,OK
18,9,NeNe Leakes,NeNe Leakes,2,2,-1,2014-05-12,2014-05-18,OK
18,10,NeNe Leakes,NeNe Leakes,2,2,0,2014-05-19,2014-05-25,OK
18,1,Sean Avery,Sean Avery,0,0,0,2014-03-17,2014-03-23,OK
18,2,Sean Avery,Sean Avery,5,3,5,2014-03-24,2014-03-30,OK
18,3,Sean Avery,Sean Avery,0,0,0,2014-03-31,2014-04-06,OK
18,4,Sean Avery,Sean Avery,0,0,0,2014-04-07,2014-04-13,OK
18,5,Sean Avery,Sean Avery,2,2,20,2014-04-14,2014-04-20,OK
18,6,Sean Avery,Sean Avery,0,0,0,2014-04-21,2014-04-27,OK
18,7,Sean Avery,Sean Avery,1,1,0,2014-04-28,2014-05-04,OK
18,8,Sean Avery,Sean Avery,0,0,0,2014-05-05,2014-05-11,OK
18,9,Sean Avery,Sean Avery,4,4,-29,2014-05-12,2014-05-18,OK
18,10,Sean Avery,Sean Avery,3,2,-2,2014-05-19,2014-05-25,OK
19,1,Alfonso Ribeiro,Alfonso Ribeiro,6,5,34,2014-09-15,2014-09-21,OK
19,2,Alfonso Ribeiro,Alfonso Ribeiro,0,0,0,2014-09-22,2014-09-28,OK
19,3,Alfonso Ribeiro,Alfonso Ribeiro,2,2,0,2014-09-29,2014-10-05,OK
19,4,Alfonso Ribeiro,Alfonso Ribeiro,14,11,-1723,2014-10-06,2014-10-12,OK
19,5,Alfonso Ribeiro,Alfonso Ribeiro,2,2,0,2014-10-13,2014-10-19,OK
19,6,Alfonso Ribeiro,Alfonso Ribeiro,4,2,-134,2014-10-20,2014-10-26,OK
19,7,Alfonso Ribeiro,Alfonso Ribeiro,13,6,338,2014-10-27,2014-11-02,OK
19,8,Alfonso Ribeiro,Alfonso Ribeiro,4,2,1,2014-11-03,2014-11-09,OK
19,9,Alfonso Ribeiro,Alfonso Ribeiro,2,1,0,2014-11-10,2014-11-16,OK
19,10,Alfonso Ribeiro,Alfonso Ribeiro,3,2,0,2014-11-17,2014-11-23,OK
19,11,Alfonso Ribeiro,Alfonso Ribeiro,32,17,-92,2014-11-24,2014-11-30,OK
19,1,Antonio Sabato Jr.,Antonio Sabàto Jr.,0,0,0,2014-09-15,2014-09-21,OK
19,2,Antonio Sabato Jr.,Antonio Sabàto Jr.,0,0,0,2014-09-22,2014-09-28,OK
19,3,Antonio Sabato Jr.,Antonio Sabàto Jr.,0,0,0,2014-09-29,2014-10-05,OK
19,4,Antonio Sabato Jr.,Antonio Sabàto Jr.,1,1,0,2014-10-06,2014-10-12,OK
19,5,Antonio Sabato Jr.,Antonio Sabàto Jr.,0,0,0,2014-10-13,2014-10-19,OK
19,6,Antonio Sabato Jr.,Antonio Sabàto Jr.,1,1,0,2014-10-20,2014-10-26,OK
19,7,Antonio Sabato Jr.,Antonio Sabàto Jr.,7,3,-9,2014-10-27,2014-11-02,OK
19,8,Antonio Sabato Jr.,Antonio Sabàto Jr.,1,1,0,2014-11-03,2014-11-09,OK
19,9,Antonio Sabato Jr.,Antonio Sabàto Jr.,1,1,0,2014-11-10,2014-11-16,OK
19,10,Antonio Sabato Jr.,Antonio Sabàto Jr.,1,1,0,2014-11-17,2014-11-23,OK
19,11,Antonio Sabato Jr.,Antonio Sabàto Jr.,4,4,-30,2014-11-24,2014-11-30,OK
19,1,Bethany Mota,Bethany Mota,17,7,-217,2014-09-15,2014-09-21,OK
19,2,Bethany Mota,Bethany Mota,23,9,114,2014-09-22,2014-09-28,OK
19,3,Bethany Mota,Bethany Mota,7,4,110,2014-09-29,2014-10-05,OK
19,4,Bethany Mota,Bethany Mota,4,1,-11,2014-10-06,2014-10-12,OK
19,5,Bethany Mota,Bethany Mota,3,2,1,2014-10-13,2014-10-19,OK
19,6,Bethany Mota,Bethany Mota,7,5,1017,2014-10-20,2014-10-26,OK
19,7,Bethany Mota,Bethany Mota,15,13,-267,2014-10-27,2014-11-02,OK
19,8,Bethany Mota,Bethany Mota,43,25,65,2014-11-03,2014-11-09,OK
19,9,Bethany Mota,Bethany Mota,1,1,0,2014-11-10,2014-11-16,OK
19,10,Bethany Mota,Bethany Mota,3,1,2,2014-11-17,2014-11-23,OK
19,11,Bethany Mota,Bethany Mota,13,3,160,2014-11-24,2014-11-30,OK
19,1,Betsey Johnson,Betsey Johnson,0,0,0,2014-09-15,2014-09-21,OK
19,2,Betsey Johnson,Betsey Johnson,0,0,0,2014-09-22,2014-09-28,OK
19,3,Betsey Johnson,Betsey Johnson,0,0,0,2014-09-29,2014-10-05,OK
19,4,Betsey Johnson,Betsey Johnson,4,3,144,2014-10-06,2014-10-12,OK
19,5,Betsey Johnson,Betsey Johnson,0,0,0,2014-10-13,2014-10-19,OK
19,6,Betsey Johnson,Betsey Johnson,2,2,0,2014-10-20,2014-10-26,OK
19,7,Betsey Johnson,Betsey Johnson,0,0,0,2014-10-27,2014-11-02,OK
19,8,Betsey Johnson,Betsey Johnson,2,2,-19,2014-11-03,2014-11-09,OK
19,9,Betsey Johnson,Betsey Johnson,0,0,0,2014-11-10,2014-11-16,OK
19,10,Betsey Johnson,Betsey Johnson,1,1,0,2014-11-17,2014-11-23,OK
19,11,Betsey Johnson,Betsey Johnson,1,1,0,2014-11-24,2014-11-30,OK
19,1,Janel Parrish,Janel Parrish,8,3,790,2014-09-15,2014-09-21,OK
19,2,Janel Parrish,Janel Parrish,0,0,0,2014-09-22,2014-09-28,OK
19,3,Janel Parrish,Janel Parrish,0,0,0,2014-09-29,2014-10-05,OK
19,4,Janel Parrish,Janel Parrish,1,1,0,2014-10-06,2014-10-12,OK
19,5,Janel Parrish,Janel Parrish,8,5,3869,2014-10-13,2014-10-19,OK
19,6,Janel Parrish,Janel Parrish,6,4,-560,2014-10-20,2014-10-26,OK
19,7,Janel Parrish,Janel Parrish,10,6,-32,2014-10-27,2014-11-02,OK
19,8,Janel Parrish,Janel Parrish,12,8,95,2014-11-03,2014-11-09,OK
19,9,Janel Parrish,Janel Parrish,4,3,15,2014-11-10,2014-11-16,OK
19,10,Janel Parrish,Janel Parrish,8,5,52,2014-11-17,2014-11-23,OK
19,11,Janel Parrish,Janel Parrish,24,10,-40,2014-11-24,2014-11-30,OK
19,1,Jonathan Bennett,Jonathan Bennett (actor),7,5,-1045,2014-09-15,2014-09-21,OK
19,2,Jonathan Bennett,Jonathan Bennett (actor),9,8,-583,2014-09-22,2014-09-28,OK
19,3,Jonathan Bennett,Jonathan Bennett (actor),2,2,-2,2014-09-29,2014-10-05,OK
19,4,Jonathan Bennett,Jonathan Bennett (actor),0,0,0,2014-10-06,2014-10-12,OK
19,5,Jonathan Bennett,Jonathan Bennett (actor),10,4,-3871,2014-10-13,2014-10-19,OK
19,6,Jonathan Bennett,Jonathan Bennett (actor),6,4,-76,2014-10-20,2014-10-26,OK
19,7,Jonathan Bennett,Jonathan Bennett (actor),0,0,0,2014-10-27,2014-11-02,OK
19,8,Jonathan Bennett,Jonathan Bennett (actor),0,0,0,2014-11-03,2014-11-09,OK
19,9,Jonathan Bennett,Jonathan Bennett (actor),0,0,0,2014-11-10,2014-11-16,OK
19,10,Jonathan Bennett,Jonathan Bennett (actor),3,1,-84,2014-11-17,2014-11-23,OK
19,11,Jonathan Bennett,Jonathan Bennett (actor),5,3,-1071,2014-11-24,2014-11-30,OK
19,1,Lea Thompson,Lea Thompson,0,0,0,2014-09-15,2014-09-21,OK
19,2,Lea Thompson,Lea Thompson,1,1,0,2014-09-22,2014-09-28,OK
19,3,Lea Thompson,Lea Thompson,2,2,-10,2014-09-29,2014-10-05,OK
19,4,Lea Thompson,Lea Thompson,3,1,-16,2014-10-06,2014-10-12,OK
19,5,Lea Thompson,Lea Thompson,0,0,0,2014-10-13,2014-10-19,OK
19,6,Lea Thompson,Lea Thompson,15,3,-65,2014-10-20,2014-10-26,OK
19,7,Lea Thompson,Lea Thompson,0,0,0,2014-10-27,2014-11-02,OK
19,8,Lea Thompson,Lea Thompson,8,2,-64,2014-11-03,2014-11-09,OK
19,9,Lea Thompson,Lea Thompson,3,3,7,2014-11-10,2014-11-16,OK
19,10,Lea Thompson,Lea Thompson,0,0,0,2014-11-17,2014-11-23,OK
19,11,Lea Thompson,Lea Thompson,0,0,0,2014-11-24,2014-11-30,OK
19,1,Lolo Jones,Lolo Jones,6,4,22,2014-09-15,2014-09-21,OK
19,2,Lolo Jones,Lolo Jones,1,1,0,2014-09-22,2014-09-28,OK
19,3,Lolo Jones,Lolo Jones,0,0,0,2014-09-29,2014-10-05,OK
19,4,Lolo Jones,Lolo Jones,0,0,0,2014-10-06,2014-10-12,OK
19,5,Lolo Jones,Lolo Jones,0,0,0,2014-10-13,2014-10-19,OK
19,6,Lolo Jones,Lolo Jones,1,1,0,2014-10-20,2014-10-26,OK
19,7,Lolo Jones,Lolo Jones,1,1,0,2014-10-27,2014-11-02,OK
19,8,Lolo Jones,Lolo Jones,0,0,0,2014-11-03,2014-11-09,OK
19,9,Lolo Jones,Lolo Jones,1,1,0,2014-11-10,2014-11-16,OK
19,10,Lolo Jones,Lolo Jones,2,2,0,2014-11-17,2014-11-23,OK
19,11,Lolo Jones,Lolo Jones,0,0,0,2014-11-24,2014-11-30,OK
19,1,Michael Waltrip,Michael Waltrip,2,2,0,2014-09-15,2014-09-21,OK
19,2,Michael Waltrip,Michael Waltrip,4,4,0,2014-09-22,2014-09-28,OK
19,3,Michael Waltrip,Michael Waltrip,0,0,0,2014-09-29,2014-10-05,OK
19,4,Michael Waltrip,Michael Waltrip,4,3,208,2014-10-06,2014-10-12,OK
19,5,Michael Waltrip,Michael Waltrip,2,2,0,2014-10-13,2014-10-19,OK
19,6,Michael Waltrip,Michael Waltrip,41,9,-9735,2014-10-20,2014-10-26,OK
19,7,Michael Waltrip,Michael Waltrip,25,7,-14482,2014-10-27,2014-11-02,OK
19,8,Michael Waltrip,Michael Waltrip,5,5,45,2014-11-03,2014-11-09,OK
19,9,Michael Waltrip,Michael Waltrip,0,0,0,2014-11-10,2014-11-16,OK
19,10,Michael Waltrip,Michael Waltrip,15,6,-124,2014-11-17,2014-11-23,OK
19,11,Michael Waltrip,Michael Waltrip,1,1,0,2014-11-24,2014-11-30,OK
19,1,Randy Couture,Randy Couture,0,0,0,2014-09-15,2014-09-21,OK
19,2,Randy Couture,Randy Couture,0,0,0,2014-09-22,2014-09-28,OK
19,3,Randy Couture,Randy Couture,2,1,0,2014-09-29,2014-10-05,OK
19,4,Randy Couture,Randy Couture,2,2,2,2014-10-06,2014-10-12,OK
19,5,Randy Couture,Randy Couture,1,1,0,2014-10-13,2014-10-19,OK
19,6,Randy Couture,Randy Couture,4,4,0,2014-10-20,2014-10-26,OK
19,7,Randy Couture,Randy Couture,0,0,0,2014-10-27,2014-11-02,OK
19,8,Randy Couture,Randy Couture,4,3,92,2014-11-03,2014-11-09,OK
19,9,Randy Couture,Randy Couture,0,0,0,2014-11-10,2014-11-16,OK
19,10,Randy Couture,Randy Couture,0,0,0,2014-11-17,2014-11-23,OK
19,11,Randy Couture,Randy Couture,1,1,0,2014-11-24,2014-11-30,OK
19,1,Sadie Robertson,Sadie Robertson,7,6,94,2014-09-15,2014-09-21,OK
19,2,Sadie Robertson,Sadie Robertson,5,5,0,2014-09-22,2014-09-28,OK
19,3,Sadie Robertson,Sadie Robertson,5,2,1,2014-09-29,2014-10-05,OK
19,4,Sadie Robertson,Sadie Robertson,9,5,-163,2014-10-06,2014-10-12,OK
19,5,Sadie Robertson,Sadie Robertson,13,8,-17,2014-10-13,2014-10-19,OK
19,6,Sadie Robertson,Sadie Robertson,4,4,-245,2014-10-20,2014-10-26,OK
19,7,Sadie Robertson,Sadie Robertson,4,4,0,2014-10-27,2014-11-02,OK
19,8,Sadie Robertson,Sadie Robertson,6,2,0,2014-11-03,2014-11-09,OK
19,9,Sadie Robertson,Sadie Robertson,4,4,0,2014-11-10,2014-11-16,OK
19,10,Sadie Robertson,Sadie Robertson,4,4,19,2014-11-17,2014-11-23,OK
19,11,Sadie Robertson,Sadie Robertson,23,15,8666,2014-11-24,2014-11-30,OK
19,1,Tavis Smiley,Tavis Smiley,15,3,35,2014-09-15,2014-09-21,OK
19,2,Tavis Smiley,Tavis Smiley,1,1,0,2014-09-22,2014-09-28,OK
19,3,Tavis Smiley,Tavis Smiley,3,1,-38,2014-09-29,2014-10-05,OK
19,4,Tavis Smiley,Tavis Smiley,0,0,0,2014-10-06,2014-10-12,OK
19,5,Tavis Smiley,Tavis Smiley,1,1,0,2014-10-13,2014-10-19,OK
19,6,Tavis Smiley,Tavis Smiley,1,1,0,2014-10-20,2014-10-26,OK
19,7,Tavis Smiley,Tavis Smiley,0,0,0,2014-10-27,2014-11-02,OK
19,8,Tavis Smiley,Tavis Smiley,0,0,0,2014-11-03,2014-11-09,OK
19,9,Tavis Smiley,Tavis Smiley,3,3,-19,2014-11-10,2014-11-16,OK
19,10,Tavis Smiley,Tavis Smiley,1,1,0,2014-11-17,2014-11-23,OK
19,11,Tavis Smiley,Tavis Smiley,0,0,0,2014-11-24,2014-11-30,OK
19,1,Tommy Chong,Tommy Chong,1,1,0,2014-09-15,2014-09-21,OK
19,2,Tommy Chong,Tommy Chong,7,5,62,2014-09-22,2014-09-28,OK
19,3,Tommy Chong,Tommy Chong,0,0,0,2014-09-29,2014-10-05,OK
19,4,Tommy Chong,Tommy Chong,2,2,0,2014-10-06,2014-10-12,OK
19,5,Tommy Chong,Tommy Chong,0,0,0,2014-10-13,2014-10-19,OK
19,6,Tommy Chong,Tommy Chong,1,1,0,2014-10-20,2014-10-26,OK
19,7,Tommy Chong,Tommy Chong,0,0,0,2014-10-27,2014-11-02,OK
19,8,Tommy Chong,Tommy Chong,2,2,0,2014-11-03,2014-11-09,OK
19,9,Tommy Chong,Tommy Chong,0,0,0,2014-11-10,2014-11-16,OK
19,10,Tommy Chong,Tommy Chong,4,3,-21,2014-11-17,2014-11-23,OK
19,11,Tommy Chong,Tommy Chong,3,2,-70,2014-11-24,2014-11-30,OK
20,1,Charlotte McKinney,Charlotte McKinney,11,6,-7,2015-03-16,2015-03-22,OK
20,2,Charlotte McKinney,Charlotte McKinney,5,4,377,2015-03-23,2015-03-29,OK
20,3,Charlotte McKinney,Charlotte McKinney,8,7,142,2015-03-30,2015-04-05,OK
20,4,Charlotte McKinney,Charlotte McKinney,4,3,-34,2015-04-06,2015-04-12,OK
20,5,Charlotte McKinney,Charlotte McKinney,4,3,8,2015-04-13,2015-04-19,OK
20,6,Charlotte McKinney,Charlotte McKinney,28,8,80,2015-04-20,2015-04-26,OK
20,7,Charlotte McKinney,Charlotte McKinney,34,9,146,2015-04-27,2015-05-03,OK
20,8,Charlotte McKinney,Charlotte McKinney,0,0,0,2015-05-04,2015-05-10,OK
20,9,Charlotte McKinney,Charlotte McKinney,2,2,-42,2015-05-11,2015-05-17,OK
20,10,Charlotte McKinney,Charlotte McKinney,7,4,92,2015-05-18,2015-05-24,OK
20,1,Chris Soules,Chris Soules,0,0,0,2015-03-16,2015-03-22,OK
20,2,Chris Soules,Chris Soules,0,0,0,2015-03-23,2015-03-29,OK
20,3,Chris Soules,Chris Soules,1,1,0,2015-03-30,2015-04-05,OK
20,4,Chris Soules,Chris Soules,17,3,-18,2015-04-06,2015-04-12,OK
20,5,Chris Soules,Chris Soules,3,3,0,2015-04-13,2015-04-19,OK
20,6,Chris Soules,Chris Soules,7,4,12,2015-04-20,2015-04-26,OK
20,7,Chris Soules,Chris Soules,2,2,0,2015-04-27,2015-05-03,OK
20,8,Chris Soules,Chris Soules,2,2,221,2015-05-04,2015-05-10,OK
20,9,Chris Soules,Chris Soules,2,1,3,2015-05-11,2015-05-17,OK
20,10,Chris Soules,Chris Soules,0,0,0,2015-05-18,2015-05-24,OK
20,1,Michael Sam,Michael Sam,0,0,0,2015-03-16,2015-03-22,OK
20,2,Michael Sam,Michael Sam,5,3,16,2015-03-23,2015-03-29,OK
20,3,Michael Sam,Michael Sam,0,0,0,2015-03-30,2015-04-05,OK
20,4,Michael Sam,Michael Sam,2,2,152,2015-04-06,2015-04-12,OK
20,5,Michael Sam,Michael Sam,0,0,0,2015-04-13,2015-04-19,OK
20,6,Michael Sam,Michael Sam,0,0,0,2015-04-20,2015-04-26,OK
20,7,Michael Sam,Michael Sam,0,0,0,2015-04-27,2015-05-03,OK
20,8,Michael Sam,Michael Sam,1,1,0,2015-05-04,2015-05-10,OK
20,9,Michael Sam,Michael Sam,1,1,0,2015-05-11,2015-05-17,OK
20,10,Michael Sam,Michael Sam,26,8,126,2015-05-18,2015-05-24,OK
20,1,Nastia Liukin,Nastia Liukin,5,4,23,2015-03-16,2015-03-22,OK
20,2,Nastia Liukin,Nastia Liukin,8,4,-897,2015-03-23,2015-03-29,OK
20,3,Nastia Liukin,Nastia Liukin,1,1,0,2015-03-30,2015-04-05,OK
20,4,Nastia Liukin,Nastia Liukin,0,0,0,2015-04-06,2015-04-12,OK
20,5,Nastia Liukin,Nastia Liukin,2,2,0,2015-04-13,2015-04-19,OK
20,6,Nastia Liukin,Nastia Liukin,0,0,0,2015-04-20,2015-04-26,OK
20,7,Nastia Liukin,Nastia Liukin,8,2,-127,2015-04-27,2015-05-03,OK
20,8,Nastia Liukin,Nastia Liukin,3,2,4,2015-05-04,2015-05-10,OK
20,9,Nastia Liukin,Nastia Liukin,3,3,0,2015-05-11,2015-05-17,OK
20,10,Nastia Liukin,Nastia Liukin,3,3,14,2015-05-18,2015-05-24,OK
20,1,Noah Galloway,Noah Galloway,15,7,-2288,2015-03-16,2015-03-22,OK
20,2,Noah Galloway,Noah Galloway,40,10,-1133,2015-03-23,2015-03-29,OK
20,3,Noah Galloway,Noah Galloway,12,5,-69,2015-03-30,2015-04-05,OK
20,4,Noah Galloway,Noah Galloway,8,3,-22,2015-04-06,2015-04-12,OK
20,5,Noah Galloway,Noah Galloway,8,6,145,2015-04-13,2015-04-19,OK
20,6,Noah Galloway,Noah Galloway,23,6,164,2015-04-20,2015-04-26,OK
20,7,Noah Galloway,Noah Galloway,9,3,-119,2015-04-27,2015-05-03,OK
20,8,Noah Galloway,Noah Galloway,7,1,82,2015-05-04,2015-05-10,OK
20,9,Noah Galloway,Noah Galloway,13,6,-277,2015-05-11,2015-05-17,OK
20,10,Noah Galloway,Noah Galloway,11,8,1495,2015-05-18,2015-05-24,OK
20,1,Patti LaBelle,Patti LaBelle,7,5,-2,2015-03-16,2015-03-22,OK
20,2,Patti LaBelle,Patti LaBelle,1,1,0,2015-03-23,2015-03-29,OK
20,3,Patti LaBelle,Patti LaBelle,2,2,0,2015-03-30,2015-04-05,OK
20,4,Patti LaBelle,Patti LaBelle,9,2,35,2015-04-06,2015-04-12,OK
20,5,Patti LaBelle,Patti LaBelle,2,2,0,2015-04-13,2015-04-19,OK
20,6,Patti LaBelle,Patti LaBelle,7,5,433,2015-04-20,2015-04-26,OK
20,7,Patti LaBelle,Patti LaBelle,0,0,0,2015-04-27,2015-05-03,OK
20,8,Patti LaBelle,Patti LaBelle,1,1,0,2015-05-04,2015-05-10,OK
20,9,Patti LaBelle,Patti LaBelle,5,2,117,2015-05-11,2015-05-17,OK
20,10,Patti LaBelle,Patti LaBelle,2,2,0,2015-05-18,2015-05-24,OK
20,1,Redfoo,Redfoo,29,21,-53,2015-03-16,2015-03-22,OK
20,2,Redfoo,Redfoo,12,10,1112,2015-03-23,2015-03-29,OK
20,3,Redfoo,Redfoo,3,3,72,2015-03-30,2015-04-05,OK
20,4,Redfoo,Redfoo,11,11,-226,2015-04-06,2015-04-12,OK
20,5,Redfoo,Redfoo,5,3,-288,2015-04-13,2015-04-19,OK
20,6,Redfoo,Redfoo,3,3,-2,2015-04-20,2015-04-26,OK
20,7,Redfoo,Redfoo,9,8,-263,2015-04-27,2015-05-03,OK
20,8,Redfoo,Redfoo,7,4,232,2015-05-04,2015-05-10,OK
20,9,Redfoo,Redfoo,2,2,0,2015-05-11,2015-05-17,OK
20,10,Redfoo,Redfoo,5,3,-2,2015-05-18,2015-05-24,OK
20,1,Riker Lynch,Riker Lynch,6,5,-49,2015-03-16,2015-03-22,OK
20,2,Riker Lynch,Riker Lynch,7,5,-38,2015-03-23,2015-03-29,OK
20,3,Riker Lynch,Riker Lynch,9,8,-22,2015-03-30,2015-04-05,OK
20,4,Riker Lynch,Riker Lynch,3,3,88,2015-04-06,2015-04-12,OK
20,5,Riker Lynch,Riker Lynch,2,2,0,2015-04-13,2015-04-19,OK
20,6,Riker Lynch,Riker Lynch,5,2,1114,2015-04-20,2015-04-26,OK
20,7,Riker Lynch,Riker Lynch,1,1,0,2015-04-27,2015-05-03,OK
20,8,Riker Lynch,Riker Lynch,8,8,-89,2015-05-04,2015-05-10,OK
20,9,Riker Lynch,Riker Lynch,19,10,-5,2015-05-11,2015-05-17,OK
20,10,Riker Lynch,Riker Lynch,11,11,-1663,2015-05-18,2015-05-24,OK
20,1,Robert Herjavec,Robert Herjavec,7,6,2899,2015-03-16,2015-03-22,OK
20,2,Robert Herjavec,Robert Herjavec,5,5,120,2015-03-23,2015-03-29,OK
20,3,Robert Herjavec,Robert Herjavec,4,4,5,2015-03-30,2015-04-05,OK
20,4,Robert Herjavec,Robert Herjavec,2,2,16,2015-04-06,2015-04-12,OK
20,5,Robert Herjavec,Robert Herjavec,1,1,0,2015-04-13,2015-04-19,OK
20,6,Robert Herjavec,Robert Herjavec,0,0,0,2015-04-20,2015-04-26,OK
20,7,Robert Herjavec,Robert Herjavec,2,2,3,2015-04-27,2015-05-03,OK
20,8,Robert Herjavec,Robert Herjavec,29,13,-2468,2015-05-04,2015-05-10,OK
20,9,Robert Herjavec,Robert Herjavec,16,12,510,2015-05-11,2015-05-17,OK
20,10,Robert Herjavec,Robert Herjavec,4,2,0,2015-05-18,2015-05-24,OK
20,1,Rumer Willis,Rumer Willis,3,3,1,2015-03-16,2015-03-22,OK
20,2,Rumer Willis,Rumer Willis,0,0,0,2015-03-23,2015-03-29,OK
20,3,Rumer Willis,Rumer Willis,0,0,0,2015-03-30,2015-04-05,OK
20,4,Rumer Willis,Rumer Willis,5,4,10,2015-04-06,2015-04-12,OK
20,5,Rumer Willis,Rumer Willis,0,0,0,2015-04-13,2015-04-19,OK
20,6,Rumer Willis,Rumer Willis,11,5,-6,2015-04-20,2015-04-26,OK
20,7,Rumer Willis,Rumer Willis,7,5,-2,2015-04-27,2015-05-03,OK
20,8,Rumer Willis,Rumer Willis,4,3,350,2015-05-04,2015-05-10,OK
20,9,Rumer Willis,Rumer Willis,4,4,1744,2015-05-11,2015-05-17,OK
20,10,Rumer Willis,Rumer Willis,41,29,-348,2015-05-18,2015-05-24,OK
20,1,Suzanne Somers,Suzanne Somers,3,1,-46,2015-03-16,2015-03-22,OK
20,2,Suzanne Somers,Suzanne Somers,0,0,0,2015-03-23,2015-03-29,OK
20,3,Suzanne Somers,Suzanne Somers,0,0,0,2015-03-30,2015-04-05,OK
20,4,Suzanne Somers,Suzanne Somers,3,2,61,2015-04-06,2015-04-12,OK
20,5,Suzanne Somers,Suzanne Somers,2,2,0,2015-04-13,2015-04-19,OK
20,6,Suzanne Somers,Suzanne Somers,0,0,0,2015-04-20,2015-04-26,OK
20,7,Suzanne Somers,Suzanne Somers,3,2,0,2015-04-27,2015-05-03,OK
20,8,Suzanne Somers,Suzanne Somers,1,1,0,2015-05-04,2015-05-10,OK
20,9,Suzanne Somers,Suzanne Somers,0,0,0,2015-05-11,2015-05-17,OK
20,10,Suzanne Somers,Suzanne Somers,3,2,8,2015-05-18,2015-05-24,OK
20,1,Willow Shields,Willow Shields,3,3,-54,2015-03-16,2015-03-22,OK
20,2,Willow Shields,Willow Shields,1,1,0,2015-03-23,2015-03-29,OK
20,3,Willow Shields,Willow Shields,0,0,0,2015-03-30,2015-04-05,OK
20,4,Willow Shields,Willow Shields,9,5,-2,2015-04-06,2015-04-12,OK
20,5,Willow Shields,Willow Shields,8,3,-18,2015-04-13,2015-04-19,OK
20,6,Willow Shields,Willow Shields,4,4,-8,2015-04-20,2015-04-26,OK
20,7,Willow Shields,Willow Shields,22,13,534,2015-04-27,2015-05-03,OK
20,8,Willow Shields,Willow Shields,1,1,0,2015-05-04,2015-05-10,OK
20,9,Willow Shields,Willow Shields,5,2,-3,2015-05-11,2015-05-17,OK
20,10,Willow Shields,Willow Shields,0,0,0,2015-05-18,2015-05-24,OK
21,1,Alek Skarlatos,Alek Skarlatos,23,13,649,2015-09-14,2015-09-20,OK
21,2,Alek Skarlatos,Alek Skarlatos,12,6,-29,2015-09-21,2015-09-27,OK
21,3,Alek Skarlatos,Alek Skarlatos,9,8,34,2015-09-28,2015-10-04,OK
21,4,Alek Skarlatos,Alek Skarlatos,13,8,1099,2015-10-05,2015-10-11,OK
21,5,Alek Skarlatos,Alek Skarlatos,6,5,353,2015-10-12,2015-10-18,OK
21,6,Alek Skarlatos,Alek Skarlatos,2,1,-58,2015-10-19,2015-10-25,OK
21,7,Alek Skarlatos,Alek Skarlatos,5,3,-254,2015-10-26,2015-11-01,OK
21,8,Alek Skarlatos,Alek Skarlatos,7,4,23,2015-11-02,2015-11-08,OK
21,9,Alek Skarlatos,Alek Skarlatos,3,2,0,2015-11-09,2015-11-15,OK
21,10,Alek Skarlatos,Alek Skarlatos,3,3,136,2015-11-16,2015-11-22,OK
21,11,Alek Skarlatos,Alek Skarlatos,9,7,190,2015-11-23,2015-11-29,OK
21,1,Alexa PenaVega,Alexa PenaVega,3,3,-94,2015-09-14,2015-09-20,OK
21,2,Alexa PenaVega,Alexa PenaVega,19,12,203,2015-09-21,2015-09-27,OK
21,3,Alexa PenaVega,Alexa PenaVega,5,5,0,2015-09-28,2015-10-04,OK
21,4,Alexa PenaVega,Alexa PenaVega,5,4,1,2015-10-05,2015-10-11,OK
21,5,Alexa PenaVega,Alexa PenaVega,1,1,0,2015-10-12,2015-10-18,OK
21,6,Alexa PenaVega,Alexa PenaVega,2,2,0,2015-10-19,2015-10-25,OK
21,7,Alexa PenaVega,Alexa PenaVega,2,1,46,2015-10-26,2015-11-01,OK
21,8,Alexa PenaVega,Alexa PenaVega,4,3,-9,2015-11-02,2015-11-08,OK
21,9,Alexa PenaVega,Alexa PenaVega,6,5,3,2015-11-09,2015-11-15,OK
21,10,Alexa PenaVega,Alexa PenaVega,2,2,-25,2015-11-16,2015-11-22,OK
21,11,Alexa PenaVega,Alexa PenaVega,0,0,0,2015-11-23,2015-11-29,OK
21,1,Andy Grammer,Andy Grammer,14,11,-145,2015-09-14,2015-09-20,OK
21,2,Andy Grammer,Andy Grammer,1,1,0,2015-09-21,2015-09-27,OK
21,3,Andy Grammer,Andy Grammer,10,7,-50,2015-09-28,2015-10-04,OK
21,4,Andy Grammer,Andy Grammer,3,2,228,2015-10-05,2015-10-11,OK
21,5,Andy Grammer,Andy Grammer,2,2,29,2015-10-12,2015-10-18,OK
21,6,Andy Grammer,Andy Grammer,5,2,-54,2015-10-19,2015-10-25,OK
21,7,Andy Grammer,Andy Grammer,1,1,0,2015-10-26,2015-11-01,OK
21,8,Andy Grammer,Andy Grammer,7,6,31,2015-11-02,2015-11-08,OK
21,9,Andy Grammer,Andy Grammer,0,0,0,2015-11-09,2015-11-15,OK
21,10,Andy Grammer,Andy Grammer,5,4,9,2015-11-16,2015-11-22,OK
21,11,Andy Grammer,Andy Grammer,3,3,172,2015-11-23,2015-11-29,OK
21,1,Bindi Irwin,Bindi Irwin,4,3,17,2015-09-14,2015-09-20,OK
21,2,Bindi Irwin,Bindi Irwin,16,9,117,2015-09-21,2015-09-27,OK
21,3,Bindi Irwin,Bindi Irwin,2,1,-18,2015-09-28,2015-10-04,OK
21,4,Bindi Irwin,Bindi Irwin,14,7,304,2015-10-05,2015-10-11,OK
21,5,Bindi Irwin,Bindi Irwin,4,3,785,2015-10-12,2015-10-18,OK
21,6,Bindi Irwin,Bindi Irwin,8,7,221,2015-10-19,2015-10-25,OK
21,7,Bindi Irwin,Bindi Irwin,5,4,18,2015-10-26,2015-11-01,OK
21,8,Bindi Irwin,Bindi Irwin,15,10,229,2015-11-02,2015-11-08,OK
21,9,Bindi Irwin,Bindi Irwin,12,8,-73,2015-11-09,2015-11-15,OK
21,10,Bindi Irwin,Bindi Irwin,7,7,0,2015-11-16,2015-11-22,OK
21,11,Bindi Irwin,Bindi Irwin,45,31,2704,2015-11-23,2015-11-29,OK
21,1,Carlos PenaVega,Carlos PenaVega,12,6,-31,2015-09-14,2015-09-20,OK
21,2,Carlos PenaVega,Carlos PenaVega,4,4,26,2015-09-21,2015-09-27,OK
21,3,Carlos PenaVega,Carlos PenaVega,3,1,2,2015-09-28,2015-10-04,OK
21,4,Carlos PenaVega,Carlos PenaVega,10,6,900,2015-10-05,2015-10-11,OK
21,5,Carlos PenaVega,Carlos PenaVega,0,0,0,2015-10-12,2015-10-18,OK
21,6,Carlos PenaVega,Carlos PenaVega,4,4,-97,2015-10-19,2015-10-25,OK
21,7,Carlos PenaVega,Carlos PenaVega,4,2,-66,2015-10-26,2015-11-01,OK
21,8,Carlos PenaVega,Carlos PenaVega,2,2,9,2015-11-02,2015-11-08,OK
21,9,Carlos PenaVega,Carlos PenaVega,7,5,0,2015-11-09,2015-11-15,OK
21,10,Carlos PenaVega,Carlos PenaVega,8,5,682,2015-11-16,2015-11-22,OK
21,11,Carlos PenaVega,Carlos PenaVega,4,4,-10,2015-11-23,2015-11-29,OK
21,1,Chaka Khan,Chaka Khan,5,2,-191,2015-09-14,2015-09-20,OK
21,2,Chaka Khan,Chaka Khan,1,1,0,2015-09-21,2015-09-27,OK
21,3,Chaka Khan,Chaka Khan,0,0,0,2015-09-28,2015-10-04,OK
21,4,Chaka Khan,Chaka Khan,6,6,-57,2015-10-05,2015-10-11,OK
21,5,Chaka Khan,Chaka Khan,2,1,-8,2015-10-12,2015-10-18,OK
21,6,Chaka Khan,Chaka Khan,0,0,0,2015-10-19,2015-10-25,OK
21,7,Chaka Khan,Chaka Khan,5,3,109,2015-10-26,2015-11-01,OK
21,8,Chaka Khan,Chaka Khan,1,1,0,2015-11-02,2015-11-08,OK
21,9,Chaka Khan,Chaka Khan,5,4,9,2015-11-09,2015-11-15,OK
21,10,Chaka Khan,Chaka Khan,1,1,0,2015-11-16,2015-11-22,OK
21,11,Chaka Khan,Chaka Khan,3,2,1,2015-11-23,2015-11-29,OK
21,1,Gary Busey,Gary Busey,11,7,89,2015-09-14,2015-09-20,OK
21,2,Gary Busey,Gary Busey,0,0,0,2015-09-21,2015-09-27,OK
21,3,Gary Busey,Gary Busey,0,0,0,2015-09-28,2015-10-04,OK
21,4,Gary Busey,Gary Busey,4,2,47,2015-10-05,2015-10-11,OK
21,5,Gary Busey,Gary Busey,1,1,0,2015-10-12,2015-10-18,OK
21,6,Gary Busey,Gary Busey,1,1,0,2015-10-19,2015-10-25,OK
21,7,Gary Busey,Gary Busey,1,1,0,2015-10-26,2015-11-01,OK
21,8,Gary Busey,Gary Busey,1,1,0,2015-11-02,2015-11-08,OK
21,9,Gary Busey,Gary Busey,0,0,0,2015-11-09,2015-11-15,OK
21,10,Gary Busey,Gary Busey,0,0,0,2015-11-16,2015-11-22,OK
21,11,Gary Busey,Gary Busey,1,1,0,2015-11-23,2015-11-29,OK
21,1,Hayes Grier,Hayes Grier,21,13,352,2015-09-14,2015-09-20,OK
21,2,Hayes Grier,Hayes Grier,16,10,-221,2015-09-21,2015-09-27,OK
21,3,Hayes Grier,Hayes Grier,17,11,-60,2015-09-28,2015-10-04,OK
21,4,Hayes Grier,Hayes Grier,6,3,157,2015-10-05,2015-10-11,OK
21,5,Hayes Grier,Hayes Grier,2,2,15,2015-10-12,2015-10-18,OK
21,6,Hayes Grier,Hayes Grier,0,0,0,2015-10-19,2015-10-25,OK
21,7,Hayes Grier,Hayes Grier,1,1,0,2015-10-26,2015-11-01,OK
21,8,Hayes Grier,Hayes Grier,3,3,-28,2015-11-02,2015-11-08,OK
21,9,Hayes Grier,Hayes Grier,15,11,-237,2015-11-09,2015-11-15,OK
21,10,Hayes Grier,Hayes Grier,7,6,-326,2015-11-16,2015-11-22,OK
21,11,Hayes Grier,Hayes Grier,22,13,-212,2015-11-23,2015-11-29,OK
21,1,Kim Zolciak-Biermann,Kim Zolciak,6,3,-1,2015-09-14,2015-09-20,OK
21,2,Kim Zolciak-Biermann,Kim Zolciak,0,0,0,2015-09-21,2015-09-27,OK
21,3,Kim Zolciak-Biermann,Kim Zolciak,22,12,-16,2015-09-28,2015-10-04,OK
21,4,Kim Zolciak-Biermann,Kim Zolciak,2,1,-24,2015-10-05,2015-10-11,OK
21,5,Kim Zolciak-Biermann,Kim Zolciak,2,2,-322,2015-10-12,2015-10-18,OK
21,6,Kim Zolciak-Biermann,Kim Zolciak,0,0,0,2015-10-19,2015-10-25,OK
21,7,Kim Zolciak-Biermann,Kim Zolciak,3,3,0,2015-10-26,2015-11-01,OK
21,8,Kim Zolciak-Biermann,Kim Zolciak,2,1,0,2015-11-02,2015-11-08,OK
21,9,Kim Zolciak-Biermann,Kim Zolciak,41,9,-590,2015-11-09,2015-11-15,OK
21,10,Kim Zolciak-Biermann,Kim Zolciak,2,2,-4,2015-11-16,2015-11-22,OK
21,11,Kim Zolciak-Biermann,Kim Zolciak,12,4,-584,2015-11-23,2015-11-29,OK
21,1,Nick Carter,Nick Carter,4,4,4,2015-09-14,2015-09-20,OK
21,2,Nick Carter,Nick Carter,3,2,87,2015-09-21,2015-09-27,OK
21,3,Nick Carter,Nick Carter,6,4,-122,2015-09-28,2015-10-04,OK
21,4,Nick Carter,Nick Carter,1,1,0,2015-10-05,2015-10-11,OK
21,5,Nick Carter,Nick Carter,5,5,17,2015-10-12,2015-10-18,OK
21,6,Nick Carter,Nick Carter,4,3,0,2015-10-19,2015-10-25,OK
21,7,Nick Carter,Nick Carter,12,7,-49,2015-10-26,2015-11-01,OK
21,8,Nick Carter,Nick Carter,9,5,154,2015-11-02,2015-11-08,OK
21,9,Nick Carter,Nick Carter,4,3,-174,2015-11-09,2015-11-15,OK
21,10,Nick Carter,Nick Carter,7,5,200,2015-11-16,2015-11-22,OK
21,11,Nick Carter,Nick Carter,16,8,-764,2015-11-23,2015-11-29,OK
21,1,Paula Deen,Paula Deen,5,5,56,2015-09-14,2015-09-20,OK
21,2,Paula Deen,Paula Deen,6,6,-340,2015-09-21,2015-09-27,OK
21,3,Paula Deen,Paula Deen,5,4,33,2015-09-28,2015-10-04,OK
21,4,Paula Deen,Paula Deen,1,1,0,2015-10-05,2015-10-11,OK
21,5,Paula Deen,Paula Deen,3,3,0,2015-10-12,2015-10-18,OK
21,6,Paula Deen,Paula Deen,6,6,-18,2015-10-19,2015-10-25,OK
21,7,Paula Deen,Paula Deen,0,0,0,2015-10-26,2015-11-01,OK
21,8,Paula Deen,Paula Deen,3,3,46,2015-11-02,2015-11-08,OK
21,9,Paula Deen,Paula Deen,5,3,-82,2015-11-09,2015-11-15,OK
21,10,Paula Deen,Paula Deen,4,3,-43,2015-11-16,2015-11-22,OK
21,11,Paula Deen,Paula Deen,0,0,0,2015-11-23,2015-11-29,OK
21,1,Tamar Braxton,Tamar Braxton,14,9,155,2015-09-14,2015-09-20,OK
21,2,Tamar Braxton,Tamar Braxton,11,7,604,2015-09-21,2015-09-27,OK
21,3,Tamar Braxton,Tamar Braxton,8,6,-5,2015-09-28,2015-10-04,OK
21,4,Tamar Braxton,Tamar Braxton,11,7,-480,2015-10-05,2015-10-11,OK
21,5,Tamar Braxton,Tamar Braxton,3,2,0,2015-10-12,2015-10-18,OK
21,6,Tamar Braxton,Tamar Braxton,0,0,0,2015-10-19,2015-10-25,OK
21,7,Tamar Braxton,Tamar Braxton,5,4,0,2015-10-26,2015-11-01,OK
21,8,Tamar Braxton,Tamar Braxton,2,2,0,2015-11-02,2015-11-08,OK
21,9,Tamar Braxton,Tamar Braxton,8,7,4040,2015-11-09,2015-11-15,OK
21,10,Tamar Braxton,Tamar Braxton,13,10,-18,2015-11-16,2015-11-22,OK
21,11,Tamar Braxton,Tamar Braxton,7,5,1579,2015-11-23,2015-11-29,OK
21,1,Victor Espinoza,Victor Espinoza,0,0,0,2015-09-14,2015-09-20,OK
21,2,Victor Espinoza,Victor Espinoza,4,3,-363,2015-09-21,2015-09-27,OK
21,3,Victor Espinoza,Victor Espinoza,1,1,0,2015-09-28,2015-10-04,OK
21,4,Victor Espinoza,Victor Espinoza,2,2,-87,2015-10-05,2015-10-11,OK
21,5,Victor Espinoza,Victor Espinoza,0,0,0,2015-10-12,2015-10-18,OK
21,6,Victor Espinoza,Victor Espinoza,0,0,0,2015-10-19,2015-10-25,OK
21,7,Victor Espinoza,Victor Espinoza,1,1,0,2015-10-26,2015-11-01,OK
21,8,Victor Espinoza,Victor Espinoza,1,1,0,2015-11-02,2015-11-08,OK
21,9,Victor Espinoza,Victor Espinoza,0,0,0,2015-11-09,2015-11-15,OK
21,10,Victor Espinoza,Victor Espinoza,0,0,0,2015-11-16,2015-11-22,OK
21,11,Victor Espinoza,Victor Espinoza,0,0,0,2015-11-23,2015-11-29,OK
22,1,Antonio Brown,Antonio Brown,10,7,191,2016-03-21,2016-03-27,OK
22,2,Antonio Brown,Antonio Brown,16,9,-2,2016-03-28,2016-04-03,OK
22,3,Antonio Brown,Antonio Brown,12,7,104,2016-04-04,2016-04-10,OK
22,4,Antonio Brown,Antonio Brown,14,8,1298,2016-04-11,2016-04-17,OK
22,5,Antonio Brown,Antonio Brown,10,9,970,2016-04-18,2016-04-24,OK
22,6,Antonio Brown,Antonio Brown,7,5,10,2016-04-25,2016-05-01,OK
22,7,Antonio Brown,Antonio Brown,27,9,3,2016-05-02,2016-05-08,OK
22,8,Antonio Brown,Antonio Brown,6,2,-7,2016-05-09,2016-05-15,OK
22,9,Antonio Brown,Antonio Brown,28,14,194,2016-05-16,2016-05-22,OK
22,10,Antonio Brown,Antonio Brown,1,1,0,2016-05-23,2016-05-29,OK
22,1,Doug Flutie,Doug Flutie,3,2,-67,2016-03-21,2016-03-27,OK
22,2,Doug Flutie,Doug Flutie,3,3,133,2016-03-28,2016-04-03,OK
22,3,Doug Flutie,Doug Flutie,0,0,0,2016-04-04,2016-04-10,OK
22,4,Doug Flutie,Doug Flutie,2,2,14,2016-04-11,2016-04-17,OK
22,5,Doug Flutie,Doug Flutie,5,4,-3,2016-04-18,2016-04-24,OK
22,6,Doug Flutie,Doug Flutie,8,4,116,2016-04-25,2016-05-01,OK
22,7,Doug Flutie,Doug Flutie,0,0,0,2016-05-02,2016-05-08,OK
22,8,Doug Flutie,Doug Flutie,1,1,0,2016-05-09,2016-05-15,OK
22,9,Doug Flutie,Doug Flutie,0,0,0,2016-05-16,2016-05-22,OK
22,10,Doug Flutie,Doug Flutie,1,1,0,2016-05-23,2016-05-29,OK
22,1,Geraldo Rivera,Geraldo Rivera,5,3,0,2016-03-21,2016-03-27,OK
22,2,Geraldo Rivera,Geraldo Rivera,9,7,186,2016-03-28,2016-04-03,OK
22,3,Geraldo Rivera,Geraldo Rivera,3,2,1,2016-04-04,2016-04-10,OK
22,4,Geraldo Rivera,Geraldo Rivera,1,1,0,2016-04-11,2016-04-17,OK
22,5,Geraldo Rivera,Geraldo Rivera,0,0,0,2016-04-18,2016-04-24,OK
22,6,Geraldo Rivera,Geraldo Rivera,4,1,-2407,2016-04-25,2016-05-01,OK
22,7,Geraldo Rivera,Geraldo Rivera,0,0,0,2016-05-02,2016-05-08,OK
22,8,Geraldo Rivera,Geraldo Rivera,2,2,0,2016-05-09,2016-05-15,OK
22,9,Geraldo Rivera,Geraldo Rivera,3,2,7,2016-05-16,2016-05-22,OK
22,10,Geraldo Rivera,Geraldo Rivera,0,0,0,2016-05-23,2016-05-29,OK
22,1,Ginger Zee,Ginger Zee,1,1,0,2016-03-21,2016-03-27,OK
22,2,Ginger Zee,Ginger Zee,2,1,-1,2016-03-28,2016-04-03,OK
22,3,Ginger Zee,Ginger Zee,1,1,0,2016-04-04,2016-04-10,OK
22,4,Ginger Zee,Ginger Zee,0,0,0,2016-04-11,2016-04-17,OK
22,5,Ginger Zee,Ginger Zee,1,1,0,2016-04-18,2016-04-24,OK
22,6,Ginger Zee,Ginger Zee,1,1,0,2016-04-25,2016-05-01,OK
22,7,Ginger Zee,Ginger Zee,0,0,0,2016-05-02,2016-05-08,OK
22,8,Ginger Zee,Ginger Zee,0,0,0,2016-05-09,2016-05-15,OK
22,9,Ginger Zee,Ginger Zee,5,3,84,2016-05-16,2016-05-22,OK
22,10,Ginger Zee,Ginger Zee,8,6,44,2016-05-23,2016-05-29,OK
22,1,Jodie Sweetin,Jodie Sweetin,3,2,0,2016-03-21,2016-03-27,OK
22,2,Jodie Sweetin,Jodie Sweetin,0,0,0,2016-03-28,2016-04-03,OK
22,3,Jodie Sweetin,Jodie Sweetin,6,3,97,2016-04-04,2016-04-10,OK
22,4,Jodie Sweetin,Jodie Sweetin,9,5,-356,2016-04-11,2016-04-17,OK
22,5,Jodie Sweetin,Jodie Sweetin,0,0,0,2016-04-18,2016-04-24,OK
22,6,Jodie Sweetin,Jodie Sweetin,1,1,0,2016-04-25,2016-05-01,OK
22,7,Jodie Sweetin,Jodie Sweetin,2,1,0,2016-05-02,2016-05-08,OK
22,8,Jodie Sweetin,Jodie Sweetin,2,2,0,2016-05-09,2016-05-15,OK
22,9,Jodie Sweetin,Jodie Sweetin,0,0,0,2016-05-16,2016-05-22,OK
22,10,Jodie Sweetin,Jodie Sweetin,0,0,0,2016-05-23,2016-05-29,OK
22,1,Kim Fields,Kim Fields,6,4,144,2016-03-21,2016-03-27,OK
22,2,Kim Fields,Kim Fields,2,2,0,2016-03-28,2016-04-03,OK
22,3,Kim Fields,Kim Fields,0,0,0,2016-04-04,2016-04-10,OK
22,4,Kim Fields,Kim Fields,3,3,0,2016-04-11,2016-04-17,OK
22,5,Kim Fields,Kim Fields,18,8,-3661,2016-04-18,2016-04-24,OK
22,6,Kim Fields,Kim Fields,4,1,4,2016-04-25,2016-05-01,OK
22,7,Kim Fields,Kim Fields,1,1,0,2016-05-02,2016-05-08,OK
22,8,Kim Fields,Kim Fields,1,1,0,2016-05-09,2016-05-15,OK
22,9,Kim Fields,Kim Fields,0,0,0,2016-05-16,2016-05-22,OK
22,10,Kim Fields,Kim Fields,1,1,0,2016-05-23,2016-05-29,OK
22,1,Marla Maples,Marla Maples,11,8,71,2016-03-21,2016-03-27,OK
22,2,Marla Maples,Marla Maples,0,0,0,2016-03-28,2016-04-03,OK
22,3,Marla Maples,Marla Maples,3,3,0,2016-04-04,2016-04-10,OK
22,4,Marla Maples,Marla Maples,3,2,-21,2016-04-11,2016-04-17,OK
22,5,Marla Maples,Marla Maples,1,1,0,2016-04-18,2016-04-24,OK
22,6,Marla Maples,Marla Maples,7,2,-902,2016-04-25,2016-05-01,OK
22,7,Marla Maples,Marla Maples,4,3,-3,2016-05-02,2016-05-08,OK
22,8,Marla Maples,Marla Maples,6,4,-13,2016-05-09,2016-05-15,OK
22,9,Marla Maples,Marla Maples,4,4,0,2016-05-16,2016-05-22,OK
22,10,Marla Maples,Marla Maples,0,0,0,2016-05-23,2016-05-29,OK
22,1,Mischa Barton,Mischa Barton,1,1,0,2016-03-21,2016-03-27,OK
22,2,Mischa Barton,Mischa Barton,0,0,0,2016-03-28,2016-04-03,OK
22,3,Mischa Barton,Mischa Barton,1,1,0,2016-04-04,2016-04-10,OK
22,4,Mischa Barton,Mischa Barton,0,0,0,2016-04-11,2016-04-17,OK
22,5,Mischa Barton,Mischa Barton,0,0,0,2016-04-18,2016-04-24,OK
22,6,Mischa Barton,Mischa Barton,0,0,0,2016-04-25,2016-05-01,OK
22,7,Mischa Barton,Mischa Barton,0,0,0,2016-05-02,2016-05-08,OK
22,8,Mischa Barton,Mischa Barton,0,0,0,2016-05-09,2016-05-15,OK
22,9,Mischa Barton,Mischa Barton,0,0,0,2016-05-16,2016-05-22,OK
22,10,Mischa Barton,Mischa Barton,0,0,0,2016-05-23,2016-05-29,OK
22,1,Nyle DiMarco,Nyle DiMarco,10,8,51,2016-03-21,2016-03-27,OK
22,2,Nyle DiMarco,Nyle DiMarco,8,8,217,2016-03-28,2016-04-03,OK
22,3,Nyle DiMarco,Nyle DiMarco,7,5,450,2016-04-04,2016-04-10,OK
22,4,Nyle DiMarco,Nyle DiMarco,16,11,75,2016-04-11,2016-04-17,OK
22,5,Nyle DiMarco,Nyle DiMarco,6,6,-23,2016-04-18,2016-04-24,OK
22,6,Nyle DiMarco,Nyle DiMarco,6,4,1,2016-04-25,2016-05-01,OK
22,7,Nyle DiMarco,Nyle DiMarco,1,1,0,2016-05-02,2016-05-08,OK
22,8,Nyle DiMarco,Nyle DiMarco,0,0,0,2016-05-09,2016-05-15,OK
22,9,Nyle DiMarco,Nyle DiMarco,6,4,686,2016-05-16,2016-05-22,OK
22,10,Nyle DiMarco,Nyle DiMarco,103,37,-2320,2016-05-23,2016-05-29,OK
22,1,Paige VanZant,Paige VanZant,1,1,0,2016-03-21,2016-03-27,OK
22,2,Paige VanZant,Paige VanZant,2,2,0,2016-03-28,2016-04-03,OK
22,3,Paige VanZant,Paige VanZant,6,4,-1,2016-04-04,2016-04-10,OK
22,4,Paige VanZant,Paige VanZant,0,0,0,2016-04-11,2016-04-17,OK
22,5,Paige VanZant,Paige VanZant,3,3,0,2016-04-18,2016-04-24,OK
22,6,Paige VanZant,Paige VanZant,0,0,0,2016-04-25,2016-05-01,OK
22,7,Paige VanZant,Paige VanZant,1,1,0,2016-05-02,2016-05-08,OK
22,8,Paige VanZant,Paige VanZant,1,1,0,2016-05-09,2016-05-15,OK
22,9,Paige VanZant,Paige VanZant,11,4,29,2016-05-16,2016-05-22,OK
22,10,Paige VanZant,Paige VanZant,16,10,393,2016-05-23,2016-05-29,OK
22,1,Von Miller,Von Miller,22,12,197,2016-03-21,2016-03-27,OK
22,2,Von Miller,Von Miller,10,8,-121,2016-03-28,2016-04-03,OK
22,3,Von Miller,Von Miller,7,7,-40,2016-04-04,2016-04-10,OK
22,4,Von Miller,Von Miller,19,12,1558,2016-04-11,2016-04-17,OK
22,5,Von Miller,Von Miller,3,3,-14,2016-04-18,2016-04-24,OK
22,6,Von Miller,Von Miller,25,17,-53,2016-04-25,2016-05-01,OK
22,7,Von Miller,Von Miller,2,2,0,2016-05-02,2016-05-08,OK
22,8,Von Miller,Von Miller,21,11,-117,2016-05-09,2016-05-15,OK
22,9,Von Miller,Von Miller,3,3,6,2016-05-16,2016-05-22,OK
22,10,Von Miller,Von Miller,31,15,-149,2016-05-23,2016-05-29,OK
22,1,Wanya Morris,Wanya Morris,0,0,0,2016-03-21,2016-03-27,OK
22,2,Wanya Morris,Wanya Morris,1,1,0,2016-03-28,2016-04-03,OK
22,3,Wanya Morris,Wanya Morris,2,2,0,2016-04-04,2016-04-10,OK
22,4,Wanya Morris,Wanya Morris,0,0,0,2016-04-11,2016-04-17,OK
22,5,Wanya Morris,Wanya Morris,0,0,0,2016-04-18,2016-04-24,OK
22,6,Wanya Morris,Wanya Morris,0,0,0,2016-04-25,2016-05-01,OK
22,7,Wanya Morris,Wanya Morris,0,0,0,2016-05-02,2016-05-08,OK
22,8,Wanya Morris,Wanya Morris,0,0,0,2016-05-09,2016-05-15,OK
22,9,Wanya Morris,Wanya Morris,2,2,0,2016-05-16,2016-05-22,OK
22,10,Wanya Morris,Wanya Morris,0,0,0,2016-05-23,2016-05-29,OK
23,1,Amber Rose,Amber Rose,10,5,-3,2016-09-12,2016-09-18,OK
23,2,Amber Rose,Amber Rose,11,10,-1,2016-09-19,2016-09-25,OK
23,3,Amber Rose,Amber Rose,26,15,394,2016-09-26,2016-10-02,OK
23,4,Amber Rose,Amber Rose,14,13,110,2016-10-03,2016-10-09,OK
23,5,Amber Rose,Amber Rose,9,6,443,2016-10-10,2016-10-16,OK
23,6,Amber Rose,Amber Rose,9,9,372,2016-10-17,2016-10-23,OK
23,7,Amber Rose,Amber Rose,4,3,0,2016-10-24,2016-10-30,OK
23,8,Amber Rose,Amber Rose,7,5,-105,2016-10-31,2016-11-06,OK
23,9,Amber Rose,Amber Rose,11,10,-18,2016-11-07,2016-11-13,OK
23,10,Amber Rose,Amber Rose,7,5,26,2016-11-14,2016-11-20,OK
23,11,Amber Rose,Amber Rose,3,3,-5,2016-11-21,2016-11-27,OK
23,1,Babyface,Babyface (musician),9,4,417,2016-09-12,2016-09-18,OK
23,2,Babyface,Babyface (musician),0,0,0,2016-09-19,2016-09-25,OK
23,3,Babyface,Babyface (musician),1,1,0,2016-09-26,2016-10-02,OK
23,4,Babyface,Babyface (musician),12,7,-193,2016-10-03,2016-10-09,OK
23,5,Babyface,Babyface (musician),2,2,0,2016-10-10,2016-10-16,OK
23,6,Babyface,Babyface (musician),5,3,2,2016-10-17,2016-10-23,OK
23,7,Babyface,Babyface (musician),0,0,0,2016-10-24,2016-10-30,OK
23,8,Babyface,Babyface (musician),0,0,0,2016-10-31,2016-11-06,OK
23,9,Babyface,Babyface (musician),2,2,-14,2016-11-07,2016-11-13,OK
23,10,Babyface,Babyface (musician),1,1,0,2016-11-14,2016-11-20,OK
23,11,Babyface,Babyface (musician),0,0,0,2016-11-21,2016-11-27,OK
23,1,Calvin Johnson Jr.,Calvin Johnson,2,2,0,2016-09-12,2016-09-18,OK
23,2,Calvin Johnson Jr.,Calvin Johnson,2,2,0,2016-09-19,2016-09-25,OK
23,3,Calvin Johnson Jr.,Calvin Johnson,2,2,-30,2016-09-26,2016-10-02,OK
23,4,Calvin Johnson Jr.,Calvin Johnson,9,5,-20,2016-10-03,2016-10-09,OK
23,5,Calvin Johnson Jr.,Calvin Johnson,12,11,-27,2016-10-10,2016-10-16,OK
23,6,Calvin Johnson Jr.,Calvin Johnson,8,5,-34,2016-10-17,2016-10-23,OK
23,7,Calvin Johnson Jr.,Calvin Johnson,4,1,-999,2016-10-24,2016-10-30,OK
23,8,Calvin Johnson Jr.,Calvin Johnson,16,11,-439,2016-10-31,2016-11-06,OK
23,9,Calvin Johnson Jr.,Calvin Johnson,5,5,56,2016-11-07,2016-11-13,OK
23,10,Calvin Johnson Jr.,Calvin Johnson,3,2,-6,2016-11-14,2016-11-20,OK
23,11,Calvin Johnson Jr.,Calvin Johnson,13,11,318,2016-11-21,2016-11-27,OK
23,1,Jake T. Austin,Jake T. Austin,0,0,0,2016-09-12,2016-09-18,OK
23,2,Jake T. Austin,Jake T. Austin,1,1,0,2016-09-19,2016-09-25,OK
23,3,Jake T. Austin,Jake T. Austin,0,0,0,2016-09-26,2016-10-02,OK
23,4,Jake T. Austin,Jake T. Austin,1,1,0,2016-10-03,2016-10-09,OK
23,5,Jake T. Austin,Jake T. Austin,0,0,0,2016-10-10,2016-10-16,OK
23,6,Jake T. Austin,Jake T. Austin,0,0,0,2016-10-17,2016-10-23,OK
23,7,Jake T. Austin,Jake T. Austin,0,0,0,2016-10-24,2016-10-30,OK
23,8,Jake T. Austin,Jake T. Austin,2,1,-26,2016-10-31,2016-11-06,OK
23,9,Jake T. Austin,Jake T. Austin,1,1,0,2016-11-07,2016-11-13,OK
23,10,Jake T. Austin,Jake T. Austin,0,0,0,2016-11-14,2016-11-20,OK
23,11,Jake T. Austin,Jake T. Austin,0,0,0,2016-11-21,2016-11-27,OK
23,1,James Hinchcliffe,James Hinchcliffe,0,0,0,2016-09-12,2016-09-18,OK
23,2,James Hinchcliffe,James Hinchcliffe,3,2,0,2016-09-19,2016-09-25,OK
23,3,James Hinchcliffe,James Hinchcliffe,0,0,0,2016-09-26,2016-10-02,OK
23,4,James Hinchcliffe,James Hinchcliffe,1,1,0,2016-10-03,2016-10-09,OK
23,5,James Hinchcliffe,James Hinchcliffe,1,1,0,2016-10-10,2016-10-16,OK
23,6,James Hinchcliffe,James Hinchcliffe,7,6,-223,2016-10-17,2016-10-23,OK
23,7,James Hinchcliffe,James Hinchcliffe,1,1,0,2016-10-24,2016-10-30,OK
23,8,James Hinchcliffe,James Hinchcliffe,0,0,0,2016-10-31,2016-11-06,OK
23,9,James Hinchcliffe,James Hinchcliffe,2,2,0,2016-11-07,2016-11-13,OK
23,10,James Hinchcliffe,James Hinchcliffe,1,1,0,2016-11-14,2016-11-20,OK
23,11,James Hinchcliffe,James Hinchcliffe,12,5,5726,2016-11-21,2016-11-27,OK
23,1,Jana Kramer,Jana Kramer,3,3,-26,2016-09-12,2016-09-18,OK
23,2,Jana Kramer,Jana Kramer,2,1,1,2016-09-19,2016-09-25,OK
23,3,Jana Kramer,Jana Kramer,1,1,0,2016-09-26,2016-10-02,OK
23,4,Jana Kramer,Jana Kramer,11,5,-26,2016-10-03,2016-10-09,OK
23,5,Jana Kramer,Jana Kramer,11,7,-139,2016-10-10,2016-10-16,OK
23,6,Jana Kramer,Jana Kramer,5,5,4,2016-10-17,2016-10-23,OK
23,7,Jana Kramer,Jana Kramer,6,4,-219,2016-10-24,2016-10-30,OK
23,8,Jana Kramer,Jana Kramer,6,4,-220,2016-10-31,2016-11-06,OK
23,9,Jana Kramer,Jana Kramer,3,3,28,2016-11-07,2016-11-13,OK
23,10,Jana Kramer,Jana Kramer,1,1,0,2016-11-14,2016-11-20,OK
23,11,Jana Kramer,Jana Kramer,6,4,39,2016-11-21,2016-11-27,OK
23,1,Laurie Hernandez,Laurie Hernandez,8,7,-17,2016-09-12,2016-09-18,OK
23,2,Laurie Hernandez,Laurie Hernandez,5,3,-164,2016-09-19,2016-09-25,OK
23,3,Laurie Hernandez,Laurie Hernandez,8,4,47,2016-09-26,2016-10-02,OK
23,4,Laurie Hernandez,Laurie Hernandez,5,2,7,2016-10-03,2016-10-09,OK
23,5,Laurie Hernandez,Laurie Hernandez,4,1,0,2016-10-10,2016-10-16,OK
23,6,Laurie Hernandez,Laurie Hernandez,2,2,0,2016-10-17,2016-10-23,OK
23,7,Laurie Hernandez,Laurie Hernandez,9,9,0,2016-10-24,2016-10-30,OK
23,8,Laurie Hernandez,Laurie Hernandez,25,4,-1094,2016-10-31,2016-11-06,OK
23,9,Laurie Hernandez,Laurie Hernandez,7,4,83,2016-11-07,2016-11-13,OK
23,10,Laurie Hernandez,Laurie Hernandez,11,5,-218,2016-11-14,2016-11-20,OK
23,11,Laurie Hernandez,Laurie Hernandez,44,27,-677,2016-11-21,2016-11-27,OK
23,1,Marilu Henner,Marilu Henner,0,0,0,2016-09-12,2016-09-18,OK
23,2,Marilu Henner,Marilu Henner,0,0,0,2016-09-19,2016-09-25,OK
23,3,Marilu Henner,Marilu Henner,1,1,0,2016-09-26,2016-10-02,OK
23,4,Marilu Henner,Marilu Henner,6,5,20,2016-10-03,2016-10-09,OK
23,5,Marilu Henner,Marilu Henner,1,1,0,2016-10-10,2016-10-16,OK
23,6,Marilu Henner,Marilu Henner,0,0,0,2016-10-17,2016-10-23,OK
23,7,Marilu Henner,Marilu Henner,0,0,0,2016-10-24,2016-10-30,OK
23,8,Marilu Henner,Marilu Henner,4,1,92,2016-10-31,2016-11-06,OK
23,9,Marilu Henner,Marilu Henner,1,1,0,2016-11-07,2016-11-13,OK
23,10,Marilu Henner,Marilu Henner,0,0,0,2016-11-14,2016-11-20,OK
23,11,Marilu Henner,Marilu Henner,0,0,0,2016-11-21,2016-11-27,OK
23,1,Maureen McCormick,Maureen McCormick,0,0,0,2016-09-12,2016-09-18,OK
23,2,Maureen McCormick,Maureen McCormick,1,1,0,2016-09-19,2016-09-25,OK
23,3,Maureen McCormick,Maureen McCormick,0,0,0,2016-09-26,2016-10-02,OK
23,4,Maureen McCormick,Maureen McCormick,2,2,0,2016-10-03,2016-10-09,OK
23,5,Maureen McCormick,Maureen McCormick,1,1,0,2016-10-10,2016-10-16,OK
23,6,Maureen McCormick,Maureen McCormick,0,0,0,2016-10-17,2016-10-23,OK
23,7,Maureen McCormick,Maureen McCormick,1,1,0,2016-10-24,2016-10-30,OK
23,8,Maureen McCormick,Maureen McCormick,4,4,74,2016-10-31,2016-11-06,OK
23,9,Maureen McCormick,Maureen McCormick,3,1,-4,2016-11-07,2016-11-13,OK
23,10,Maureen McCormick,Maureen McCormick,0,0,0,2016-11-14,2016-11-20,OK
23,11,Maureen McCormick,Maureen McCormick,10,3,-5,2016-11-21,2016-11-27,OK
23,1,Rick Perry,Rick Perry,16,9,-983,2016-09-12,2016-09-18,OK
23,2,Rick Perry,Rick Perry,5,5,-27,2016-09-19,2016-09-25,OK
23,3,Rick Perry,Rick Perry,1,1,0,2016-09-26,2016-10-02,OK
23,4,Rick Perry,Rick Perry,5,3,-40,2016-10-03,2016-10-09,OK
23,5,Rick Perry,Rick Perry,8,6,-3,2016-10-10,2016-10-16,OK
23,6,Rick Perry,Rick Perry,0,0,0,2016-10-17,2016-10-23,OK
23,7,Rick Perry,Rick Perry,3,3,-70,2016-10-24,2016-10-30,OK
23,8,Rick Perry,Rick Perry,4,3,-29,2016-10-31,2016-11-06,OK
23,9,Rick Perry,Rick Perry,4,4,-20,2016-11-07,2016-11-13,OK
23,10,Rick Perry,Rick Perry,14,6,1278,2016-11-14,2016-11-20,OK
23,11,Rick Perry,Rick Perry,1,1,0,2016-11-21,2016-11-27,OK
23,1,Ryan Lochte,Ryan Lochte,18,12,122,2016-09-12,2016-09-18,OK
23,2,Ryan Lochte,Ryan Lochte,2,2,46,2016-09-19,2016-09-25,OK
23,3,Ryan Lochte,Ryan Lochte,0,0,0,2016-09-26,2016-10-02,OK
23,4,Ryan Lochte,Ryan Lochte,9,5,104,2016-10-03,2016-10-09,OK
23,5,Ryan Lochte,Ryan Lochte,7,6,198,2016-10-10,2016-10-16,OK
23,6,Ryan Lochte,Ryan Lochte,6,5,383,2016-10-17,2016-10-23,OK
23,7,Ryan Lochte,Ryan Lochte,2,2,4,2016-10-24,2016-10-30,OK
23,8,Ryan Lochte,Ryan Lochte,6,3,-25,2016-10-31,2016-11-06,OK
23,9,Ryan Lochte,Ryan Lochte,0,0,0,2016-11-07,2016-11-13,OK
23,10,Ryan Lochte,Ryan Lochte,5,4,40,2016-11-14,2016-11-20,OK
23,11,Ryan Lochte,Ryan Lochte,8,6,30,2016-11-21,2016-11-27,OK
23,1,Terra Jole,Terra Jolé,0,0,0,2016-09-12,2016-09-18,OK
23,2,Terra Jole,Terra Jolé,0,0,0,2016-09-19,2016-09-25,OK
23,3,Terra Jole,Terra Jolé,0,0,0,2016-09-26,2016-10-02,OK
23,4,Terra Jole,Terra Jolé,0,0,0,2016-10-03,2016-10-09,OK
23,5,Terra Jole,Terra Jolé,0,0,0,2016-10-10,2016-10-16,OK
23,6,Terra Jole,Terra Jolé,7,2,872,2016-10-17,2016-10-23,OK
23,7,Terra Jole,Terra Jolé,3,3,0,2016-10-24,2016-10-30,OK
23,8,Terra Jole,Terra Jolé,8,2,-49,2016-10-31,2016-11-06,OK
23,9,Terra Jole,Terra Jolé,2,2,0,2016-11-07,2016-11-13,OK
23,10,Terra Jole,Terra Jolé,1,1,0,2016-11-14,2016-11-20,OK
23,11,Terra Jole,Terra Jolé,1,1,0,2016-11-21,2016-11-27,OK
23,1,Vanilla Ice,Vanilla Ice,0,0,0,2016-09-12,2016-09-18,OK
23,2,Vanilla Ice,Vanilla Ice,0,0,0,2016-09-19,2016-09-25,OK
23,3,Vanilla Ice,Vanilla Ice,0,0,0,2016-09-26,2016-10-02,OK
23,4,Vanilla Ice,Vanilla Ice,8,5,297,2016-10-03,2016-10-09,OK
23,5,Vanilla Ice,Vanilla Ice,1,1,0,2016-10-10,2016-10-16,OK
23,6,Vanilla Ice,Vanilla Ice,12,5,-754,2016-10-17,2016-10-23,OK
23,7,Vanilla Ice,Vanilla Ice,0,0,0,2016-10-24,2016-10-30,OK
23,8,Vanilla Ice,Vanilla Ice,1,1,0,2016-10-31,2016-11-06,OK
23,9,Vanilla Ice,Vanilla Ice,1,1,0,2016-11-07,2016-11-13,OK
23,10,Vanilla Ice,Vanilla Ice,2,2,0,2016-11-14,2016-11-20,OK
23,11,Vanilla Ice,Vanilla Ice,1,1,0,2016-11-21,2016-11-27,OK
24,1,Bonner Bolton,Bonner Bolton,12,4,2411,2017-03-20,2017-03-26,OK
24,2,Bonner Bolton,Bonner Bolton,3,3,-5,2017-03-27,2017-04-02,OK
24,3,Bonner Bolton,Bonner Bolton,2,1,-1,2017-04-03,2017-04-09,OK
24,4,Bonner Bolton,Bonner Bolton,2,2,0,2017-04-10,2017-04-16,OK
24,5,Bonner Bolton,Bonner Bolton,3,3,0,2017-04-17,2017-04-23,OK
24,6,Bonner Bolton,Bonner Bolton,0,0,0,2017-04-24,2017-04-30,OK
24,7,Bonner Bolton,Bonner Bolton,0,0,0,2017-05-01,2017-05-07,OK
24,8,Bonner Bolton,Bonner Bolton,1,1,0,2017-05-08,2017-05-14,OK
24,9,Bonner Bolton,Bonner Bolton,0,0,0,2017-05-15,2017-05-21,OK
24,10,Bonner Bolton,Bonner Bolton,1,1,0,2017-05-22,2017-05-28,OK
24,1,Charo,Charo,16,7,190,2017-03-20,2017-03-26,OK
24,2,Charo,Charo,12,10,198,2017-03-27,2017-04-02,OK
24,3,Charo,Charo,8,6,-147,2017-04-03,2017-04-09,OK
24,4,Charo,Charo,2,2,0,2017-04-10,2017-04-16,OK
24,5,Charo,Charo,3,3,1,2017-04-17,2017-04-23,OK
24,6,Charo,Charo,10,4,470,2017-04-24,2017-04-30,OK
24,7,Charo,Charo,12,3,68,2017-05-01,2017-05-07,OK
24,8,Charo,Charo,1,1,0,2017-05-08,2017-05-14,OK
24,9,Charo,Charo,1,1,0,2017-05-15,2017-05-21,OK
24,10,Charo,Charo,0,0,0,2017-05-22,2017-05-28,OK
24,1,Chris Kattan,Chris Kattan,6,4,72,2017-03-20,2017-03-26,OK
24,2,Chris Kattan,Chris Kattan,4,4,146,2017-03-27,2017-04-02,OK
24,3,Chris Kattan,Chris Kattan,0,0,0,2017-04-03,2017-04-09,OK
24,4,Chris Kattan,Chris Kattan,0,0,0,2017-04-10,2017-04-16,OK
24,5,Chris Kattan,Chris Kattan,6,5,132,2017-04-17,2017-04-23,OK
24,6,Chris Kattan,Chris Kattan,0,0,0,2017-04-24,2017-04-30,OK
24,7,Chris Kattan,Chris Kattan,2,1,0,2017-05-01,2017-05-07,OK
24,8,Chris Kattan,Chris Kattan,0,0,0,2017-05-08,2017-05-14,OK
24,9,Chris Kattan,Chris Kattan,0,0,0,2017-05-15,2017-05-21,OK
24,10,Chris Kattan,Chris Kattan,1,1,0,2017-05-22,2017-05-28,OK
24,1,David Ross,Adin Ross,0,0,0,2017-03-20,2017-03-26,OK
24,2,David Ross,Adin Ross,0,0,0,2017-03-27,2017-04-02,OK
24,3,David Ross,Adin Ross,0,0,0,2017-04-03,2017-04-09,OK
24,4,David Ross,Adin Ross,0,0,0,2017-04-10,2017-04-16,OK
24,5,David Ross,Adin Ross,0,0,0,2017-04-17,2017-04-23,OK
24,6,David Ross,Adin Ross,0,0,0,2017-04-24,2017-04-30,OK
24,7,David Ross,Adin Ross,0,0,0,2017-05-01,2017-05-07,OK
24,8,David Ross,Adin Ross,0,0,0,2017-05-08,2017-05-14,OK
24,9,David Ross,Adin Ross,0,0,0,2017-05-15,2017-05-21,OK
24,10,David Ross,Adin Ross,0,0,0,2017-05-22,2017-05-28,OK
24,1,Erika Jayne,Erika Jayne,6,6,32,2017-03-20,2017-03-26,OK
24,2,Erika Jayne,Erika Jayne,2,2,0,2017-03-27,2017-04-02,OK
24,3,Erika Jayne,Erika Jayne,1,1,0,2017-04-03,2017-04-09,OK
24,4,Erika Jayne,Erika Jayne,6,5,-103,2017-04-10,2017-04-16,OK
24,5,Erika Jayne,Erika Jayne,0,0,0,2017-04-17,2017-04-23,OK
24,6,Erika Jayne,Erika Jayne,16,5,-1158,2017-04-24,2017-04-30,OK
24,7,Erika Jayne,Erika Jayne,12,5,20,2017-05-01,2017-05-07,OK
24,8,Erika Jayne,Erika Jayne,6,3,-1,2017-05-08,2017-05-14,OK
24,9,Erika Jayne,Erika Jayne,0,0,0,2017-05-15,2017-05-21,OK
24,10,Erika Jayne,Erika Jayne,1,1,0,2017-05-22,2017-05-28,OK
24,1,Heather Morris,Heather Morris,0,0,0,2017-03-20,2017-03-26,OK
24,2,Heather Morris,Heather Morris,9,6,15,2017-03-27,2017-04-02,OK
24,3,Heather Morris,Heather Morris,0,0,0,2017-04-03,2017-04-09,OK
24,4,Heather Morris,Heather Morris,1,1,0,2017-04-10,2017-04-16,OK
24,5,Heather Morris,Heather Morris,2,2,-30,2017-04-17,2017-04-23,OK
24,6,Heather Morris,Heather Morris,15,12,-437,2017-04-24,2017-04-30,OK
24,7,Heather Morris,Heather Morris,2,2,11,2017-05-01,2017-05-07,OK
24,8,Heather Morris,Heather Morris,4,4,-11,2017-05-08,2017-05-14,OK
24,9,Heather Morris,Heather Morris,4,3,-11,2017-05-15,2017-05-21,OK
24,10,Heather Morris,Heather Morris,2,2,-16,2017-05-22,2017-05-28,OK
24,1,Mr. T,Mr. T,1,1,0,2017-03-20,2017-03-26,OK
24,2,Mr. T,Mr. T,2,2,0,2017-03-27,2017-04-02,OK
24,3,Mr. T,Mr. T,1,1,0,2017-04-03,2017-04-09,OK
24,4,Mr. T,Mr. T,4,3,0,2017-04-10,2017-04-16,OK
24,5,Mr. T,Mr. T,3,1,419,2017-04-17,2017-04-23,OK
24,6,Mr. T,Mr. T,0,0,0,2017-04-24,2017-04-30,OK
24,7,Mr. T,Mr. T,0,0,0,2017-05-01,2017-05-07,OK
24,8,Mr. T,Mr. T,0,0,0,2017-05-08,2017-05-14,OK
24,9,Mr. T,Mr. T,2,2,0,2017-05-15,2017-05-21,OK
24,10,Mr. T,Mr. T,1,1,0,2017-05-22,2017-05-28,OK
24,1,Nancy Kerrigan,Nancy Kerrigan,1,1,0,2017-03-20,2017-03-26,OK
24,2,Nancy Kerrigan,Nancy Kerrigan,0,0,0,2017-03-27,2017-04-02,OK
24,3,Nancy Kerrigan,Nancy Kerrigan,5,4,-3,2017-04-03,2017-04-09,OK
24,4,Nancy Kerrigan,Nancy Kerrigan,1,1,0,2017-04-10,2017-04-16,OK
24,5,Nancy Kerrigan,Nancy Kerrigan,3,2,-4,2017-04-17,2017-04-23,OK
24,6,Nancy Kerrigan,Nancy Kerrigan,3,2,215,2017-04-24,2017-04-30,OK
24,7,Nancy Kerrigan,Nancy Kerrigan,2,2,0,2017-05-01,2017-05-07,OK
24,8,Nancy Kerrigan,Nancy Kerrigan,0,0,0,2017-05-08,2017-05-14,OK
24,9,Nancy Kerrigan,Nancy Kerrigan,3,2,-8,2017-05-15,2017-05-21,OK
24,10,Nancy Kerrigan,Nancy Kerrigan,0,0,0,2017-05-22,2017-05-28,OK
24,1,Nick Viall,Nick Viall,44,10,497,2017-03-20,2017-03-26,OK
24,2,Nick Viall,Nick Viall,3,2,-12,2017-03-27,2017-04-02,OK
24,3,Nick Viall,Nick Viall,0,0,0,2017-04-03,2017-04-09,OK
24,4,Nick Viall,Nick Viall,6,3,3,2017-04-10,2017-04-16,OK
24,5,Nick Viall,Nick Viall,0,0,0,2017-04-17,2017-04-23,OK
24,6,Nick Viall,Nick Viall,1,1,0,2017-04-24,2017-04-30,OK
24,7,Nick Viall,Nick Viall,3,2,8,2017-05-01,2017-05-07,OK
24,8,Nick Viall,Nick Viall,1,1,0,2017-05-08,2017-05-14,OK
24,9,Nick Viall,Nick Viall,0,0,0,2017-05-15,2017-05-21,OK
24,10,Nick Viall,Nick Viall,2,2,0,2017-05-22,2017-05-28,OK
24,1,Normani,Normani,0,0,0,2017-03-20,2017-03-26,OK
24,2,Normani,Normani,0,0,0,2017-03-27,2017-04-02,OK
24,3,Normani,Normani,0,0,0,2017-04-03,2017-04-09,OK
24,4,Normani,Normani,0,0,0,2017-04-10,2017-04-16,OK
24,5,Normani,Normani,0,0,0,2017-04-17,2017-04-23,OK
24,6,Normani,Normani,0,0,0,2017-04-24,2017-04-30,OK
24,7,Normani,Normani,0,0,0,2017-05-01,2017-05-07,OK
24,8,Normani,Normani,0,0,0,2017-05-08,2017-05-14,OK
24,9,Normani,Normani,0,0,0,2017-05-15,2017-05-21,OK
24,10,Normani,Normani,0,0,0,2017-05-22,2017-05-28,OK
24,1,Rashad Jennings,Rashad Jennings,2,1,0,2017-03-20,2017-03-26,OK
24,2,Rashad Jennings,Rashad Jennings,12,6,-96,2017-03-27,2017-04-02,OK
24,3,Rashad Jennings,Rashad Jennings,6,3,58,2017-04-03,2017-04-09,OK
24,4,Rashad Jennings,Rashad Jennings,0,0,0,2017-04-10,2017-04-16,OK
24,5,Rashad Jennings,Rashad Jennings,0,0,0,2017-04-17,2017-04-23,OK
24,6,Rashad Jennings,Rashad Jennings,0,0,0,2017-04-24,2017-04-30,OK
24,7,Rashad Jennings,Rashad Jennings,0,0,0,2017-05-01,2017-05-07,OK
24,8,Rashad Jennings,Rashad Jennings,0,0,0,2017-05-08,2017-05-14,OK
24,9,Rashad Jennings,Rashad Jennings,2,2,24,2017-05-15,2017-05-21,OK
24,10,Rashad Jennings,Rashad Jennings,32,21,1,2017-05-22,2017-05-28,OK
24,1,Simone Biles,Simone Biles,16,13,10,2017-03-20,2017-03-26,OK
24,2,Simone Biles,Simone Biles,5,4,11,2017-03-27,2017-04-02,OK
24,3,Simone Biles,Simone Biles,12,4,-167,2017-04-03,2017-04-09,OK
24,4,Simone Biles,Simone Biles,4,4,-9,2017-04-10,2017-04-16,OK
24,5,Simone Biles,Simone Biles,5,5,0,2017-04-17,2017-04-23,OK
24,6,Simone Biles,Simone Biles,0,0,0,2017-04-24,2017-04-30,OK
24,7,Simone Biles,Simone Biles,4,4,0,2017-05-01,2017-05-07,OK
24,8,Simone Biles,Simone Biles,12,8,50989,2017-05-08,2017-05-14,OK
24,9,Simone Biles,Simone Biles,10,10,0,2017-05-15,2017-05-21,OK
24,10,Simone Biles,Simone Biles,2,2,1728,2017-05-22,2017-05-28,OK
25,1,Barbara Corcoran,Barbara Corcoran,5,4,-39,2017-09-18,2017-09-24,OK
25,2,Barbara Corcoran,Barbara Corcoran,10,6,73,2017-09-25,2017-10-01,OK
25,3,Barbara Corcoran,Barbara Corcoran,1,1,0,2017-10-02,2017-10-08,OK
25,4,Barbara Corcoran,Barbara Corcoran,0,0,0,2017-10-09,2017-10-15,OK
25,5,Barbara Corcoran,Barbara Corcoran,0,0,0,2017-10-16,2017-10-22,OK
25,6,Barbara Corcoran,Barbara Corcoran,0,0,0,2017-10-23,2017-10-29,OK
25,7,Barbara Corcoran,Barbara Corcoran,2,2,-1,2017-10-30,2017-11-05,OK
25,8,Barbara Corcoran,Barbara Corcoran,0,0,0,2017-11-06,2017-11-12,OK
25,9,Barbara Corcoran,Barbara Corcoran,7,3,320,2017-11-13,2017-11-19,OK
25,10,Barbara Corcoran,Barbara Corcoran,1,1,0,2017-11-20,2017-11-26,OK
25,1,Debbie Gibson,Debbie Gibson,5,5,77,2017-09-18,2017-09-24,OK
25,2,Debbie Gibson,Debbie Gibson,3,3,261,2017-09-25,2017-10-01,OK
25,3,Debbie Gibson,Debbie Gibson,3,2,-255,2017-10-02,2017-10-08,OK
25,4,Debbie Gibson,Debbie Gibson,2,2,0,2017-10-09,2017-10-15,OK
25,5,Debbie Gibson,Debbie Gibson,0,0,0,2017-10-16,2017-10-22,OK
25,6,Debbie Gibson,Debbie Gibson,0,0,0,2017-10-23,2017-10-29,OK
25,7,Debbie Gibson,Debbie Gibson,3,2,0,2017-10-30,2017-11-05,OK
25,8,Debbie Gibson,Debbie Gibson,0,0,0,2017-11-06,2017-11-12,OK
25,9,Debbie Gibson,Debbie Gibson,2,1,4,2017-11-13,2017-11-19,OK
25,10,Debbie Gibson,Debbie Gibson,1,1,0,2017-11-20,2017-11-26,OK
25,1,Derek Fisher,Derek Fisher,0,0,0,2017-09-18,2017-09-24,OK
25,2,Derek Fisher,Derek Fisher,1,1,0,2017-09-25,2017-10-01,OK
25,3,Derek Fisher,Derek Fisher,0,0,0,2017-10-02,2017-10-08,OK
25,4,Derek Fisher,Derek Fisher,2,2,0,2017-10-09,2017-10-15,OK
25,5,Derek Fisher,Derek Fisher,0,0,0,2017-10-16,2017-10-22,OK
25,6,Derek Fisher,Derek Fisher,1,1,0,2017-10-23,2017-10-29,OK
25,7,Derek Fisher,Derek Fisher,1,1,0,2017-10-30,2017-11-05,OK
25,8,Derek Fisher,Derek Fisher,0,0,0,2017-11-06,2017-11-12,OK
25,9,Derek Fisher,Derek Fisher,0,0,0,2017-11-13,2017-11-19,OK
25,10,Derek Fisher,Derek Fisher,0,0,0,2017-11-20,2017-11-26,OK
25,1,Drew Scott,Drew Scott,30,2,-1173,2017-09-18,2017-09-24,OK
25,2,Drew Scott,Drew Scott,19,1,1193,2017-09-25,2017-10-01,OK
25,3,Drew Scott,Drew Scott,7,1,-1,2017-10-02,2017-10-08,OK
25,4,Drew Scott,Drew Scott,14,2,-338,2017-10-09,2017-10-15,OK
25,5,Drew Scott,Drew Scott,4,1,-359,2017-10-16,2017-10-22,OK
25,6,Drew Scott,Drew Scott,3,2,0,2017-10-23,2017-10-29,OK
25,7,Drew Scott,Drew Scott,0,0,0,2017-10-30,2017-11-05,OK
25,8,Drew Scott,Drew Scott,5,2,227,2017-11-06,2017-11-12,OK
25,9,Drew Scott,Drew Scott,35,3,-1389,2017-11-13,2017-11-19,OK
25,10,Drew Scott,Drew Scott,8,1,1233,2017-11-20,2017-11-26,OK
25,1,Frankie Muniz,Frankie Muniz,3,2,1,2017-09-18,2017-09-24,OK
25,2,Frankie Muniz,Frankie Muniz,6,4,181,2017-09-25,2017-10-01,OK
25,3,Frankie Muniz,Frankie Muniz,1,1,0,2017-10-02,2017-10-08,OK
25,4,Frankie Muniz,Frankie Muniz,20,16,-336,2017-10-09,2017-10-15,OK
25,5,Frankie Muniz,Frankie Muniz,7,7,-11,2017-10-16,2017-10-22,OK
25,6,Frankie Muniz,Frankie Muniz,1,1,0,2017-10-23,2017-10-29,OK
25,7,Frankie Muniz,Frankie Muniz,3,2,-691,2017-10-30,2017-11-05,OK
25,8,Frankie Muniz,Frankie Muniz,2,2,-1,2017-11-06,2017-11-12,OK
25,9,Frankie Muniz,Frankie Muniz,6,6,5,2017-11-13,2017-11-19,OK
25,10,Frankie Muniz,Frankie Muniz,11,8,-29,2017-11-20,2017-11-26,OK
25,1,Jordan Fisher,Jordan Fisher,0,0,0,2017-09-18,2017-09-24,OK
25,2,Jordan Fisher,Jordan Fisher,0,0,0,2017-09-25,2017-10-01,OK
25,3,Jordan Fisher,Jordan Fisher,7,2,181,2017-10-02,2017-10-08,OK
25,4,Jordan Fisher,Jordan Fisher,4,4,-37,2017-10-09,2017-10-15,OK
25,5,Jordan Fisher,Jordan Fisher,1,1,0,2017-10-16,2017-10-22,OK
25,6,Jordan Fisher,Jordan Fisher,4,3,-12,2017-10-23,2017-10-29,OK
25,7,Jordan Fisher,Jordan Fisher,2,2,0,2017-10-30,2017-11-05,OK
25,8,Jordan Fisher,Jordan Fisher,0,0,0,2017-11-06,2017-11-12,OK
25,9,Jordan Fisher,Jordan Fisher,23,8,-826,2017-11-13,2017-11-19,OK
25,10,Jordan Fisher,Jordan Fisher,19,15,-23140,2017-11-20,2017-11-26,OK
25,1,Lindsey Stirling,Lindsey Stirling,6,4,-186,2017-09-18,2017-09-24,OK
25,2,Lindsey Stirling,Lindsey Stirling,6,6,-161,2017-09-25,2017-10-01,OK
25,3,Lindsey Stirling,Lindsey Stirling,3,3,1,2017-10-02,2017-10-08,OK
25,4,Lindsey Stirling,Lindsey Stirling,2,2,0,2017-10-09,2017-10-15,OK
25,5,Lindsey Stirling,Lindsey Stirling,2,2,0,2017-10-16,2017-10-22,OK
25,6,Lindsey Stirling,Lindsey Stirling,0,0,0,2017-10-23,2017-10-29,OK
25,7,Lindsey Stirling,Lindsey Stirling,1,1,0,2017-10-30,2017-11-05,OK
25,8,Lindsey Stirling,Lindsey Stirling,5,4,0,2017-11-06,2017-11-12,OK
25,9,Lindsey Stirling,Lindsey Stirling,3,2,-2,2017-11-13,2017-11-19,OK
25,10,Lindsey Stirling,Lindsey Stirling,4,4,0,2017-11-20,2017-11-26,OK
25,1,Nick Lachey,Nick Lachey,1,1,0,2017-09-18,2017-09-24,OK
25,2,Nick Lachey,Nick Lachey,0,0,0,2017-09-25,2017-10-01,OK
25,3,Nick Lachey,Nick Lachey,0,0,0,2017-10-02,2017-10-08,OK
25,4,Nick Lachey,Nick Lachey,0,0,0,2017-10-09,2017-10-15,OK
25,5,Nick Lachey,Nick Lachey,0,0,0,2017-10-16,2017-10-22,OK
25,6,Nick Lachey,Nick Lachey,0,0,0,2017-10-23,2017-10-29,OK
25,7,Nick Lachey,Nick Lachey,0,0,0,2017-10-30,2017-11-05,OK
25,8,Nick Lachey,Nick Lachey,3,3,418,2017-11-06,2017-11-12,OK
25,9,Nick Lachey,Nick Lachey,2,2,-405,2017-11-13,2017-11-19,OK
25,10,Nick Lachey,Nick Lachey,0,0,0,2017-11-20,2017-11-26,OK
25,1,Nikki Bella,Nikki Bella,0,0,0,2017-09-18,2017-09-24,OK
25,2,Nikki Bella,Nikki Bella,0,0,0,2017-09-25,2017-10-01,OK
25,3,Nikki Bella,Nikki Bella,4,3,2,2017-10-02,2017-10-08,OK
25,4,Nikki Bella,Nikki Bella,4,3,298,2017-10-09,2017-10-15,OK
25,5,Nikki Bella,Nikki Bella,9,6,334,2017-10-16,2017-10-22,OK
25,6,Nikki Bella,Nikki Bella,2,2,0,2017-10-23,2017-10-29,OK
25,7,Nikki Bella,Nikki Bella,7,4,76,2017-10-30,2017-11-05,OK
25,8,Nikki Bella,Nikki Bella,1,1,0,2017-11-06,2017-11-12,OK
25,9,Nikki Bella,Nikki Bella,0,0,0,2017-11-13,2017-11-19,OK
25,10,Nikki Bella,Nikki Bella,0,0,0,2017-11-20,2017-11-26,OK
25,1,Sasha Pieterse,Sasha Pieterse,6,4,-51,2017-09-18,2017-09-24,OK
25,2,Sasha Pieterse,Sasha Pieterse,11,6,136,2017-09-25,2017-10-01,OK
25,3,Sasha Pieterse,Sasha Pieterse,0,0,0,2017-10-02,2017-10-08,OK
25,4,Sasha Pieterse,Sasha Pieterse,1,1,0,2017-10-09,2017-10-15,OK
25,5,Sasha Pieterse,Sasha Pieterse,6,1,283,2017-10-16,2017-10-22,OK
25,6,Sasha Pieterse,Sasha Pieterse,4,1,15,2017-10-23,2017-10-29,OK
25,7,Sasha Pieterse,Sasha Pieterse,0,0,0,2017-10-30,2017-11-05,OK
25,8,Sasha Pieterse,Sasha Pieterse,1,1,0,2017-11-06,2017-11-12,OK
25,9,Sasha Pieterse,Sasha Pieterse,0,0,0,2017-11-13,2017-11-19,OK
25,10,Sasha Pieterse,Sasha Pieterse,2,2,0,2017-11-20,2017-11-26,OK
25,1,Terrell Owens,Terrell Owens,63,6,1837,2017-09-18,2017-09-24,OK
25,2,Terrell Owens,Terrell Owens,75,10,-864,2017-09-25,2017-10-01,OK
25,3,Terrell Owens,Terrell Owens,18,5,447,2017-10-02,2017-10-08,OK
25,4,Terrell Owens,Terrell Owens,89,7,114,2017-10-09,2017-10-15,OK
25,5,Terrell Owens,Terrell Owens,1,1,0,2017-10-16,2017-10-22,OK
25,6,Terrell Owens,Terrell Owens,0,0,0,2017-10-23,2017-10-29,OK
25,7,Terrell Owens,Terrell Owens,2,1,51,2017-10-30,2017-11-05,OK
25,8,Terrell Owens,Terrell Owens,0,0,0,2017-11-06,2017-11-12,OK
25,9,Terrell Owens,Terrell Owens,1,1,0,2017-11-13,2017-11-19,OK
25,10,Terrell Owens,Terrell Owens,21,6,424,2017-11-20,2017-11-26,OK
25,1,Vanessa Lachey,Vanessa Lachey,0,0,0,2017-09-18,2017-09-24,OK
25,2,Vanessa Lachey,Vanessa Lachey,1,1,0,2017-09-25,2017-10-01,OK
25,3,Vanessa Lachey,Vanessa Lachey,0,0,0,2017-10-02,2017-10-08,OK
25,4,Vanessa Lachey,Vanessa Lachey,0,0,0,2017-10-09,2017-10-15,OK
25,5,Vanessa Lachey,Vanessa Lachey,0,0,0,2017-10-16,2017-10-22,OK
25,6,Vanessa Lachey,Vanessa Lachey,0,0,0,2017-10-23,2017-10-29,OK
25,7,Vanessa Lachey,Vanessa Lachey,1,1,0,2017-10-30,2017-11-05,OK
25,8,Vanessa Lachey,Vanessa Lachey,1,1,0,2017-11-06,2017-11-12,OK
25,9,Vanessa Lachey,Vanessa Lachey,5,3,-163,2017-11-13,2017-11-19,OK
25,10,Vanessa Lachey,Vanessa Lachey,0,0,0,2017-11-20,2017-11-26,OK
25,1,Victoria Arlen,Victoria Arlen,6,4,-768,2017-09-18,2017-09-24,OK
25,2,Victoria Arlen,Victoria Arlen,1,1,0,2017-09-25,2017-10-01,OK
25,3,Victoria Arlen,Victoria Arlen,0,0,0,2017-10-02,2017-10-08,OK
25,4,Victoria Arlen,Victoria Arlen,0,0,0,2017-10-09,2017-10-15,OK
25,5,Victoria Arlen,Victoria Arlen,0,0,0,2017-10-16,2017-10-22,OK
25,6,Victoria Arlen,Victoria Arlen,0,0,0,2017-10-23,2017-10-29,OK
25,7,Victoria Arlen,Victoria Arlen,0,0,0,2017-10-30,2017-11-05,OK
25,8,Victoria Arlen,Victoria Arlen,1,1,0,2017-11-06,2017-11-12,OK
25,9,Victoria Arlen,Victoria Arlen,1,1,0,2017-11-13,2017-11-19,OK
25,10,Victoria Arlen,Victoria Arlen,1,1,0,2017-11-20,2017-11-26,OK
26,1,Adam Rippon,Adam Rippon,0,0,0,2018-04-30,2018-05-06,OK
26,2,Adam Rippon,Adam Rippon,1,1,0,2018-05-07,2018-05-13,OK
26,3,Adam Rippon,Adam Rippon,0,0,0,2018-05-14,2018-05-20,OK
26,4,Adam Rippon,Adam Rippon,15,11,365,2018-05-21,2018-05-27,OK
26,1,Arike Ogunbowale,Arike Ogunbowale,2,2,0,2018-04-30,2018-05-06,OK
26,2,Arike Ogunbowale,Arike Ogunbowale,1,1,0,2018-05-07,2018-05-13,OK
26,3,Arike Ogunbowale,Arike Ogunbowale,0,0,0,2018-05-14,2018-05-20,OK
26,4,Arike Ogunbowale,Arike Ogunbowale,0,0,0,2018-05-21,2018-05-27,OK
26,1,Chris Mazdzer,Chris Mazdzer,0,0,0,2018-04-30,2018-05-06,OK
26,2,Chris Mazdzer,Chris Mazdzer,0,0,0,2018-05-07,2018-05-13,OK
26,3,Chris Mazdzer,Chris Mazdzer,0,0,0,2018-05-14,2018-05-20,OK
26,4,Chris Mazdzer,Chris Mazdzer,1,1,0,2018-05-21,2018-05-27,OK
26,1,Jamie Anderson,Jamie Anderson (snowboarder),1,1,0,2018-04-30,2018-05-06,OK
26,2,Jamie Anderson,Jamie Anderson (snowboarder),0,0,0,2018-05-07,2018-05-13,OK
26,3,Jamie Anderson,Jamie Anderson (snowboarder),0,0,0,2018-05-14,2018-05-20,OK
26,4,Jamie Anderson,Jamie Anderson (snowboarder),0,0,0,2018-05-21,2018-05-27,OK
26,1,Jennie Finch Daigle,Jennie Finch,0,0,0,2018-04-30,2018-05-06,OK
26,2,Jennie Finch Daigle,Jennie Finch,0,0,0,2018-05-07,2018-05-13,OK
26,3,Jennie Finch Daigle,Jennie Finch,0,0,0,2018-05-14,2018-05-20,OK
26,4,Jennie Finch Daigle,Jennie Finch,3,2,-23,2018-05-21,2018-05-27,OK
26,1,Johnny Damon,Johnny Damon,1,1,0,2018-04-30,2018-05-06,OK
26,2,Johnny Damon,Johnny Damon,0,0,0,2018-05-07,2018-05-13,OK
26,3,Johnny Damon,Johnny Damon,0,0,0,2018-05-14,2018-05-20,OK
26,4,Johnny Damon,Johnny Damon,0,0,0,2018-05-21,2018-05-27,OK
26,1,Josh Norman,Josh Norman,8,4,7,2018-04-30,2018-05-06,OK
26,2,Josh Norman,Josh Norman,0,0,0,2018-05-07,2018-05-13,OK
26,3,Josh Norman,Josh Norman,1,1,0,2018-05-14,2018-05-20,OK
26,4,Josh Norman,Josh Norman,3,2,0,2018-05-21,2018-05-27,OK
26,1,Kareem Abdul-Jabbar,Kareem Abdul-Jabbar,55,4,-164,2018-04-30,2018-05-06,OK
26,2,Kareem Abdul-Jabbar,Kareem Abdul-Jabbar,0,0,0,2018-05-07,2018-05-13,OK
26,3,Kareem Abdul-Jabbar,Kareem Abdul-Jabbar,2,1,-1,2018-05-14,2018-05-20,OK
26,4,Kareem Abdul-Jabbar,Kareem Abdul-Jabbar,14,3,7,2018-05-21,2018-05-27,OK
26,1,Mirai Nagasu,Mirai Nagasu,0,0,0,2018-04-30,2018-05-06,OK
26,2,Mirai Nagasu,Mirai Nagasu,0,0,0,2018-05-07,2018-05-13,OK
26,3,Mirai Nagasu,Mirai Nagasu,1,1,0,2018-05-14,2018-05-20,OK
26,4,Mirai Nagasu,Mirai Nagasu,0,0,0,2018-05-21,2018-05-27,OK
26,1,Tonya Harding,Tonya Harding,7,6,1,2018-04-30,2018-05-06,OK
26,2,Tonya Harding,Tonya Harding,4,4,-1,2018-05-07,2018-05-13,OK
26,3,Tonya Harding,Tonya Harding,2,2,-26,2018-05-14,2018-05-20,OK
26,4,Tonya Harding,Tonya Harding,16,10,129,2018-05-21,2018-05-27,OK
27,1,Alexis Ren,Alexis Ren,5,5,-50,2018-09-24,2018-09-30,OK
27,2,Alexis Ren,Alexis Ren,5,4,-225,2018-10-01,2018-10-07,OK
27,3,Alexis Ren,Alexis Ren,6,6,-271,2018-10-08,2018-10-14,OK
27,4,Alexis Ren,Alexis Ren,5,5,-885,2018-10-15,2018-10-21,OK
27,5,Alexis Ren,Alexis Ren,2,1,-10,2018-10-22,2018-10-28,OK
27,6,Alexis Ren,Alexis Ren,0,0,0,2018-10-29,2018-11-04,OK
27,7,Alexis Ren,Alexis Ren,10,7,-334,2018-11-05,2018-11-11,OK
27,8,Alexis Ren,Alexis Ren,7,5,201,2018-11-12,2018-11-18,OK
27,9,Alexis Ren,Alexis Ren,10,7,-79,2018-11-19,2018-11-25,OK
27,1,Bobby Bones,Bobby Bones,3,3,-31,2018-09-24,2018-09-30,OK
27,2,Bobby Bones,Bobby Bones,0,0,0,2018-10-01,2018-10-07,OK
27,3,Bobby Bones,Bobby Bones,2,2,64,2018-10-08,2018-10-14,OK
27,4,Bobby Bones,Bobby Bones,2,2,0,2018-10-15,2018-10-21,OK
27,5,Bobby Bones,Bobby Bones,1,1,0,2018-10-22,2018-10-28,OK
27,6,Bobby Bones,Bobby Bones,0,0,0,2018-10-29,2018-11-04,OK
27,7,Bobby Bones,Bobby Bones,8,4,34,2018-11-05,2018-11-11,OK
27,8,Bobby Bones,Bobby Bones,1,1,0,2018-11-12,2018-11-18,OK
27,9,Bobby Bones,Bobby Bones,50,28,53,2018-11-19,2018-11-25,OK
27,1,Danelle Umstead,Danelle Umstead,3,3,-40,2018-09-24,2018-09-30,OK
27,2,Danelle Umstead,Danelle Umstead,0,0,0,2018-10-01,2018-10-07,OK
27,3,Danelle Umstead,Danelle Umstead,0,0,0,2018-10-08,2018-10-14,OK
27,4,Danelle Umstead,Danelle Umstead,0,0,0,2018-10-15,2018-10-21,OK
27,5,Danelle Umstead,Danelle Umstead,0,0,0,2018-10-22,2018-10-28,OK
27,6,Danelle Umstead,Danelle Umstead,0,0,0,2018-10-29,2018-11-04,OK
27,7,Danelle Umstead,Danelle Umstead,0,0,0,2018-11-05,2018-11-11,OK
27,8,Danelle Umstead,Danelle Umstead,0,0,0,2018-11-12,2018-11-18,OK
27,9,Danelle Umstead,Danelle Umstead,0,0,0,2018-11-19,2018-11-25,OK
27,1,DeMarcus Ware,DeMarcus Ware,3,3,-55,2018-09-24,2018-09-30,OK
27,2,DeMarcus Ware,DeMarcus Ware,1,1,0,2018-10-01,2018-10-07,OK
27,3,DeMarcus Ware,DeMarcus Ware,0,0,0,2018-10-08,2018-10-14,OK
27,4,DeMarcus Ware,DeMarcus Ware,0,0,0,2018-10-15,2018-10-21,OK
27,5,DeMarcus Ware,DeMarcus Ware,0,0,0,2018-10-22,2018-10-28,OK
27,6,DeMarcus Ware,DeMarcus Ware,0,0,0,2018-10-29,2018-11-04,OK
27,7,DeMarcus Ware,DeMarcus Ware,0,0,0,2018-11-05,2018-11-11,OK
27,8,DeMarcus Ware,DeMarcus Ware,0,0,0,2018-11-12,2018-11-18,OK
27,9,DeMarcus Ware,DeMarcus Ware,1,1,0,2018-11-19,2018-11-25,OK
27,1,Evanna Lynch,Evanna Lynch,1,1,0,2018-09-24,2018-09-30,OK
27,2,Evanna Lynch,Evanna Lynch,0,0,0,2018-10-01,2018-10-07,OK
27,3,Evanna Lynch,Evanna Lynch,4,2,-73,2018-10-08,2018-10-14,OK
27,4,Evanna Lynch,Evanna Lynch,0,0,0,2018-10-15,2018-10-21,OK
27,5,Evanna Lynch,Evanna Lynch,0,0,0,2018-10-22,2018-10-28,OK
27,6,Evanna Lynch,Evanna Lynch,0,0,0,2018-10-29,2018-11-04,OK
27,7,Evanna Lynch,Evanna Lynch,2,1,-69,2018-11-05,2018-11-11,OK
27,8,Evanna Lynch,Evanna Lynch,10,3,-89,2018-11-12,2018-11-18,OK
27,9,Evanna Lynch,Evanna Lynch,10,6,440,2018-11-19,2018-11-25,OK
27,1,Joe Amabile,Joe Amabile,0,0,0,2018-09-24,2018-09-30,OK
27,2,Joe Amabile,Joe Amabile,0,0,0,2018-10-01,2018-10-07,OK
27,3,Joe Amabile,Joe Amabile,1,1,0,2018-10-08,2018-10-14,OK
27,4,Joe Amabile,Joe Amabile,0,0,0,2018-10-15,2018-10-21,OK
27,5,Joe Amabile,Joe Amabile,0,0,0,2018-10-22,2018-10-28,OK
27,6,Joe Amabile,Joe Amabile,0,0,0,2018-10-29,2018-11-04,OK
27,7,Joe Amabile,Joe Amabile,0,0,0,2018-11-05,2018-11-11,OK
27,8,Joe Amabile,Joe Amabile,0,0,0,2018-11-12,2018-11-18,OK
27,9,Joe Amabile,Joe Amabile,0,0,0,2018-11-19,2018-11-25,OK
27,1,John Schneider,John Schneider (screen actor),0,0,0,2018-09-24,2018-09-30,OK
27,2,John Schneider,John Schneider (screen actor),0,0,0,2018-10-01,2018-10-07,OK
27,3,John Schneider,John Schneider (screen actor),0,0,0,2018-10-08,2018-10-14,OK
27,4,John Schneider,John Schneider (screen actor),1,1,0,2018-10-15,2018-10-21,OK
27,5,John Schneider,John Schneider (screen actor),1,1,0,2018-10-22,2018-10-28,OK
27,6,John Schneider,John Schneider (screen actor),2,1,-30,2018-10-29,2018-11-04,OK
27,7,John Schneider,John Schneider (screen actor),3,3,1,2018-11-05,2018-11-11,OK
27,8,John Schneider,John Schneider (screen actor),1,1,0,2018-11-12,2018-11-18,OK
27,9,John Schneider,John Schneider (screen actor),0,0,0,2018-11-19,2018-11-25,OK
27,1,Juan Pablo Di Pace,Juan Pablo Di Pace,1,1,0,2018-09-24,2018-09-30,OK
27,2,Juan Pablo Di Pace,Juan Pablo Di Pace,9,2,111,2018-10-01,2018-10-07,OK
27,3,Juan Pablo Di Pace,Juan Pablo Di Pace,4,4,-42,2018-10-08,2018-10-14,OK
27,4,Juan Pablo Di Pace,Juan Pablo Di Pace,0,0,0,2018-10-15,2018-10-21,OK
27,5,Juan Pablo Di Pace,Juan Pablo Di Pace,0,0,0,2018-10-22,2018-10-28,OK
27,6,Juan Pablo Di Pace,Juan Pablo Di Pace,4,3,0,2018-10-29,2018-11-04,OK
27,7,Juan Pablo Di Pace,Juan Pablo Di Pace,1,1,0,2018-11-05,2018-11-11,OK
27,8,Juan Pablo Di Pace,Juan Pablo Di Pace,3,2,-45,2018-11-12,2018-11-18,OK
27,9,Juan Pablo Di Pace,Juan Pablo Di Pace,1,1,0,2018-11-19,2018-11-25,OK
27,1,Mary Lou Retton,Mary Lou Retton,10,5,375,2018-09-24,2018-09-30,OK
27,2,Mary Lou Retton,Mary Lou Retton,0,0,0,2018-10-01,2018-10-07,OK
27,3,Mary Lou Retton,Mary Lou Retton,4,3,-58,2018-10-08,2018-10-14,OK
27,4,Mary Lou Retton,Mary Lou Retton,1,1,0,2018-10-15,2018-10-21,OK
27,5,Mary Lou Retton,Mary Lou Retton,0,0,0,2018-10-22,2018-10-28,OK
27,6,Mary Lou Retton,Mary Lou Retton,5,5,31,2018-10-29,2018-11-04,OK
27,7,Mary Lou Retton,Mary Lou Retton,0,0,0,2018-11-05,2018-11-11,OK
27,8,Mary Lou Retton,Mary Lou Retton,5,5,1,2018-11-12,2018-11-18,OK
27,9,Mary Lou Retton,Mary Lou Retton,0,0,0,2018-11-19,2018-11-25,OK
27,1,Milo Manheim,Milo Manheim,4,3,0,2018-09-24,2018-09-30,OK
27,2,Milo Manheim,Milo Manheim,0,0,0,2018-10-01,2018-10-07,OK
27,3,Milo Manheim,Milo Manheim,3,3,-6,2018-10-08,2018-10-14,OK
27,4,Milo Manheim,Milo Manheim,5,2,90,2018-10-15,2018-10-21,OK
27,5,Milo Manheim,Milo Manheim,0,0,0,2018-10-22,2018-10-28,OK
27,6,Milo Manheim,Milo Manheim,8,6,52,2018-10-29,2018-11-04,OK
27,7,Milo Manheim,Milo Manheim,6,5,-5,2018-11-05,2018-11-11,OK
27,8,Milo Manheim,Milo Manheim,10,7,-52,2018-11-12,2018-11-18,OK
27,9,Milo Manheim,Milo Manheim,24,15,478,2018-11-19,2018-11-25,OK
27,1,Nancy McKeon,Nancy McKeon,2,2,-197,2018-09-24,2018-09-30,OK
27,2,Nancy McKeon,Nancy McKeon,4,2,351,2018-10-01,2018-10-07,OK
27,3,Nancy McKeon,Nancy McKeon,5,2,-3,2018-10-08,2018-10-14,OK
27,4,Nancy McKeon,Nancy McKeon,0,0,0,2018-10-15,2018-10-21,OK
27,5,Nancy McKeon,Nancy McKeon,3,1,-256,2018-10-22,2018-10-28,OK
27,6,Nancy McKeon,Nancy McKeon,2,1,0,2018-10-29,2018-11-04,OK
27,7,Nancy McKeon,Nancy McKeon,0,0,0,2018-11-05,2018-11-11,OK
27,8,Nancy McKeon,Nancy McKeon,0,0,0,2018-11-12,2018-11-18,OK
27,9,Nancy McKeon,Nancy McKeon,1,1,0,2018-11-19,2018-11-25,OK
27,1,Nikki Glaser,Nikki Glaser,2,2,18,2018-09-24,2018-09-30,OK
27,2,Nikki Glaser,Nikki Glaser,2,2,0,2018-10-01,2018-10-07,OK
27,3,Nikki Glaser,Nikki Glaser,3,1,-57,2018-10-08,2018-10-14,OK
27,4,Nikki Glaser,Nikki Glaser,0,0,0,2018-10-15,2018-10-21,OK
27,5,Nikki Glaser,Nikki Glaser,1,1,0,2018-10-22,2018-10-28,OK
27,6,Nikki Glaser,Nikki Glaser,2,1,0,2018-10-29,2018-11-04,OK
27,7,Nikki Glaser,Nikki Glaser,0,0,0,2018-11-05,2018-11-11,OK
27,8,Nikki Glaser,Nikki Glaser,0,0,0,2018-11-12,2018-11-18,OK
27,9,Nikki Glaser,Nikki Glaser,0,0,0,2018-11-19,2018-11-25,OK
27,1,Tinashe,Tinashe,5,2,-3,2018-09-24,2018-09-30,OK
27,2,Tinashe,Tinashe,5,4,-8,2018-10-01,2018-10-07,OK
27,3,Tinashe,Tinashe,0,0,0,2018-10-08,2018-10-14,OK
27,4,Tinashe,Tinashe,16,11,1181,2018-10-15,2018-10-21,OK
27,5,Tinashe,Tinashe,10,5,469,2018-10-22,2018-10-28,OK
27,6,Tinashe,Tinashe,2,2,0,2018-10-29,2018-11-04,OK
27,7,Tinashe,Tinashe,9,5,-48,2018-11-05,2018-11-11,OK
27,8,Tinashe,Tinashe,13,8,-49,2018-11-12,2018-11-18,OK
27,9,Tinashe,Tinashe,5,5,78,2018-11-19,2018-11-25,OK
28,1,Ally Brooke,Ally Brooke,3,3,-25,2019-09-16,2019-09-22,OK
28,2,Ally Brooke,Ally Brooke,8,2,553,2019-09-23,2019-09-29,OK
28,3,Ally Brooke,Ally Brooke,1,1,0,2019-09-30,2019-10-06,OK
28,4,Ally Brooke,Ally Brooke,1,1,0,2019-10-07,2019-10-13,OK
28,5,Ally Brooke,Ally Brooke,0,0,0,2019-10-14,2019-10-20,OK
28,6,Ally Brooke,Ally Brooke,1,1,0,2019-10-21,2019-10-27,OK
28,7,Ally Brooke,Ally Brooke,1,1,0,2019-10-28,2019-11-03,OK
28,8,Ally Brooke,Ally Brooke,4,4,-26,2019-11-04,2019-11-10,OK
28,9,Ally Brooke,Ally Brooke,2,2,48,2019-11-11,2019-11-17,OK
28,10,Ally Brooke,Ally Brooke,4,3,-1,2019-11-18,2019-11-24,OK
28,11,Ally Brooke,Ally Brooke,21,9,-702,2019-11-25,2019-12-01,OK
28,1,Hannah Brown,Hannah Brown,5,4,-16,2019-09-16,2019-09-22,OK
28,2,Hannah Brown,Hannah Brown,1,1,0,2019-09-23,2019-09-29,OK
28,3,Hannah Brown,Hannah Brown,3,3,-164,2019-09-30,2019-10-06,OK
28,4,Hannah Brown,Hannah Brown,3,3,-10,2019-10-07,2019-10-13,OK
28,5,Hannah Brown,Hannah Brown,4,3,83,2019-10-14,2019-10-20,OK
28,6,Hannah Brown,Hannah Brown,0,0,0,2019-10-21,2019-10-27,OK
28,7,Hannah Brown,Hannah Brown,0,0,0,2019-10-28,2019-11-03,OK
28,8,Hannah Brown,Hannah Brown,0,0,0,2019-11-04,2019-11-10,OK
28,9,Hannah Brown,Hannah Brown,1,1,0,2019-11-11,2019-11-17,OK
28,10,Hannah Brown,Hannah Brown,2,1,-418,2019-11-18,2019-11-24,OK
28,11,Hannah Brown,Hannah Brown,19,13,132,2019-11-25,2019-12-01,OK
28,1,James Van Der Beek,James Van Der Beek,4,4,-84,2019-09-16,2019-09-22,OK
28,2,James Van Der Beek,James Van Der Beek,3,2,-7,2019-09-23,2019-09-29,OK
28,3,James Van Der Beek,James Van Der Beek,1,1,0,2019-09-30,2019-10-06,OK
28,4,James Van Der Beek,James Van Der Beek,18,6,-117,2019-10-07,2019-10-13,OK
28,5,James Van Der Beek,James Van Der Beek,0,0,0,2019-10-14,2019-10-20,OK
28,6,James Van Der Beek,James Van Der Beek,0,0,0,2019-10-21,2019-10-27,OK
28,7,James Van Der Beek,James Van Der Beek,0,0,0,2019-10-28,2019-11-03,OK
28,8,James Van Der Beek,James Van Der Beek,0,0,0,2019-11-04,2019-11-10,OK
28,9,James Van Der Beek,James Van Der Beek,0,0,0,2019-11-11,2019-11-17,OK
28,10,James Van Der Beek,James Van Der Beek,12,9,5,2019-11-18,2019-11-24,OK
28,11,James Van Der Beek,James Van Der Beek,2,2,-122,2019-11-25,2019-12-01,OK
28,1,Karamo Brown,Karamo Brown,7,5,24,2019-09-16,2019-09-22,OK
28,2,Karamo Brown,Karamo Brown,9,5,402,2019-09-23,2019-09-29,OK
28,3,Karamo Brown,Karamo Brown,6,4,-1444,2019-09-30,2019-10-06,OK
28,4,Karamo Brown,Karamo Brown,0,0,0,2019-10-07,2019-10-13,OK
28,5,Karamo Brown,Karamo Brown,3,3,316,2019-10-14,2019-10-20,OK
28,6,Karamo Brown,Karamo Brown,5,4,9,2019-10-21,2019-10-27,OK
28,7,Karamo Brown,Karamo Brown,2,2,0,2019-10-28,2019-11-03,OK
28,8,Karamo Brown,Karamo Brown,1,1,0,2019-11-04,2019-11-10,OK
28,9,Karamo Brown,Karamo Brown,2,1,0,2019-11-11,2019-11-17,OK
28,10,Karamo Brown,Karamo Brown,0,0,0,2019-11-18,2019-11-24,OK
28,11,Karamo Brown,Karamo Brown,0,0,0,2019-11-25,2019-12-01,OK
28,1,Kate Flannery,Kate Flannery,3,3,-7,2019-09-16,2019-09-22,OK
28,2,Kate Flannery,Kate Flannery,0,0,0,2019-09-23,2019-09-29,OK
28,3,Kate Flannery,Kate Flannery,0,0,0,2019-09-30,2019-10-06,OK
28,4,Kate Flannery,Kate Flannery,1,1,0,2019-10-07,2019-10-13,OK
28,5,Kate Flannery,Kate Flannery,0,0,0,2019-10-14,2019-10-20,OK
28,6,Kate Flannery,Kate Flannery,1,1,0,2019-10-21,2019-10-27,OK
28,7,Kate Flannery,Kate Flannery,1,1,0,2019-10-28,2019-11-03,OK
28,8,Kate Flannery,Kate Flannery,7,5,-37,2019-11-04,2019-11-10,OK
28,9,Kate Flannery,Kate Flannery,2,2,193,2019-11-11,2019-11-17,OK
28,10,Kate Flannery,Kate Flannery,2,2,0,2019-11-18,2019-11-24,OK
28,11,Kate Flannery,Kate Flannery,3,2,2,2019-11-25,2019-12-01,OK
28,1,Kel Mitchell,Kel Mitchell,6,4,-54,2019-09-16,2019-09-22,OK
28,2,Kel Mitchell,Kel Mitchell,4,3,-320,2019-09-23,2019-09-29,OK
28,3,Kel Mitchell,Kel Mitchell,2,2,32,2019-09-30,2019-10-06,OK
28,4,Kel Mitchell,Kel Mitchell,4,2,-1,2019-10-07,2019-10-13,OK
28,5,Kel Mitchell,Kel Mitchell,3,2,-73,2019-10-14,2019-10-20,OK
28,6,Kel Mitchell,Kel Mitchell,3,3,-37,2019-10-21,2019-10-27,OK
28,7,Kel Mitchell,Kel Mitchell,2,2,24,2019-10-28,2019-11-03,OK
28,8,Kel Mitchell,Kel Mitchell,2,2,23,2019-11-04,2019-11-10,OK
28,9,Kel Mitchell,Kel Mitchell,1,1,0,2019-11-11,2019-11-17,OK
28,10,Kel Mitchell,Kel Mitchell,11,5,-3061,2019-11-18,2019-11-24,OK
28,11,Kel Mitchell,Kel Mitchell,7,5,-167,2019-11-25,2019-12-01,OK
28,1,Lamar Odom,Lamar Odom,34,2,43,2019-09-16,2019-09-22,OK
28,2,Lamar Odom,Lamar Odom,2,2,-1,2019-09-23,2019-09-29,OK
28,3,Lamar Odom,Lamar Odom,0,0,0,2019-09-30,2019-10-06,OK
28,4,Lamar Odom,Lamar Odom,0,0,0,2019-10-07,2019-10-13,OK
28,5,Lamar Odom,Lamar Odom,0,0,0,2019-10-14,2019-10-20,OK
28,6,Lamar Odom,Lamar Odom,0,0,0,2019-10-21,2019-10-27,OK
28,7,Lamar Odom,Lamar Odom,1,1,0,2019-10-28,2019-11-03,OK
28,8,Lamar Odom,Lamar Odom,3,3,-25,2019-11-04,2019-11-10,OK
28,9,Lamar Odom,Lamar Odom,1,1,0,2019-11-11,2019-11-17,OK
28,10,Lamar Odom,Lamar Odom,0,0,0,2019-11-18,2019-11-24,OK
28,11,Lamar Odom,Lamar Odom,0,0,0,2019-11-25,2019-12-01,OK
28,1,Lauren Alaina,Lauren Alaina,21,6,-802,2019-09-16,2019-09-22,OK
28,2,Lauren Alaina,Lauren Alaina,2,2,0,2019-09-23,2019-09-29,OK
28,3,Lauren Alaina,Lauren Alaina,2,2,0,2019-09-30,2019-10-06,OK
28,4,Lauren Alaina,Lauren Alaina,4,4,-1,2019-10-07,2019-10-13,OK
28,5,Lauren Alaina,Lauren Alaina,0,0,0,2019-10-14,2019-10-20,OK
28,6,Lauren Alaina,Lauren Alaina,4,2,159,2019-10-21,2019-10-27,OK
28,7,Lauren Alaina,Lauren Alaina,3,3,0,2019-10-28,2019-11-03,OK
28,8,Lauren Alaina,Lauren Alaina,5,4,-90,2019-11-04,2019-11-10,OK
28,9,Lauren Alaina,Lauren Alaina,0,0,0,2019-11-11,2019-11-17,OK
28,10,Lauren Alaina,Lauren Alaina,7,1,-7,2019-11-18,2019-11-24,OK
28,11,Lauren Alaina,Lauren Alaina,4,2,359,2019-11-25,2019-12-01,OK
28,1,Mary Wilson,Mary Wilson (singer),0,0,0,2019-09-16,2019-09-22,OK
28,2,Mary Wilson,Mary Wilson (singer),2,2,0,2019-09-23,2019-09-29,OK
28,3,Mary Wilson,Mary Wilson (singer),0,0,0,2019-09-30,2019-10-06,OK
28,4,Mary Wilson,Mary Wilson (singer),0,0,0,2019-10-07,2019-10-13,OK
28,5,Mary Wilson,Mary Wilson (singer),1,1,0,2019-10-14,2019-10-20,OK
28,6,Mary Wilson,Mary Wilson (singer),0,0,0,2019-10-21,2019-10-27,OK
28,7,Mary Wilson,Mary Wilson (singer),0,0,0,2019-10-28,2019-11-03,OK
28,8,Mary Wilson,Mary Wilson (singer),0,0,0,2019-11-04,2019-11-10,OK
28,9,Mary Wilson,Mary Wilson (singer),0,0,0,2019-11-11,2019-11-17,OK
28,10,Mary Wilson,Mary Wilson (singer),0,0,0,2019-11-18,2019-11-24,OK
28,11,Mary Wilson,Mary Wilson (singer),0,0,0,2019-11-25,2019-12-01,OK
28,1,Ray Lewis,Ray Lewis,3,3,-5,2019-09-16,2019-09-22,OK
28,2,Ray Lewis,Ray Lewis,0,0,0,2019-09-23,2019-09-29,OK
28,3,Ray Lewis,Ray Lewis,2,2,0,2019-09-30,2019-10-06,OK
28,4,Ray Lewis,Ray Lewis,0,0,0,2019-10-07,2019-10-13,OK
28,5,Ray Lewis,Ray Lewis,5,1,87,2019-10-14,2019-10-20,OK
28,6,Ray Lewis,Ray Lewis,0,0,0,2019-10-21,2019-10-27,OK
28,7,Ray Lewis,Ray Lewis,0,0,0,2019-10-28,2019-11-03,OK
28,8,Ray Lewis,Ray Lewis,0,0,0,2019-11-04,2019-11-10,OK
28,9,Ray Lewis,Ray Lewis,0,0,0,2019-11-11,2019-11-17,OK
28,10,Ray Lewis,Ray Lewis,0,0,0,2019-11-18,2019-11-24,OK
28,11,Ray Lewis,Ray Lewis,1,1,0,2019-11-25,2019-12-01,OK
28,1,Sailor Brinkley-Cook,Sailor Brinkley Cook,0,0,0,2019-09-16,2019-09-22,OK
28,2,Sailor Brinkley-Cook,Sailor Brinkley Cook,0,0,0,2019-09-23,2019-09-29,OK
28,3,Sailor Brinkley-Cook,Sailor Brinkley Cook,0,0,0,2019-09-30,2019-10-06,OK
28,4,Sailor Brinkley-Cook,Sailor Brinkley Cook,0,0,0,2019-10-07,2019-10-13,OK
28,5,Sailor Brinkley-Cook,Sailor Brinkley Cook,0,0,0,2019-10-14,2019-10-20,OK
28,6,Sailor Brinkley-Cook,Sailor Brinkley Cook,0,0,0,2019-10-21,2019-10-27,OK
28,7,Sailor Brinkley-Cook,Sailor Brinkley Cook,0,0,0,2019-10-28,2019-11-03,OK
28,8,Sailor Brinkley-Cook,Sailor Brinkley Cook,0,0,0,2019-11-04,2019-11-10,OK
28,9,Sailor Brinkley-Cook,Sailor Brinkley Cook,0,0,0,2019-11-11,2019-11-17,OK
28,10,Sailor Brinkley-Cook,Sailor Brinkley Cook,0,0,0,2019-11-18,2019-11-24,OK
28,11,Sailor Brinkley-Cook,Sailor Brinkley Cook,0,0,0,2019-11-25,2019-12-01,OK
28,1,Sean Spicer,Sean Spicer,12,2,267,2019-09-16,2019-09-22,OK
28,2,Sean Spicer,Sean Spicer,5,3,309,2019-09-23,2019-09-29,OK
28,3,Sean Spicer,Sean Spicer,0,0,0,2019-09-30,2019-10-06,OK
28,4,Sean Spicer,Sean Spicer,0,0,0,2019-10-07,2019-10-13,OK
28,5,Sean Spicer,Sean Spicer,0,0,0,2019-10-14,2019-10-20,OK
28,6,Sean Spicer,Sean Spicer,0,0,0,2019-10-21,2019-10-27,OK
28,7,Sean Spicer,Sean Spicer,0,0,0,2019-10-28,2019-11-03,OK
28,8,Sean Spicer,Sean Spicer,0,0,0,2019-11-04,2019-11-10,OK
28,9,Sean Spicer,Sean Spicer,1,1,0,2019-11-11,2019-11-17,OK
28,10,Sean Spicer,Sean Spicer,0,0,0,2019-11-18,2019-11-24,OK
28,11,Sean Spicer,Sean Spicer,0,0,0,2019-11-25,2019-12-01,OK
29,1,AJ McLean,AJ McLean,2,1,537,2020-09-14,2020-09-20,OK
29,2,AJ McLean,AJ McLean,2,1,2,2020-09-21,2020-09-27,OK
29,3,AJ McLean,AJ McLean,4,3,-1,2020-09-28,2020-10-04,OK
29,4,AJ McLean,AJ McLean,1,1,0,2020-10-05,2020-10-11,OK
29,5,AJ McLean,AJ McLean,3,3,295,2020-10-12,2020-10-18,OK
29,6,AJ McLean,AJ McLean,0,0,0,2020-10-19,2020-10-25,OK
29,7,AJ McLean,AJ McLean,0,0,0,2020-10-26,2020-11-01,OK
29,8,AJ McLean,AJ McLean,5,3,-20,2020-11-02,2020-11-08,OK
29,9,AJ McLean,AJ McLean,0,0,0,2020-11-09,2020-11-15,OK
29,10,AJ McLean,AJ McLean,2,2,0,2020-11-16,2020-11-22,OK
29,11,AJ McLean,AJ McLean,5,4,4,2020-11-23,2020-11-29,OK
29,1,Anne Heche,Anne Heche,4,4,-154,2020-09-14,2020-09-20,OK
29,2,Anne Heche,Anne Heche,4,4,0,2020-09-21,2020-09-27,OK
29,3,Anne Heche,Anne Heche,0,0,0,2020-09-28,2020-10-04,OK
29,4,Anne Heche,Anne Heche,4,3,19,2020-10-05,2020-10-11,OK
29,5,Anne Heche,Anne Heche,1,1,0,2020-10-12,2020-10-18,OK
29,6,Anne Heche,Anne Heche,1,1,0,2020-10-19,2020-10-25,OK
29,7,Anne Heche,Anne Heche,1,1,0,2020-10-26,2020-11-01,OK
29,8,Anne Heche,Anne Heche,1,1,0,2020-11-02,2020-11-08,OK
29,9,Anne Heche,Anne Heche,0,0,0,2020-11-09,2020-11-15,OK
29,10,Anne Heche,Anne Heche,0,0,0,2020-11-16,2020-11-22,OK
29,11,Anne Heche,Anne Heche,4,3,26,2020-11-23,2020-11-29,OK
29,1,Carole Baskin,Carole Baskin,11,5,337,2020-09-14,2020-09-20,OK
29,2,Carole Baskin,Carole Baskin,3,2,959,2020-09-21,2020-09-27,OK
29,3,Carole Baskin,Carole Baskin,4,4,-21,2020-09-28,2020-10-04,OK
29,4,Carole Baskin,Carole Baskin,3,3,-10,2020-10-05,2020-10-11,OK
29,5,Carole Baskin,Carole Baskin,13,8,4,2020-10-12,2020-10-18,OK
29,6,Carole Baskin,Carole Baskin,11,8,12,2020-10-19,2020-10-25,OK
29,7,Carole Baskin,Carole Baskin,8,5,4,2020-10-26,2020-11-01,OK
29,8,Carole Baskin,Carole Baskin,5,5,163,2020-11-02,2020-11-08,OK
29,9,Carole Baskin,Carole Baskin,4,4,-5187,2020-11-09,2020-11-15,OK
29,10,Carole Baskin,Carole Baskin,5,3,14,2020-11-16,2020-11-22,OK
29,11,Carole Baskin,Carole Baskin,3,3,0,2020-11-23,2020-11-29,OK
29,1,Charles Oakley,Charles Oakley,1,1,0,2020-09-14,2020-09-20,OK
29,2,Charles Oakley,Charles Oakley,0,0,0,2020-09-21,2020-09-27,OK
29,3,Charles Oakley,Charles Oakley,2,1,686,2020-09-28,2020-10-04,OK
29,4,Charles Oakley,Charles Oakley,0,0,0,2020-10-05,2020-10-11,OK
29,5,Charles Oakley,Charles Oakley,1,1,0,2020-10-12,2020-10-18,OK
29,6,Charles Oakley,Charles Oakley,2,2,54,2020-10-19,2020-10-25,OK
29,7,Charles Oakley,Charles Oakley,0,0,0,2020-10-26,2020-11-01,OK
29,8,Charles Oakley,Charles Oakley,0,0,0,2020-11-02,2020-11-08,OK
29,9,Charles Oakley,Charles Oakley,0,0,0,2020-11-09,2020-11-15,OK
29,10,Charles Oakley,Charles Oakley,0,0,0,2020-11-16,2020-11-22,OK
29,11,Charles Oakley,Charles Oakley,0,0,0,2020-11-23,2020-11-29,OK
29,1,Chrishell Stause,Chrishell Stause,5,5,4,2020-09-14,2020-09-20,OK
29,2,Chrishell Stause,Chrishell Stause,9,7,285,2020-09-21,2020-09-27,OK
29,3,Chrishell Stause,Chrishell Stause,5,1,-20,2020-09-28,2020-10-04,OK
29,4,Chrishell Stause,Chrishell Stause,5,4,-20,2020-10-05,2020-10-11,OK
29,5,Chrishell Stause,Chrishell Stause,2,2,0,2020-10-12,2020-10-18,OK
29,6,Chrishell Stause,Chrishell Stause,5,2,-1,2020-10-19,2020-10-25,OK
29,7,Chrishell Stause,Chrishell Stause,2,2,0,2020-10-26,2020-11-01,OK
29,8,Chrishell Stause,Chrishell Stause,1,1,0,2020-11-02,2020-11-08,OK
29,9,Chrishell Stause,Chrishell Stause,0,0,0,2020-11-09,2020-11-15,OK
29,10,Chrishell Stause,Chrishell Stause,1,1,0,2020-11-16,2020-11-22,OK
29,11,Chrishell Stause,Chrishell Stause,0,0,0,2020-11-23,2020-11-29,OK
29,1,Jeannie Mai,Jeannie Mai,0,0,0,2020-09-14,2020-09-20,OK
29,2,Jeannie Mai,Jeannie Mai,1,1,0,2020-09-21,2020-09-27,OK
29,3,Jeannie Mai,Jeannie Mai,1,1,0,2020-09-28,2020-10-04,OK
29,4,Jeannie Mai,Jeannie Mai,3,2,-4,2020-10-05,2020-10-11,OK
29,5,Jeannie Mai,Jeannie Mai,2,2,-776,2020-10-12,2020-10-18,OK
29,6,Jeannie Mai,Jeannie Mai,2,1,0,2020-10-19,2020-10-25,OK
29,7,Jeannie Mai,Jeannie Mai,4,3,0,2020-10-26,2020-11-01,OK
29,8,Jeannie Mai,Jeannie Mai,9,6,17,2020-11-02,2020-11-08,OK
29,9,Jeannie Mai,Jeannie Mai,4,2,-58,2020-11-09,2020-11-15,OK
29,10,Jeannie Mai,Jeannie Mai,0,0,0,2020-11-16,2020-11-22,OK
29,11,Jeannie Mai,Jeannie Mai,0,0,0,2020-11-23,2020-11-29,OK
29,1,Jesse Metcalfe,Jesse Metcalfe,0,0,0,2020-09-14,2020-09-20,OK
29,2,Jesse Metcalfe,Jesse Metcalfe,2,2,-60,2020-09-21,2020-09-27,OK
29,3,Jesse Metcalfe,Jesse Metcalfe,2,2,-41,2020-09-28,2020-10-04,OK
29,4,Jesse Metcalfe,Jesse Metcalfe,0,0,0,2020-10-05,2020-10-11,OK
29,5,Jesse Metcalfe,Jesse Metcalfe,2,2,0,2020-10-12,2020-10-18,OK
29,6,Jesse Metcalfe,Jesse Metcalfe,0,0,0,2020-10-19,2020-10-25,OK
29,7,Jesse Metcalfe,Jesse Metcalfe,0,0,0,2020-10-26,2020-11-01,OK
29,8,Jesse Metcalfe,Jesse Metcalfe,0,0,0,2020-11-02,2020-11-08,OK
29,9,Jesse Metcalfe,Jesse Metcalfe,0,0,0,2020-11-09,2020-11-15,OK
29,10,Jesse Metcalfe,Jesse Metcalfe,1,1,0,2020-11-16,2020-11-22,OK
29,11,Jesse Metcalfe,Jesse Metcalfe,2,2,4,2020-11-23,2020-11-29,OK
29,1,Johnny Weir,Johnny Weir,2,2,0,2020-09-14,2020-09-20,OK
29,2,Johnny Weir,Johnny Weir,0,0,0,2020-09-21,2020-09-27,OK
29,3,Johnny Weir,Johnny Weir,0,0,0,2020-09-28,2020-10-04,OK
29,4,Johnny Weir,Johnny Weir,0,0,0,2020-10-05,2020-10-11,OK
29,5,Johnny Weir,Johnny Weir,2,1,-9,2020-10-12,2020-10-18,OK
29,6,Johnny Weir,Johnny Weir,0,0,0,2020-10-19,2020-10-25,OK
29,7,Johnny Weir,Johnny Weir,2,1,0,2020-10-26,2020-11-01,OK
29,8,Johnny Weir,Johnny Weir,0,0,0,2020-11-02,2020-11-08,OK
29,9,Johnny Weir,Johnny Weir,1,1,0,2020-11-09,2020-11-15,OK
29,10,Johnny Weir,Johnny Weir,2,1,504,2020-11-16,2020-11-22,OK
29,11,Johnny Weir,Johnny Weir,2,2,0,2020-11-23,2020-11-29,OK
29,1,Justina Machado,Justina Machado,3,3,68,2020-09-14,2020-09-20,OK
29,2,Justina Machado,Justina Machado,0,0,0,2020-09-21,2020-09-27,OK
29,3,Justina Machado,Justina Machado,1,1,0,2020-09-28,2020-10-04,OK
29,4,Justina Machado,Justina Machado,0,0,0,2020-10-05,2020-10-11,OK
29,5,Justina Machado,Justina Machado,0,0,0,2020-10-12,2020-10-18,OK
29,6,Justina Machado,Justina Machado,1,1,0,2020-10-19,2020-10-25,OK
29,7,Justina Machado,Justina Machado,0,0,0,2020-10-26,2020-11-01,OK
29,8,Justina Machado,Justina Machado,0,0,0,2020-11-02,2020-11-08,OK
29,9,Justina Machado,Justina Machado,0,0,0,2020-11-09,2020-11-15,OK
29,10,Justina Machado,Justina Machado,0,0,0,2020-11-16,2020-11-22,OK
29,11,Justina Machado,Justina Machado,6,5,73,2020-11-23,2020-11-29,OK
29,1,Kaitlyn Bristowe,Kaitlyn Bristowe,3,3,-17,2020-09-14,2020-09-20,OK
29,2,Kaitlyn Bristowe,Kaitlyn Bristowe,0,0,0,2020-09-21,2020-09-27,OK
29,3,Kaitlyn Bristowe,Kaitlyn Bristowe,1,1,0,2020-09-28,2020-10-04,OK
29,4,Kaitlyn Bristowe,Kaitlyn Bristowe,1,1,0,2020-10-05,2020-10-11,OK
29,5,Kaitlyn Bristowe,Kaitlyn Bristowe,1,1,0,2020-10-12,2020-10-18,OK
29,6,Kaitlyn Bristowe,Kaitlyn Bristowe,0,0,0,2020-10-19,2020-10-25,OK
29,7,Kaitlyn Bristowe,Kaitlyn Bristowe,0,0,0,2020-10-26,2020-11-01,OK
29,8,Kaitlyn Bristowe,Kaitlyn Bristowe,3,3,-114,2020-11-02,2020-11-08,OK
29,9,Kaitlyn Bristowe,Kaitlyn Bristowe,2,2,0,2020-11-09,2020-11-15,OK
29,10,Kaitlyn Bristowe,Kaitlyn Bristowe,0,0,0,2020-11-16,2020-11-22,OK
29,11,Kaitlyn Bristowe,Kaitlyn Bristowe,11,5,607,2020-11-23,2020-11-29,OK
29,1,Monica Aldama,Monica Aldama,2,1,0,2020-09-14,2020-09-20,OK
29,2,Monica Aldama,Monica Aldama,4,2,0,2020-09-21,2020-09-27,OK
29,3,Monica Aldama,Monica Aldama,1,1,0,2020-09-28,2020-10-04,OK
29,4,Monica Aldama,Monica Aldama,4,3,0,2020-10-05,2020-10-11,OK
29,5,Monica Aldama,Monica Aldama,2,1,29,2020-10-12,2020-10-18,OK
29,6,Monica Aldama,Monica Aldama,1,1,0,2020-10-19,2020-10-25,OK
29,7,Monica Aldama,Monica Aldama,2,2,0,2020-10-26,2020-11-01,OK
29,8,Monica Aldama,Monica Aldama,2,2,-8,2020-11-02,2020-11-08,OK
29,9,Monica Aldama,Monica Aldama,0,0,0,2020-11-09,2020-11-15,OK
29,10,Monica Aldama,Monica Aldama,0,0,0,2020-11-16,2020-11-22,OK
29,11,Monica Aldama,Monica Aldama,0,0,0,2020-11-23,2020-11-29,OK
29,1,Nelly,Nelly,1,1,0,2020-09-14,2020-09-20,OK
29,2,Nelly,Nelly,2,2,0,2020-09-21,2020-09-27,OK
29,3,Nelly,Nelly,0,0,0,2020-09-28,2020-10-04,OK
29,4,Nelly,Nelly,0,0,0,2020-10-05,2020-10-11,OK
29,5,Nelly,Nelly,0,0,0,2020-10-12,2020-10-18,OK
29,6,Nelly,Nelly,1,1,0,2020-10-19,2020-10-25,OK
29,7,Nelly,Nelly,0,0,0,2020-10-26,2020-11-01,OK
29,8,Nelly,Nelly,0,0,0,2020-11-02,2020-11-08,OK
29,9,Nelly,Nelly,2,2,0,2020-11-09,2020-11-15,OK
29,10,Nelly,Nelly,0,0,0,2020-11-16,2020-11-22,OK
29,11,Nelly,Nelly,2,1,50,2020-11-23,2020-11-29,OK
29,1,Nev Schulman,Nev Schulman,0,0,0,2020-09-14,2020-09-20,OK
29,2,Nev Schulman,Nev Schulman,1,1,0,2020-09-21,2020-09-27,OK
29,3,Nev Schulman,Nev Schulman,0,0,0,2020-09-28,2020-10-04,OK
29,4,Nev Schulman,Nev Schulman,2,2,-42,2020-10-05,2020-10-11,OK
29,5,Nev Schulman,Nev Schulman,0,0,0,2020-10-12,2020-10-18,OK
29,6,Nev Schulman,Nev Schulman,0,0,0,2020-10-19,2020-10-25,OK
29,7,Nev Schulman,Nev Schulman,2,2,0,2020-10-26,2020-11-01,OK
29,8,Nev Schulman,Nev Schulman,0,0,0,2020-11-02,2020-11-08,OK
29,9,Nev Schulman,Nev Schulman,1,1,0,2020-11-09,2020-11-15,OK
29,10,Nev Schulman,Nev Schulman,4,2,0,2020-11-16,2020-11-22,OK
29,11,Nev Schulman,Nev Schulman,2,2,0,2020-11-23,2020-11-29,OK
29,1,Skai Jackson,Skai Jackson,1,1,0,2020-09-14,2020-09-20,OK
29,2,Skai Jackson,Skai Jackson,1,1,0,2020-09-21,2020-09-27,OK
29,3,Skai Jackson,Skai Jackson,2,2,0,2020-09-28,2020-10-04,OK
29,4,Skai Jackson,Skai Jackson,0,0,0,2020-10-05,2020-10-11,OK
29,5,Skai Jackson,Skai Jackson,0,0,0,2020-10-12,2020-10-18,OK
29,6,Skai Jackson,Skai Jackson,4,2,19,2020-10-19,2020-10-25,OK
29,7,Skai Jackson,Skai Jackson,0,0,0,2020-10-26,2020-11-01,OK
29,8,Skai Jackson,Skai Jackson,0,0,0,2020-11-02,2020-11-08,OK
29,9,Skai Jackson,Skai Jackson,0,0,0,2020-11-09,2020-11-15,OK
29,10,Skai Jackson,Skai Jackson,3,2,182,2020-11-16,2020-11-22,OK
29,11,Skai Jackson,Skai Jackson,0,0,0,2020-11-23,2020-11-29,OK
29,1,Veron Davis,Vernon Davis,2,2,-5,2020-09-14,2020-09-20,OK
29,2,Veron Davis,Vernon Davis,0,0,0,2020-09-21,2020-09-27,OK
29,3,Veron Davis,Vernon Davis,2,2,0,2020-09-28,2020-10-04,OK
29,4,Veron Davis,Vernon Davis,1,1,0,2020-10-05,2020-10-11,OK
29,5,Veron Davis,Vernon Davis,2,2,-13,2020-10-12,2020-10-18,OK
29,6,Veron Davis,Vernon Davis,4,3,88,2020-10-19,2020-10-25,OK
29,7,Veron Davis,Vernon Davis,1,1,0,2020-10-26,2020-11-01,OK
29,8,Veron Davis,Vernon Davis,1,1,0,2020-11-02,2020-11-08,OK
29,9,Veron Davis,Vernon Davis,1,1,0,2020-11-09,2020-11-15,OK
29,10,Veron Davis,Vernon Davis,1,1,0,2020-11-16,2020-11-22,OK
29,11,Veron Davis,Vernon Davis,0,0,0,2020-11-23,2020-11-29,OK
30,1,Amanda Kloots,Amanda Kloots,2,2,-165,2021-09-20,2021-09-26,OK
30,2,Amanda Kloots,Amanda Kloots,1,1,0,2021-09-27,2021-10-03,OK
30,3,Amanda Kloots,Amanda Kloots,0,0,0,2021-10-04,2021-10-10,OK
30,4,Amanda Kloots,Amanda Kloots,2,2,5090,2021-10-11,2021-10-17,OK
30,5,Amanda Kloots,Amanda Kloots,0,0,0,2021-10-18,2021-10-24,OK
30,6,Amanda Kloots,Amanda Kloots,0,0,0,2021-10-25,2021-10-31,OK
30,7,Amanda Kloots,Amanda Kloots,0,0,0,2021-11-01,2021-11-07,OK
30,8,Amanda Kloots,Amanda Kloots,0,0,0,2021-11-08,2021-11-14,OK
30,9,Amanda Kloots,Amanda Kloots,0,0,0,2021-11-15,2021-11-21,OK
30,10,Amanda Kloots,Amanda Kloots,4,4,1,2021-11-22,2021-11-28,OK
30,1,Brian Austin Green,Brian Austin Green,5,5,436,2021-09-20,2021-09-26,OK
30,2,Brian Austin Green,Brian Austin Green,0,0,0,2021-09-27,2021-10-03,OK
30,3,Brian Austin Green,Brian Austin Green,0,0,0,2021-10-04,2021-10-10,OK
30,4,Brian Austin Green,Brian Austin Green,6,5,-20,2021-10-11,2021-10-17,OK
30,5,Brian Austin Green,Brian Austin Green,4,4,153,2021-10-18,2021-10-24,OK
30,6,Brian Austin Green,Brian Austin Green,2,1,7,2021-10-25,2021-10-31,OK
30,7,Brian Austin Green,Brian Austin Green,8,3,-115,2021-11-01,2021-11-07,OK
30,8,Brian Austin Green,Brian Austin Green,3,3,-10,2021-11-08,2021-11-14,OK
30,9,Brian Austin Green,Brian Austin Green,0,0,0,2021-11-15,2021-11-21,OK
30,10,Brian Austin Green,Brian Austin Green,6,5,2142,2021-11-22,2021-11-28,OK
30,1,Christine Chiu,Bling Empire,1,1,0,2021-09-20,2021-09-26,OK
30,2,Christine Chiu,Bling Empire,2,2,3,2021-09-27,2021-10-03,OK
30,3,Christine Chiu,Bling Empire,3,2,-49,2021-10-04,2021-10-10,OK
30,4,Christine Chiu,Bling Empire,1,1,0,2021-10-11,2021-10-17,OK
30,5,Christine Chiu,Bling Empire,0,0,0,2021-10-18,2021-10-24,OK
30,6,Christine Chiu,Bling Empire,0,0,0,2021-10-25,2021-10-31,OK
30,7,Christine Chiu,Bling Empire,2,2,0,2021-11-01,2021-11-07,OK
30,8,Christine Chiu,Bling Empire,0,0,0,2021-11-08,2021-11-14,OK
30,9,Christine Chiu,Bling Empire,1,1,0,2021-11-15,2021-11-21,OK
30,10,Christine Chiu,Bling Empire,1,1,0,2021-11-22,2021-11-28,OK
30,1,Cody Rigsby,Cody Rigsby,0,0,0,2021-09-20,2021-09-26,OK
30,2,Cody Rigsby,Cody Rigsby,0,0,0,2021-09-27,2021-10-03,OK
30,3,Cody Rigsby,Cody Rigsby,1,1,0,2021-10-04,2021-10-10,OK
30,4,Cody Rigsby,Cody Rigsby,0,0,0,2021-10-11,2021-10-17,OK
30,5,Cody Rigsby,Cody Rigsby,0,0,0,2021-10-18,2021-10-24,OK
30,6,Cody Rigsby,Cody Rigsby,0,0,0,2021-10-25,2021-10-31,OK
30,7,Cody Rigsby,Cody Rigsby,0,0,0,2021-11-01,2021-11-07,OK
30,8,Cody Rigsby,Cody Rigsby,1,1,0,2021-11-08,2021-11-14,OK
30,9,Cody Rigsby,Cody Rigsby,2,1,156,2021-11-15,2021-11-21,OK
30,10,Cody Rigsby,Cody Rigsby,6,5,347,2021-11-22,2021-11-28,OK
30,1,Iman Shumpert,Iman Shumpert,3,3,164,2021-09-20,2021-09-26,OK
30,2,Iman Shumpert,Iman Shumpert,0,0,0,2021-09-27,2021-10-03,OK
30,3,Iman Shumpert,Iman Shumpert,1,1,0,2021-10-04,2021-10-10,OK
30,4,Iman Shumpert,Iman Shumpert,0,0,0,2021-10-11,2021-10-17,OK
30,5,Iman Shumpert,Iman Shumpert,0,0,0,2021-10-18,2021-10-24,OK
30,6,Iman Shumpert,Iman Shumpert,1,1,0,2021-10-25,2021-10-31,OK
30,7,Iman Shumpert,Iman Shumpert,6,1,368,2021-11-01,2021-11-07,OK
30,8,Iman Shumpert,Iman Shumpert,7,6,61,2021-11-08,2021-11-14,OK
30,9,Iman Shumpert,Iman Shumpert,6,4,-12,2021-11-15,2021-11-21,OK
30,10,Iman Shumpert,Iman Shumpert,25,21,-623,2021-11-22,2021-11-28,OK
30,1,Jimmie Allen,Jimmie Allen,2,2,0,2021-09-20,2021-09-26,OK
30,2,Jimmie Allen,Jimmie Allen,3,3,0,2021-09-27,2021-10-03,OK
30,3,Jimmie Allen,Jimmie Allen,0,0,0,2021-10-04,2021-10-10,OK
30,4,Jimmie Allen,Jimmie Allen,3,1,5,2021-10-11,2021-10-17,OK
30,5,Jimmie Allen,Jimmie Allen,5,2,-144,2021-10-18,2021-10-24,OK
30,6,Jimmie Allen,Jimmie Allen,3,2,0,2021-10-25,2021-10-31,OK
30,7,Jimmie Allen,Jimmie Allen,2,1,0,2021-11-01,2021-11-07,OK
30,8,Jimmie Allen,Jimmie Allen,5,4,91,2021-11-08,2021-11-14,OK
30,9,Jimmie Allen,Jimmie Allen,1,1,0,2021-11-15,2021-11-21,OK
30,10,Jimmie Allen,Jimmie Allen,4,3,0,2021-11-22,2021-11-28,OK
30,1,JoJo Siwa,JoJo Siwa,1,1,0,2021-09-20,2021-09-26,OK
30,2,JoJo Siwa,JoJo Siwa,0,0,0,2021-09-27,2021-10-03,OK
30,3,JoJo Siwa,JoJo Siwa,2,1,-707,2021-10-04,2021-10-10,OK
30,4,JoJo Siwa,JoJo Siwa,0,0,0,2021-10-11,2021-10-17,OK
30,5,JoJo Siwa,JoJo Siwa,1,1,0,2021-10-18,2021-10-24,OK
30,6,JoJo Siwa,JoJo Siwa,9,6,538,2021-10-25,2021-10-31,OK
30,7,JoJo Siwa,JoJo Siwa,5,3,-4,2021-11-01,2021-11-07,OK
30,8,JoJo Siwa,JoJo Siwa,0,0,0,2021-11-08,2021-11-14,OK
30,9,JoJo Siwa,JoJo Siwa,2,2,-5,2021-11-15,2021-11-21,OK
30,10,JoJo Siwa,JoJo Siwa,4,3,370,2021-11-22,2021-11-28,OK
30,1,Kenya Moore,Kenya Moore,4,4,53,2021-09-20,2021-09-26,OK
30,2,Kenya Moore,Kenya Moore,1,1,0,2021-09-27,2021-10-03,OK
30,3,Kenya Moore,Kenya Moore,1,1,0,2021-10-04,2021-10-10,OK
30,4,Kenya Moore,Kenya Moore,4,2,1,2021-10-11,2021-10-17,OK
30,5,Kenya Moore,Kenya Moore,0,0,0,2021-10-18,2021-10-24,OK
30,6,Kenya Moore,Kenya Moore,6,4,682,2021-10-25,2021-10-31,OK
30,7,Kenya Moore,Kenya Moore,2,2,0,2021-11-01,2021-11-07,OK
30,8,Kenya Moore,Kenya Moore,0,0,0,2021-11-08,2021-11-14,OK
30,9,Kenya Moore,Kenya Moore,0,0,0,2021-11-15,2021-11-21,OK
30,10,Kenya Moore,Kenya Moore,3,3,-5,2021-11-22,2021-11-28,OK
30,1,Martin Kove,Martin Kove,9,5,-1238,2021-09-20,2021-09-26,OK
30,2,Martin Kove,Martin Kove,5,4,0,2021-09-27,2021-10-03,OK
30,3,Martin Kove,Martin Kove,0,0,0,2021-10-04,2021-10-10,OK
30,4,Martin Kove,Martin Kove,0,0,0,2021-10-11,2021-10-17,OK
30,5,Martin Kove,Martin Kove,1,1,0,2021-10-18,2021-10-24,OK
30,6,Martin Kove,Martin Kove,8,6,12,2021-10-25,2021-10-31,OK
30,7,Martin Kove,Martin Kove,0,0,0,2021-11-01,2021-11-07,OK
30,8,Martin Kove,Martin Kove,0,0,0,2021-11-08,2021-11-14,OK
30,9,Martin Kove,Martin Kove,0,0,0,2021-11-15,2021-11-21,OK
30,10,Martin Kove,Martin Kove,1,1,0,2021-11-22,2021-11-28,OK
30,1,Matt James,Matt James (television personality),0,0,0,2021-09-20,2021-09-26,OK
30,2,Matt James,Matt James (television personality),2,1,-2499,2021-09-27,2021-10-03,OK
30,3,Matt James,Matt James (television personality),2,2,-52,2021-10-04,2021-10-10,OK
30,4,Matt James,Matt James (television personality),0,0,0,2021-10-11,2021-10-17,OK
30,5,Matt James,Matt James (television personality),0,0,0,2021-10-18,2021-10-24,OK
30,6,Matt James,Matt James (television personality),0,0,0,2021-10-25,2021-10-31,OK
30,7,Matt James,Matt James (television personality),0,0,0,2021-11-01,2021-11-07,OK
30,8,Matt James,Matt James (television personality),2,2,0,2021-11-08,2021-11-14,OK
30,9,Matt James,Matt James (television personality),0,0,0,2021-11-15,2021-11-21,OK
30,10,Matt James,Matt James (television personality),4,2,56,2021-11-22,2021-11-28,OK
30,1,Melanie C,Melanie C,5,4,-17,2021-09-20,2021-09-26,OK
30,2,Melanie C,Melanie C,2,2,3357,2021-09-27,2021-10-03,OK
30,3,Melanie C,Melanie C,6,2,-18,2021-10-04,2021-10-10,OK
30,4,Melanie C,Melanie C,3,2,19,2021-10-11,2021-10-17,OK
30,5,Melanie C,Melanie C,4,3,-59,2021-10-18,2021-10-24,OK
30,6,Melanie C,Melanie C,6,4,-2,2021-10-25,2021-10-31,OK
30,7,Melanie C,Melanie C,4,2,1076,2021-11-01,2021-11-07,OK
30,8,Melanie C,Melanie C,1,1,0,2021-11-08,2021-11-14,OK
30,9,Melanie C,Melanie C,5,3,4,2021-11-15,2021-11-21,OK
30,10,Melanie C,Melanie C,0,0,0,2021-11-22,2021-11-28,OK
30,1,Melora Hardin,Melora Hardin,4,4,-11,2021-09-20,2021-09-26,OK
30,2,Melora Hardin,Melora Hardin,2,1,6,2021-09-27,2021-10-03,OK
30,3,Melora Hardin,Melora Hardin,1,1,0,2021-10-04,2021-10-10,OK
30,4,Melora Hardin,Melora Hardin,0,0,0,2021-10-11,2021-10-17,OK
30,5,Melora Hardin,Melora Hardin,0,0,0,2021-10-18,2021-10-24,OK
30,6,Melora Hardin,Melora Hardin,0,0,0,2021-10-25,2021-10-31,OK
30,7,Melora Hardin,Melora Hardin,0,0,0,2021-11-01,2021-11-07,OK
30,8,Melora Hardin,Melora Hardin,4,3,1,2021-11-08,2021-11-14,OK
30,9,Melora Hardin,Melora Hardin,0,0,0,2021-11-15,2021-11-21,OK
30,10,Melora Hardin,Melora Hardin,1,1,0,2021-11-22,2021-11-28,OK
30,1,"Mike ""The Miz"" Mizanin",The Miz,2,1,77,2021-09-20,2021-09-26,OK
30,2,"Mike ""The Miz"" Mizanin",The Miz,0,0,0,2021-09-27,2021-10-03,OK
30,3,"Mike ""The Miz"" Mizanin",The Miz,3,2,4,2021-10-04,2021-10-10,OK
30,4,"Mike ""The Miz"" Mizanin",The Miz,2,2,0,2021-10-11,2021-10-17,OK
30,5,"Mike ""The Miz"" Mizanin",The Miz,4,3,42,2021-10-18,2021-10-24,OK
30,6,"Mike ""The Miz"" Mizanin",The Miz,0,0,0,2021-10-25,2021-10-31,OK
30,7,"Mike ""The Miz"" Mizanin",The Miz,0,0,0,2021-11-01,2021-11-07,OK
30,8,"Mike ""The Miz"" Mizanin",The Miz,1,1,0,2021-11-08,2021-11-14,OK
30,9,"Mike ""The Miz"" Mizanin",The Miz,5,4,3,2021-11-15,2021-11-21,OK
30,10,"Mike ""The Miz"" Mizanin",The Miz,2,2,0,2021-11-22,2021-11-28,OK
30,1,Olivia Jade,Olivia Jade,2,2,5,2021-09-20,2021-09-26,OK
30,2,Olivia Jade,Olivia Jade,0,0,0,2021-09-27,2021-10-03,OK
30,3,Olivia Jade,Olivia Jade,4,3,23,2021-10-04,2021-10-10,OK
30,4,Olivia Jade,Olivia Jade,3,3,-299,2021-10-11,2021-10-17,OK
30,5,Olivia Jade,Olivia Jade,0,0,0,2021-10-18,2021-10-24,OK
30,6,Olivia Jade,Olivia Jade,0,0,0,2021-10-25,2021-10-31,OK
30,7,Olivia Jade,Olivia Jade,3,2,1,2021-11-01,2021-11-07,OK
30,8,Olivia Jade,Olivia Jade,0,0,0,2021-11-08,2021-11-14,OK
30,9,Olivia Jade,Olivia Jade,2,2,0,2021-11-15,2021-11-21,OK
30,10,Olivia Jade,Olivia Jade,1,1,0,2021-11-22,2021-11-28,OK
30,1,Suni Lee,Sunisa Lee,4,3,5176,2021-09-20,2021-09-26,OK
30,2,Suni Lee,Sunisa Lee,1,1,0,2021-09-27,2021-10-03,OK
30,3,Suni Lee,Sunisa Lee,2,2,0,2021-10-04,2021-10-10,OK
30,4,Suni Lee,Sunisa Lee,4,2,340,2021-10-11,2021-10-17,OK
30,5,Suni Lee,Sunisa Lee,3,3,-37,2021-10-18,2021-10-24,OK
30,6,Suni Lee,Sunisa Lee,5,4,544,2021-10-25,2021-10-31,OK
30,7,Suni Lee,Sunisa Lee,3,2,45,2021-11-01,2021-11-07,OK
30,8,Suni Lee,Sunisa Lee,11,8,259,2021-11-08,2021-11-14,OK
30,9,Suni Lee,Sunisa Lee,10,6,386,2021-11-15,2021-11-21,OK
30,10,Suni Lee,Sunisa Lee,0,0,0,2021-11-22,2021-11-28,OK
31,1,Charli D'Amelio,Charli D'Amelio,8,5,636,2022-09-19,2022-09-25,OK
31,2,Charli D'Amelio,Charli D'Amelio,5,5,48,2022-09-26,2022-10-02,OK
31,3,Charli D'Amelio,Charli D'Amelio,1,1,0,2022-10-03,2022-10-09,OK
31,4,Charli D'Amelio,Charli D'Amelio,2,2,0,2022-10-10,2022-10-16,OK
31,5,Charli D'Amelio,Charli D'Amelio,1,1,0,2022-10-17,2022-10-23,OK
31,6,Charli D'Amelio,Charli D'Amelio,8,6,-634,2022-10-24,2022-10-30,OK
31,7,Charli D'Amelio,Charli D'Amelio,3,3,0,2022-10-31,2022-11-06,OK
31,8,Charli D'Amelio,Charli D'Amelio,4,3,8,2022-11-07,2022-11-13,OK
31,9,Charli D'Amelio,Charli D'Amelio,1,1,0,2022-11-14,2022-11-20,OK
31,10,Charli D'Amelio,Charli D'Amelio,5,3,485,2022-11-21,2022-11-27,OK
31,1,Cheryl Ladd,Cheryl Ladd,1,1,0,2022-09-19,2022-09-25,OK
31,2,Cheryl Ladd,Cheryl Ladd,0,0,0,2022-09-26,2022-10-02,OK
31,3,Cheryl Ladd,Cheryl Ladd,1,1,0,2022-10-03,2022-10-09,OK
31,4,Cheryl Ladd,Cheryl Ladd,1,1,0,2022-10-10,2022-10-16,OK
31,5,Cheryl Ladd,Cheryl Ladd,1,1,0,2022-10-17,2022-10-23,OK
31,6,Cheryl Ladd,Cheryl Ladd,0,0,0,2022-10-24,2022-10-30,OK
31,7,Cheryl Ladd,Cheryl Ladd,0,0,0,2022-10-31,2022-11-06,OK
31,8,Cheryl Ladd,Cheryl Ladd,0,0,0,2022-11-07,2022-11-13,OK
31,9,Cheryl Ladd,Cheryl Ladd,0,0,0,2022-11-14,2022-11-20,OK
31,10,Cheryl Ladd,Cheryl Ladd,0,0,0,2022-11-21,2022-11-27,OK
31,1,Daniel Durant,Daniel Durant,0,0,0,2022-09-19,2022-09-25,OK
31,2,Daniel Durant,Daniel Durant,2,2,1,2022-09-26,2022-10-02,OK
31,3,Daniel Durant,Daniel Durant,1,1,0,2022-10-03,2022-10-09,OK
31,4,Daniel Durant,Daniel Durant,0,0,0,2022-10-10,2022-10-16,OK
31,5,Daniel Durant,Daniel Durant,1,1,0,2022-10-17,2022-10-23,OK
31,6,Daniel Durant,Daniel Durant,1,1,0,2022-10-24,2022-10-30,OK
31,7,Daniel Durant,Daniel Durant,0,0,0,2022-10-31,2022-11-06,OK
31,8,Daniel Durant,Daniel Durant,0,0,0,2022-11-07,2022-11-13,OK
31,9,Daniel Durant,Daniel Durant,2,2,0,2022-11-14,2022-11-20,OK
31,10,Daniel Durant,Daniel Durant,0,0,0,2022-11-21,2022-11-27,OK
31,1,Gabby Windey,Gabby Windey,6,3,266,2022-09-19,2022-09-25,OK
31,2,Gabby Windey,Gabby Windey,3,2,-29,2022-09-26,2022-10-02,OK
31,3,Gabby Windey,Gabby Windey,3,3,0,2022-10-03,2022-10-09,OK
31,4,Gabby Windey,Gabby Windey,2,2,-94,2022-10-10,2022-10-16,OK
31,5,Gabby Windey,Gabby Windey,0,0,0,2022-10-17,2022-10-23,OK
31,6,Gabby Windey,Gabby Windey,0,0,0,2022-10-24,2022-10-30,OK
31,7,Gabby Windey,Gabby Windey,1,1,0,2022-10-31,2022-11-06,OK
31,8,Gabby Windey,Gabby Windey,0,0,0,2022-11-07,2022-11-13,OK
31,9,Gabby Windey,Gabby Windey,0,0,0,2022-11-14,2022-11-20,OK
31,10,Gabby Windey,Gabby Windey,2,2,543,2022-11-21,2022-11-27,OK
31,1,Heidi D'Amelio,Charli D'Amelio,8,5,636,2022-09-19,2022-09-25,OK
31,2,Heidi D'Amelio,Charli D'Amelio,5,5,48,2022-09-26,2022-10-02,OK
31,3,Heidi D'Amelio,Charli D'Amelio,1,1,0,2022-10-03,2022-10-09,OK
31,4,Heidi D'Amelio,Charli D'Amelio,2,2,0,2022-10-10,2022-10-16,OK
31,5,Heidi D'Amelio,Charli D'Amelio,1,1,0,2022-10-17,2022-10-23,OK
31,6,Heidi D'Amelio,Charli D'Amelio,8,6,-634,2022-10-24,2022-10-30,OK
31,7,Heidi D'Amelio,Charli D'Amelio,3,3,0,2022-10-31,2022-11-06,OK
31,8,Heidi D'Amelio,Charli D'Amelio,4,3,8,2022-11-07,2022-11-13,OK
31,9,Heidi D'Amelio,Charli D'Amelio,1,1,0,2022-11-14,2022-11-20,OK
31,10,Heidi D'Amelio,Charli D'Amelio,5,3,485,2022-11-21,2022-11-27,OK
31,1,Jason Lewis,Jason Lewis (actor),4,3,-10,2022-09-19,2022-09-25,OK
31,2,Jason Lewis,Jason Lewis (actor),0,0,0,2022-09-26,2022-10-02,OK
31,3,Jason Lewis,Jason Lewis (actor),1,1,0,2022-10-03,2022-10-09,OK
31,4,Jason Lewis,Jason Lewis (actor),0,0,0,2022-10-10,2022-10-16,OK
31,5,Jason Lewis,Jason Lewis (actor),0,0,0,2022-10-17,2022-10-23,OK
31,6,Jason Lewis,Jason Lewis (actor),0,0,0,2022-10-24,2022-10-30,OK
31,7,Jason Lewis,Jason Lewis (actor),0,0,0,2022-10-31,2022-11-06,OK
31,8,Jason Lewis,Jason Lewis (actor),1,1,0,2022-11-07,2022-11-13,OK
31,9,Jason Lewis,Jason Lewis (actor),0,0,0,2022-11-14,2022-11-20,OK
31,10,Jason Lewis,Jason Lewis (actor),0,0,0,2022-11-21,2022-11-27,OK
31,1,Jessie James Decker,Jessie James Decker,0,0,0,2022-09-19,2022-09-25,OK
31,2,Jessie James Decker,Jessie James Decker,2,2,0,2022-09-26,2022-10-02,OK
31,3,Jessie James Decker,Jessie James Decker,2,1,351,2022-10-03,2022-10-09,OK
31,4,Jessie James Decker,Jessie James Decker,2,2,0,2022-10-10,2022-10-16,OK
31,5,Jessie James Decker,Jessie James Decker,2,1,301,2022-10-17,2022-10-23,OK
31,6,Jessie James Decker,Jessie James Decker,1,1,0,2022-10-24,2022-10-30,OK
31,7,Jessie James Decker,Jessie James Decker,1,1,0,2022-10-31,2022-11-06,OK
31,8,Jessie James Decker,Jessie James Decker,3,1,356,2022-11-07,2022-11-13,OK
31,9,Jessie James Decker,Jessie James Decker,0,0,0,2022-11-14,2022-11-20,OK
31,10,Jessie James Decker,Jessie James Decker,7,4,-86,2022-11-21,2022-11-27,OK
31,1,Jordin Sparks,Jordin Sparks,19,6,-179,2022-09-19,2022-09-25,OK
31,2,Jordin Sparks,Jordin Sparks,40,4,1290,2022-09-26,2022-10-02,OK
31,3,Jordin Sparks,Jordin Sparks,0,0,0,2022-10-03,2022-10-09,OK
31,4,Jordin Sparks,Jordin Sparks,4,4,-4,2022-10-10,2022-10-16,OK
31,5,Jordin Sparks,Jordin Sparks,0,0,0,2022-10-17,2022-10-23,OK
31,6,Jordin Sparks,Jordin Sparks,2,1,-1,2022-10-24,2022-10-30,OK
31,7,Jordin Sparks,Jordin Sparks,2,2,0,2022-10-31,2022-11-06,OK
31,8,Jordin Sparks,Jordin Sparks,0,0,0,2022-11-07,2022-11-13,OK
31,9,Jordin Sparks,Jordin Sparks,0,0,0,2022-11-14,2022-11-20,OK
31,10,Jordin Sparks,Jordin Sparks,1,1,0,2022-11-21,2022-11-27,OK
31,1,Joseph Baena,Joseph Baena,61,10,336,2022-09-19,2022-09-25,OK
31,2,Joseph Baena,Joseph Baena,22,6,1765,2022-09-26,2022-10-02,OK
31,3,Joseph Baena,Joseph Baena,3,2,0,2022-10-03,2022-10-09,OK
31,4,Joseph Baena,Joseph Baena,3,2,283,2022-10-10,2022-10-16,OK
31,5,Joseph Baena,Joseph Baena,13,9,-12,2022-10-17,2022-10-23,OK
31,6,Joseph Baena,Joseph Baena,3,3,0,2022-10-24,2022-10-30,OK
31,7,Joseph Baena,Joseph Baena,0,0,0,2022-10-31,2022-11-06,OK
31,8,Joseph Baena,Joseph Baena,3,3,-49,2022-11-07,2022-11-13,OK
31,9,Joseph Baena,Joseph Baena,0,0,0,2022-11-14,2022-11-20,OK
31,10,Joseph Baena,Joseph Baena,5,4,-89,2022-11-21,2022-11-27,OK
31,1,Sam Champion,Sam Champion,0,0,0,2022-09-19,2022-09-25,OK
31,2,Sam Champion,Sam Champion,0,0,0,2022-09-26,2022-10-02,OK
31,3,Sam Champion,Sam Champion,0,0,0,2022-10-03,2022-10-09,OK
31,4,Sam Champion,Sam Champion,0,0,0,2022-10-10,2022-10-16,OK
31,5,Sam Champion,Sam Champion,0,0,0,2022-10-17,2022-10-23,OK
31,6,Sam Champion,Sam Champion,0,0,0,2022-10-24,2022-10-30,OK
31,7,Sam Champion,Sam Champion,1,1,0,2022-10-31,2022-11-06,OK
31,8,Sam Champion,Sam Champion,3,1,8,2022-11-07,2022-11-13,OK
31,9,Sam Champion,Sam Champion,1,1,0,2022-11-14,2022-11-20,OK
31,10,Sam Champion,Sam Champion,0,0,0,2022-11-21,2022-11-27,OK
31,1,Selma Blair,Selma Blair,0,0,0,2022-09-19,2022-09-25,OK
31,2,Selma Blair,Selma Blair,0,0,0,2022-09-26,2022-10-02,OK
31,3,Selma Blair,Selma Blair,1,1,0,2022-10-03,2022-10-09,OK
31,4,Selma Blair,Selma Blair,2,2,0,2022-10-10,2022-10-16,OK
31,5,Selma Blair,Selma Blair,2,2,0,2022-10-17,2022-10-23,OK
31,6,Selma Blair,Selma Blair,1,1,0,2022-10-24,2022-10-30,OK
31,7,Selma Blair,Selma Blair,0,0,0,2022-10-31,2022-11-06,OK
31,8,Selma Blair,Selma Blair,0,0,0,2022-11-07,2022-11-13,OK
31,9,Selma Blair,Selma Blair,0,0,0,2022-11-14,2022-11-20,OK
31,10,Selma Blair,Selma Blair,0,0,0,2022-11-21,2022-11-27,OK
31,1,Shangela,Shangela,0,0,0,2022-09-19,2022-09-25,OK
31,2,Shangela,Shangela,2,2,-56,2022-09-26,2022-10-02,OK
31,3,Shangela,Shangela,3,3,0,2022-10-03,2022-10-09,OK
31,4,Shangela,Shangela,5,4,-2,2022-10-10,2022-10-16,OK
31,5,Shangela,Shangela,2,1,-1,2022-10-17,2022-10-23,OK
31,6,Shangela,Shangela,2,2,0,2022-10-24,2022-10-30,OK
31,7,Shangela,Shangela,3,3,33,2022-10-31,2022-11-06,OK
31,8,Shangela,Shangela,9,1,-458,2022-11-07,2022-11-13,OK
31,9,Shangela,Shangela,1,1,0,2022-11-14,2022-11-20,OK
31,10,Shangela,Shangela,15,8,213,2022-11-21,2022-11-27,OK
31,1,Teresa Giudice,Teresa Giudice,1,1,0,2022-09-19,2022-09-25,OK
31,2,Teresa Giudice,Teresa Giudice,1,1,0,2022-09-26,2022-10-02,OK
31,3,Teresa Giudice,Teresa Giudice,0,0,0,2022-10-03,2022-10-09,OK
31,4,Teresa Giudice,Teresa Giudice,2,2,0,2022-10-10,2022-10-16,OK
31,5,Teresa Giudice,Teresa Giudice,0,0,0,2022-10-17,2022-10-23,OK
31,6,Teresa Giudice,Teresa Giudice,0,0,0,2022-10-24,2022-10-30,OK
31,7,Teresa Giudice,Teresa Giudice,0,0,0,2022-10-31,2022-11-06,OK
31,8,Teresa Giudice,Teresa Giudice,1,1,0,2022-11-07,2022-11-13,OK
31,9,Teresa Giudice,Teresa Giudice,0,0,0,2022-11-14,2022-11-20,OK
31,10,Teresa Giudice,Teresa Giudice,0,0,0,2022-11-21,2022-11-27,OK
31,1,Trevor Donovan,Trevor Donovan,1,1,0,2022-09-19,2022-09-25,OK
31,2,Trevor Donovan,Trevor Donovan,0,0,0,2022-09-26,2022-10-02,OK
31,3,Trevor Donovan,Trevor Donovan,0,0,0,2022-10-03,2022-10-09,OK
31,4,Trevor Donovan,Trevor Donovan,0,0,0,2022-10-10,2022-10-16,OK
31,5,Trevor Donovan,Trevor Donovan,0,0,0,2022-10-17,2022-10-23,OK
31,6,Trevor Donovan,Trevor Donovan,0,0,0,2022-10-24,2022-10-30,OK
31,7,Trevor Donovan,Trevor Donovan,2,1,0,2022-10-31,2022-11-06,OK
31,8,Trevor Donovan,Trevor Donovan,0,0,0,2022-11-07,2022-11-13,OK
31,9,Trevor Donovan,Trevor Donovan,0,0,0,2022-11-14,2022-11-20,OK
31,10,Trevor Donovan,Trevor Donovan,0,0,0,2022-11-21,2022-11-27,OK
31,1,Vinny Guadagnino,Vinny Guadagnino,1,1,0,2022-09-19,2022-09-25,OK
31,2,Vinny Guadagnino,Vinny Guadagnino,0,0,0,2022-09-26,2022-10-02,OK
31,3,Vinny Guadagnino,Vinny Guadagnino,0,0,0,2022-10-03,2022-10-09,OK
31,4,Vinny Guadagnino,Vinny Guadagnino,0,0,0,2022-10-10,2022-10-16,OK
31,5,Vinny Guadagnino,Vinny Guadagnino,18,6,190,2022-10-17,2022-10-23,OK
31,6,Vinny Guadagnino,Vinny Guadagnino,0,0,0,2022-10-24,2022-10-30,OK
31,7,Vinny Guadagnino,Vinny Guadagnino,2,2,-8,2022-10-31,2022-11-06,OK
31,8,Vinny Guadagnino,Vinny Guadagnino,10,5,-3,2022-11-07,2022-11-13,OK
31,9,Vinny Guadagnino,Vinny Guadagnino,0,0,0,2022-11-14,2022-11-20,OK
31,10,Vinny Guadagnino,Vinny Guadagnino,0,0,0,2022-11-21,2022-11-27,OK
31,1,Wayne Brady,Wayne Brady,5,4,293,2022-09-19,2022-09-25,OK
31,2,Wayne Brady,Wayne Brady,0,0,0,2022-09-26,2022-10-02,OK
31,3,Wayne Brady,Wayne Brady,0,0,0,2022-10-03,2022-10-09,OK
31,4,Wayne Brady,Wayne Brady,0,0,0,2022-10-10,2022-10-16,OK
31,5,Wayne Brady,Wayne Brady,0,0,0,2022-10-17,2022-10-23,OK
31,6,Wayne Brady,Wayne Brady,6,2,-77,2022-10-24,2022-10-30,OK
31,7,Wayne Brady,Wayne Brady,3,2,-75,2022-10-31,2022-11-06,OK
31,8,Wayne Brady,Wayne Brady,5,2,3,2022-11-07,2022-11-13,OK
31,9,Wayne Brady,Wayne Brady,0,0,0,2022-11-14,2022-11-20,OK
31,10,Wayne Brady,Wayne Brady,1,1,0,2022-11-21,2022-11-27,OK
32,1,Adrian Peterson,Adrian Peterson,1,1,0,2023-09-26,2023-10-02,OK
32,2,Adrian Peterson,Adrian Peterson,0,0,0,2023-10-03,2023-10-09,OK
32,3,Adrian Peterson,Adrian Peterson,0,0,0,2023-10-10,2023-10-16,OK
32,4,Adrian Peterson,Adrian Peterson,0,0,0,2023-10-17,2023-10-23,OK
32,5,Adrian Peterson,Adrian Peterson,0,0,0,2023-10-24,2023-10-30,OK
32,6,Adrian Peterson,Adrian Peterson,0,0,0,2023-10-31,2023-11-06,OK
32,7,Adrian Peterson,Adrian Peterson,0,0,0,2023-11-07,2023-11-13,OK
32,8,Adrian Peterson,Adrian Peterson,0,0,0,2023-11-14,2023-11-20,OK
32,9,Adrian Peterson,Adrian Peterson,1,1,0,2023-11-21,2023-11-27,OK
32,10,Adrian Peterson,Adrian Peterson,0,0,0,2023-11-28,2023-12-04,OK
32,11,Adrian Peterson,Adrian Peterson,1,1,0,2023-12-05,2023-12-11,OK
32,1,Alyson Hannigan,Alyson Hannigan,5,3,38,2023-09-26,2023-10-02,OK
32,2,Alyson Hannigan,Alyson Hannigan,4,4,0,2023-10-03,2023-10-09,OK
32,3,Alyson Hannigan,Alyson Hannigan,0,0,0,2023-10-10,2023-10-16,OK
32,4,Alyson Hannigan,Alyson Hannigan,2,2,-32,2023-10-17,2023-10-23,OK
32,5,Alyson Hannigan,Alyson Hannigan,2,2,-67,2023-10-24,2023-10-30,OK
32,6,Alyson Hannigan,Alyson Hannigan,0,0,0,2023-10-31,2023-11-06,OK
32,7,Alyson Hannigan,Alyson Hannigan,1,1,0,2023-11-07,2023-11-13,OK
32,8,Alyson Hannigan,Alyson Hannigan,0,0,0,2023-11-14,2023-11-20,OK
32,9,Alyson Hannigan,Alyson Hannigan,0,0,0,2023-11-21,2023-11-27,OK
32,10,Alyson Hannigan,Alyson Hannigan,0,0,0,2023-11-28,2023-12-04,OK
32,11,Alyson Hannigan,Alyson Hannigan,1,1,0,2023-12-05,2023-12-11,OK
32,1,Ariana Madix,Ariana Madix,1,1,0,2023-09-26,2023-10-02,OK
32,2,Ariana Madix,Ariana Madix,0,0,0,2023-10-03,2023-10-09,OK
32,3,Ariana Madix,Ariana Madix,0,0,0,2023-10-10,2023-10-16,OK
32,4,Ariana Madix,Ariana Madix,1,1,0,2023-10-17,2023-10-23,OK
32,5,Ariana Madix,Ariana Madix,1,1,0,2023-10-24,2023-10-30,OK
32,6,Ariana Madix,Ariana Madix,0,0,0,2023-10-31,2023-11-06,OK
32,7,Ariana Madix,Ariana Madix,4,4,2020,2023-11-07,2023-11-13,OK
32,8,Ariana Madix,Ariana Madix,3,2,1,2023-11-14,2023-11-20,OK
32,9,Ariana Madix,Ariana Madix,3,3,22,2023-11-21,2023-11-27,OK
32,10,Ariana Madix,Ariana Madix,5,2,132,2023-11-28,2023-12-04,OK
32,11,Ariana Madix,Ariana Madix,6,4,-6,2023-12-05,2023-12-11,OK
32,1,Barry Williams,Barry Williams (actor),1,1,0,2023-09-26,2023-10-02,OK
32,2,Barry Williams,Barry Williams (actor),1,1,0,2023-10-03,2023-10-09,OK
32,3,Barry Williams,Barry Williams (actor),0,0,0,2023-10-10,2023-10-16,OK
32,4,Barry Williams,Barry Williams (actor),1,1,0,2023-10-17,2023-10-23,OK
32,5,Barry Williams,Barry Williams (actor),0,0,0,2023-10-24,2023-10-30,OK
32,6,Barry Williams,Barry Williams (actor),2,1,7,2023-10-31,2023-11-06,OK
32,7,Barry Williams,Barry Williams (actor),3,2,5,2023-11-07,2023-11-13,OK
32,8,Barry Williams,Barry Williams (actor),1,1,0,2023-11-14,2023-11-20,OK
32,9,Barry Williams,Barry Williams (actor),0,0,0,2023-11-21,2023-11-27,OK
32,10,Barry Williams,Barry Williams (actor),1,1,0,2023-11-28,2023-12-04,OK
32,11,Barry Williams,Barry Williams (actor),0,0,0,2023-12-05,2023-12-11,OK
32,1,Charity Lawson,The Bachelorette (American TV series) season 20,1,1,0,2023-09-26,2023-10-02,OK
32,2,Charity Lawson,The Bachelorette (American TV series) season 20,3,2,-363,2023-10-03,2023-10-09,OK
32,3,Charity Lawson,The Bachelorette (American TV series) season 20,1,1,0,2023-10-10,2023-10-16,OK
32,4,Charity Lawson,The Bachelorette (American TV series) season 20,0,0,0,2023-10-17,2023-10-23,OK
32,5,Charity Lawson,The Bachelorette (American TV series) season 20,0,0,0,2023-10-24,2023-10-30,OK
32,6,Charity Lawson,The Bachelorette (American TV series) season 20,1,1,0,2023-10-31,2023-11-06,OK
32,7,Charity Lawson,The Bachelorette (American TV series) season 20,0,0,0,2023-11-07,2023-11-13,OK
32,8,Charity Lawson,The Bachelorette (American TV series) season 20,2,1,0,2023-11-14,2023-11-20,OK
32,9,Charity Lawson,The Bachelorette (American TV series) season 20,2,2,0,2023-11-21,2023-11-27,OK
32,10,Charity Lawson,The Bachelorette (American TV series) season 20,1,1,0,2023-11-28,2023-12-04,OK
32,11,Charity Lawson,The Bachelorette (American TV series) season 20,4,2,162,2023-12-05,2023-12-11,OK
32,1,Harry Jowsey,Harry Jowsey,0,0,0,2023-09-26,2023-10-02,OK
32,2,Harry Jowsey,Harry Jowsey,1,1,0,2023-10-03,2023-10-09,OK
32,3,Harry Jowsey,Harry Jowsey,0,0,0,2023-10-10,2023-10-16,OK
32,4,Harry Jowsey,Harry Jowsey,0,0,0,2023-10-17,2023-10-23,OK
32,5,Harry Jowsey,Harry Jowsey,0,0,0,2023-10-24,2023-10-30,OK
32,6,Harry Jowsey,Harry Jowsey,0,0,0,2023-10-31,2023-11-06,OK
32,7,Harry Jowsey,Harry Jowsey,0,0,0,2023-11-07,2023-11-13,OK
32,8,Harry Jowsey,Harry Jowsey,0,0,0,2023-11-14,2023-11-20,OK
32,9,Harry Jowsey,Harry Jowsey,0,0,0,2023-11-21,2023-11-27,OK
32,10,Harry Jowsey,Harry Jowsey,0,0,0,2023-11-28,2023-12-04,OK
32,11,Harry Jowsey,Harry Jowsey,0,0,0,2023-12-05,2023-12-11,OK
32,1,Jamie Lynn Spears,Jamie Lynn Spears,3,2,39,2023-09-26,2023-10-02,OK
32,2,Jamie Lynn Spears,Jamie Lynn Spears,12,7,312,2023-10-03,2023-10-09,OK
32,3,Jamie Lynn Spears,Jamie Lynn Spears,6,3,-88,2023-10-10,2023-10-16,OK
32,4,Jamie Lynn Spears,Jamie Lynn Spears,0,0,0,2023-10-17,2023-10-23,OK
32,5,Jamie Lynn Spears,Jamie Lynn Spears,0,0,0,2023-10-24,2023-10-30,OK
32,6,Jamie Lynn Spears,Jamie Lynn Spears,3,3,-176,2023-10-31,2023-11-06,OK
32,7,Jamie Lynn Spears,Jamie Lynn Spears,6,3,960,2023-11-07,2023-11-13,OK
32,8,Jamie Lynn Spears,Jamie Lynn Spears,32,16,202,2023-11-14,2023-11-20,OK
32,9,Jamie Lynn Spears,Jamie Lynn Spears,4,4,5,2023-11-21,2023-11-27,OK
32,10,Jamie Lynn Spears,Jamie Lynn Spears,13,7,-1094,2023-11-28,2023-12-04,OK
32,11,Jamie Lynn Spears,Jamie Lynn Spears,7,6,-207,2023-12-05,2023-12-11,OK
32,1,Jason Mraz,Jason Mraz,4,4,0,2023-09-26,2023-10-02,OK
32,2,Jason Mraz,Jason Mraz,2,2,0,2023-10-03,2023-10-09,OK
32,3,Jason Mraz,Jason Mraz,5,4,4977,2023-10-10,2023-10-16,OK
32,4,Jason Mraz,Jason Mraz,0,0,0,2023-10-17,2023-10-23,OK
32,5,Jason Mraz,Jason Mraz,0,0,0,2023-10-24,2023-10-30,OK
32,6,Jason Mraz,Jason Mraz,0,0,0,2023-10-31,2023-11-06,OK
32,7,Jason Mraz,Jason Mraz,1,1,0,2023-11-07,2023-11-13,OK
32,8,Jason Mraz,Jason Mraz,11,8,-82,2023-11-14,2023-11-20,OK
32,9,Jason Mraz,Jason Mraz,5,4,-73,2023-11-21,2023-11-27,OK
32,10,Jason Mraz,Jason Mraz,0,0,0,2023-11-28,2023-12-04,OK
32,11,Jason Mraz,Jason Mraz,2,2,0,2023-12-05,2023-12-11,OK
32,1,Lele Pons,Lele Pons,1,1,0,2023-09-26,2023-10-02,OK
32,2,Lele Pons,Lele Pons,0,0,0,2023-10-03,2023-10-09,OK
32,3,Lele Pons,Lele Pons,3,2,-45,2023-10-10,2023-10-16,OK
32,4,Lele Pons,Lele Pons,0,0,0,2023-10-17,2023-10-23,OK
32,5,Lele Pons,Lele Pons,0,0,0,2023-10-24,2023-10-30,OK
32,6,Lele Pons,Lele Pons,1,1,0,2023-10-31,2023-11-06,OK
32,7,Lele Pons,Lele Pons,0,0,0,2023-11-07,2023-11-13,OK
32,8,Lele Pons,Lele Pons,0,0,0,2023-11-14,2023-11-20,OK
32,9,Lele Pons,Lele Pons,0,0,0,2023-11-21,2023-11-27,OK
32,10,Lele Pons,Lele Pons,0,0,0,2023-11-28,2023-12-04,OK
32,11,Lele Pons,Lele Pons,0,0,0,2023-12-05,2023-12-11,OK
32,1,Matt Walsh,Matt Walsh (political commentator),4,2,49,2023-09-26,2023-10-02,OK
32,2,Matt Walsh,Matt Walsh (political commentator),2,2,324,2023-10-03,2023-10-09,OK
32,3,Matt Walsh,Matt Walsh (political commentator),0,0,0,2023-10-10,2023-10-16,OK
32,4,Matt Walsh,Matt Walsh (political commentator),3,2,-8,2023-10-17,2023-10-23,OK
32,5,Matt Walsh,Matt Walsh (political commentator),4,3,-133,2023-10-24,2023-10-30,OK
32,6,Matt Walsh,Matt Walsh (political commentator),3,3,0,2023-10-31,2023-11-06,OK
32,7,Matt Walsh,Matt Walsh (political commentator),5,5,-563,2023-11-07,2023-11-13,OK
32,8,Matt Walsh,Matt Walsh (political commentator),0,0,0,2023-11-14,2023-11-20,OK
32,9,Matt Walsh,Matt Walsh (political commentator),5,5,-81,2023-11-21,2023-11-27,OK
32,10,Matt Walsh,Matt Walsh (political commentator),8,4,-294,2023-11-28,2023-12-04,OK
32,11,Matt Walsh,Matt Walsh (political commentator),9,6,-1848,2023-12-05,2023-12-11,OK
32,1,Mauricio Umansky,Mauricio Umansky,0,0,0,2023-09-26,2023-10-02,OK
32,2,Mauricio Umansky,Mauricio Umansky,0,0,0,2023-10-03,2023-10-09,OK
32,3,Mauricio Umansky,Mauricio Umansky,0,0,0,2023-10-10,2023-10-16,OK
32,4,Mauricio Umansky,Mauricio Umansky,0,0,0,2023-10-17,2023-10-23,OK
32,5,Mauricio Umansky,Mauricio Umansky,0,0,0,2023-10-24,2023-10-30,OK
32,6,Mauricio Umansky,Mauricio Umansky,0,0,0,2023-10-31,2023-11-06,OK
32,7,Mauricio Umansky,Mauricio Umansky,0,0,0,2023-11-07,2023-11-13,OK
32,8,Mauricio Umansky,Mauricio Umansky,0,0,0,2023-11-14,2023-11-20,OK
32,9,Mauricio Umansky,Mauricio Umansky,0,0,0,2023-11-21,2023-11-27,OK
32,10,Mauricio Umansky,Mauricio Umansky,0,0,0,2023-11-28,2023-12-04,OK
32,11,Mauricio Umansky,Mauricio Umansky,0,0,0,2023-12-05,2023-12-11,OK
32,1,Mira Sorvino,Mira Sorvino,4,3,1,2023-09-26,2023-10-02,OK
32,2,Mira Sorvino,Mira Sorvino,1,1,0,2023-10-03,2023-10-09,OK
32,3,Mira Sorvino,Mira Sorvino,0,0,0,2023-10-10,2023-10-16,OK
32,4,Mira Sorvino,Mira Sorvino,0,0,0,2023-10-17,2023-10-23,OK
32,5,Mira Sorvino,Mira Sorvino,6,5,-57,2023-10-24,2023-10-30,OK
32,6,Mira Sorvino,Mira Sorvino,6,5,-147,2023-10-31,2023-11-06,OK
32,7,Mira Sorvino,Mira Sorvino,1,1,0,2023-11-07,2023-11-13,OK
32,8,Mira Sorvino,Mira Sorvino,0,0,0,2023-11-14,2023-11-20,OK
32,9,Mira Sorvino,Mira Sorvino,2,1,333,2023-11-21,2023-11-27,OK
32,10,Mira Sorvino,Mira Sorvino,1,1,0,2023-11-28,2023-12-04,OK
32,11,Mira Sorvino,Mira Sorvino,0,0,0,2023-12-05,2023-12-11,OK
32,1,Tyson Beckford,Tyson Beckford,5,3,-12,2023-09-26,2023-10-02,OK
32,2,Tyson Beckford,Tyson Beckford,1,1,0,2023-10-03,2023-10-09,OK
32,3,Tyson Beckford,Tyson Beckford,0,0,0,2023-10-10,2023-10-16,OK
32,4,Tyson Beckford,Tyson Beckford,0,0,0,2023-10-17,2023-10-23,OK
32,5,Tyson Beckford,Tyson Beckford,0,0,0,2023-10-24,2023-10-30,OK
32,6,Tyson Beckford,Tyson Beckford,0,0,0,2023-10-31,2023-11-06,OK
32,7,Tyson Beckford,Tyson Beckford,1,1,0,2023-11-07,2023-11-13,OK
32,8,Tyson Beckford,Tyson Beckford,3,3,12,2023-11-14,2023-11-20,OK
32,9,Tyson Beckford,Tyson Beckford,0,0,0,2023-11-21,2023-11-27,OK
32,10,Tyson Beckford,Tyson Beckford,0,0,0,2023-11-28,2023-12-04,OK
32,11,Tyson Beckford,Tyson Beckford,0,0,0,2023-12-05,2023-12-11,OK
32,1,Xochitl Gomez,Xochitl Gomez,3,1,276,2023-09-26,2023-10-02,OK
32,2,Xochitl Gomez,Xochitl Gomez,2,2,0,2023-10-03,2023-10-09,OK
32,3,Xochitl Gomez,Xochitl Gomez,2,2,-70,2023-10-10,2023-10-16,OK
32,4,Xochitl Gomez,Xochitl Gomez,3,3,-35,2023-10-17,2023-10-23,OK
32,5,Xochitl Gomez,Xochitl Gomez,0,0,0,2023-10-24,2023-10-30,OK
32,6,Xochitl Gomez,Xochitl Gomez,0,0,0,2023-10-31,2023-11-06,OK
32,7,Xochitl Gomez,Xochitl Gomez,0,0,0,2023-11-07,2023-11-13,OK
32,8,Xochitl Gomez,Xochitl Gomez,3,2,0,2023-11-14,2023-11-20,OK
32,9,Xochitl Gomez,Xochitl Gomez,7,5,-1563,2023-11-21,2023-11-27,OK
32,10,Xochitl Gomez,Xochitl Gomez,0,0,0,2023-11-28,2023-12-04,OK
32,11,Xochitl Gomez,Xochitl Gomez,14,10,-1685,2023-12-05,2023-12-11,OK
33,1,Anna Delvey,Anna Delvey,5,5,4,2024-09-17,2024-09-23,OK
33,2,Anna Delvey,Anna Delvey,9,7,-612,2024-09-24,2024-09-30,OK
33,3,Anna Delvey,Anna Delvey,5,1,-325,2024-10-01,2024-10-07,OK
33,4,Anna Delvey,Anna Delvey,0,0,0,2024-10-08,2024-10-14,OK
33,5,Anna Delvey,Anna Delvey,11,2,38,2024-10-15,2024-10-21,OK
33,6,Anna Delvey,Anna Delvey,24,4,-498,2024-10-22,2024-10-28,OK
33,7,Anna Delvey,Anna Delvey,0,0,0,2024-10-29,2024-11-04,OK
33,8,Anna Delvey,Anna Delvey,5,2,-185,2024-11-05,2024-11-11,OK
33,9,Anna Delvey,Anna Delvey,3,2,-24,2024-11-12,2024-11-18,OK
33,1,Brooks Nader,Brooks Nader,10,2,633,2024-09-17,2024-09-23,OK
33,2,Brooks Nader,Brooks Nader,2,2,0,2024-09-24,2024-09-30,OK
33,3,Brooks Nader,Brooks Nader,3,2,-2,2024-10-01,2024-10-07,OK
33,4,Brooks Nader,Brooks Nader,3,3,270,2024-10-08,2024-10-14,OK
33,5,Brooks Nader,Brooks Nader,12,6,54,2024-10-15,2024-10-21,OK
33,6,Brooks Nader,Brooks Nader,2,2,-41,2024-10-22,2024-10-28,OK
33,7,Brooks Nader,Brooks Nader,0,0,0,2024-10-29,2024-11-04,OK
33,8,Brooks Nader,Brooks Nader,0,0,0,2024-11-05,2024-11-11,OK
33,9,Brooks Nader,Brooks Nader,2,2,0,2024-11-12,2024-11-18,OK
33,1,Chandler Kinney,Chandler Kinney,8,8,-99,2024-09-17,2024-09-23,OK
33,2,Chandler Kinney,Chandler Kinney,1,1,0,2024-09-24,2024-09-30,OK
33,3,Chandler Kinney,Chandler Kinney,0,0,0,2024-10-01,2024-10-07,OK
33,4,Chandler Kinney,Chandler Kinney,0,0,0,2024-10-08,2024-10-14,OK
33,5,Chandler Kinney,Chandler Kinney,2,1,-69,2024-10-15,2024-10-21,OK
33,6,Chandler Kinney,Chandler Kinney,0,0,0,2024-10-22,2024-10-28,OK
33,7,Chandler Kinney,Chandler Kinney,2,2,0,2024-10-29,2024-11-04,OK
33,8,Chandler Kinney,Chandler Kinney,0,0,0,2024-11-05,2024-11-11,OK
33,9,Chandler Kinney,Chandler Kinney,0,0,0,2024-11-12,2024-11-18,OK
33,1,Danny Amendola,Danny Amendola,8,4,322,2024-09-17,2024-09-23,OK
33,2,Danny Amendola,Danny Amendola,4,4,-48,2024-09-24,2024-09-30,OK
33,3,Danny Amendola,Danny Amendola,1,1,0,2024-10-01,2024-10-07,OK
33,4,Danny Amendola,Danny Amendola,2,2,-14,2024-10-08,2024-10-14,OK
33,5,Danny Amendola,Danny Amendola,12,5,-34,2024-10-15,2024-10-21,OK
33,6,Danny Amendola,Danny Amendola,2,2,0,2024-10-22,2024-10-28,OK
33,7,Danny Amendola,Danny Amendola,1,1,0,2024-10-29,2024-11-04,OK
33,8,Danny Amendola,Danny Amendola,0,0,0,2024-11-05,2024-11-11,OK
33,9,Danny Amendola,Danny Amendola,2,1,12,2024-11-12,2024-11-18,OK
33,1,Dwight Howard ,Dwight Howard,1,1,0,2024-09-17,2024-09-23,OK
33,2,Dwight Howard ,Dwight Howard,1,1,0,2024-09-24,2024-09-30,OK
33,3,Dwight Howard ,Dwight Howard,0,0,0,2024-10-01,2024-10-07,OK
33,4,Dwight Howard ,Dwight Howard,1,1,0,2024-10-08,2024-10-14,OK
33,5,Dwight Howard ,Dwight Howard,1,1,0,2024-10-15,2024-10-21,OK
33,6,Dwight Howard ,Dwight Howard,1,1,0,2024-10-22,2024-10-28,OK
33,7,Dwight Howard ,Dwight Howard,1,1,0,2024-10-29,2024-11-04,OK
33,8,Dwight Howard ,Dwight Howard,2,1,-3,2024-11-05,2024-11-11,OK
33,9,Dwight Howard ,Dwight Howard,2,2,46,2024-11-12,2024-11-18,OK
33,1,Eric Roberts,Eric Roberts,3,3,21,2024-09-17,2024-09-23,OK
33,2,Eric Roberts,Eric Roberts,3,2,84,2024-09-24,2024-09-30,OK
33,3,Eric Roberts,Eric Roberts,3,3,-12,2024-10-01,2024-10-07,OK
33,4,Eric Roberts,Eric Roberts,1,1,0,2024-10-08,2024-10-14,OK
33,5,Eric Roberts,Eric Roberts,2,2,0,2024-10-15,2024-10-21,OK
33,6,Eric Roberts,Eric Roberts,1,1,0,2024-10-22,2024-10-28,OK
33,7,Eric Roberts,Eric Roberts,0,0,0,2024-10-29,2024-11-04,OK
33,8,Eric Roberts,Eric Roberts,1,1,0,2024-11-05,2024-11-11,OK
33,9,Eric Roberts,Eric Roberts,4,3,0,2024-11-12,2024-11-18,OK
33,1,Ilona Maher,Ilona Maher,3,3,0,2024-09-17,2024-09-23,OK
33,2,Ilona Maher,Ilona Maher,1,1,0,2024-09-24,2024-09-30,OK
33,3,Ilona Maher,Ilona Maher,0,0,0,2024-10-01,2024-10-07,OK
33,4,Ilona Maher,Ilona Maher,6,4,-56,2024-10-08,2024-10-14,OK
33,5,Ilona Maher,Ilona Maher,3,3,0,2024-10-15,2024-10-21,OK
33,6,Ilona Maher,Ilona Maher,4,3,348,2024-10-22,2024-10-28,OK
33,7,Ilona Maher,Ilona Maher,13,6,1,2024-10-29,2024-11-04,OK
33,8,Ilona Maher,Ilona Maher,0,0,0,2024-11-05,2024-11-11,OK
33,9,Ilona Maher,Ilona Maher,0,0,0,2024-11-12,2024-11-18,OK
33,1,Jenn Tran,Jenn Tran,0,0,0,2024-09-17,2024-09-23,OK
33,2,Jenn Tran,Jenn Tran,0,0,0,2024-09-24,2024-09-30,OK
33,3,Jenn Tran,Jenn Tran,1,1,0,2024-10-01,2024-10-07,OK
33,4,Jenn Tran,Jenn Tran,2,2,0,2024-10-08,2024-10-14,OK
33,5,Jenn Tran,Jenn Tran,1,1,0,2024-10-15,2024-10-21,OK
33,6,Jenn Tran,Jenn Tran,1,1,0,2024-10-22,2024-10-28,OK
33,7,Jenn Tran,Jenn Tran,4,2,465,2024-10-29,2024-11-04,OK
33,8,Jenn Tran,Jenn Tran,0,0,0,2024-11-05,2024-11-11,OK
33,9,Jenn Tran,Jenn Tran,0,0,0,2024-11-12,2024-11-18,OK
33,1,Joey Graziadei,Joey Graziadei,0,0,0,2024-09-17,2024-09-23,OK
33,2,Joey Graziadei,Joey Graziadei,0,0,0,2024-09-24,2024-09-30,OK
33,3,Joey Graziadei,Joey Graziadei,0,0,0,2024-10-01,2024-10-07,OK
33,4,Joey Graziadei,Joey Graziadei,0,0,0,2024-10-08,2024-10-14,OK
33,5,Joey Graziadei,Joey Graziadei,0,0,0,2024-10-15,2024-10-21,OK
33,6,Joey Graziadei,Joey Graziadei,0,0,0,2024-10-22,2024-10-28,OK
33,7,Joey Graziadei,Joey Graziadei,3,2,-45,2024-10-29,2024-11-04,OK
33,8,Joey Graziadei,Joey Graziadei,0,0,0,2024-11-05,2024-11-11,OK
33,9,Joey Graziadei,Joey Graziadei,0,0,0,2024-11-12,2024-11-18,OK
33,1,Phaedra Parks,Phaedra Parks,0,0,0,2024-09-17,2024-09-23,OK
33,2,Phaedra Parks,Phaedra Parks,0,0,0,2024-09-24,2024-09-30,OK
33,3,Phaedra Parks,Phaedra Parks,0,0,0,2024-10-01,2024-10-07,OK
33,4,Phaedra Parks,Phaedra Parks,0,0,0,2024-10-08,2024-10-14,OK
33,5,Phaedra Parks,Phaedra Parks,0,0,0,2024-10-15,2024-10-21,OK
33,6,Phaedra Parks,Phaedra Parks,2,2,0,2024-10-22,2024-10-28,OK
33,7,Phaedra Parks,Phaedra Parks,0,0,0,2024-10-29,2024-11-04,OK
33,8,Phaedra Parks,Phaedra Parks,0,0,0,2024-11-05,2024-11-11,OK
33,9,Phaedra Parks,Phaedra Parks,0,0,0,2024-11-12,2024-11-18,OK
33,1,Reginald VelJohnson,Reginald VelJohnson,0,0,0,2024-09-17,2024-09-23,OK
33,2,Reginald VelJohnson,Reginald VelJohnson,3,3,-137,2024-09-24,2024-09-30,OK
33,3,Reginald VelJohnson,Reginald VelJohnson,0,0,0,2024-10-01,2024-10-07,OK
33,4,Reginald VelJohnson,Reginald VelJohnson,4,3,-36,2024-10-08,2024-10-14,OK
33,5,Reginald VelJohnson,Reginald VelJohnson,0,0,0,2024-10-15,2024-10-21,OK
33,6,Reginald VelJohnson,Reginald VelJohnson,0,0,0,2024-10-22,2024-10-28,OK
33,7,Reginald VelJohnson,Reginald VelJohnson,2,2,106,2024-10-29,2024-11-04,OK
33,8,Reginald VelJohnson,Reginald VelJohnson,0,0,0,2024-11-05,2024-11-11,OK
33,9,Reginald VelJohnson,Reginald VelJohnson,0,0,0,2024-11-12,2024-11-18,OK
33,1,Stephen Nedoroscik,Stephen Nedoroscik,0,0,0,2024-09-17,2024-09-23,OK
33,2,Stephen Nedoroscik,Stephen Nedoroscik,2,2,0,2024-09-24,2024-09-30,OK
33,3,Stephen Nedoroscik,Stephen Nedoroscik,2,2,-2,2024-10-01,2024-10-07,OK
33,4,Stephen Nedoroscik,Stephen Nedoroscik,8,4,444,2024-10-08,2024-10-14,OK
33,5,Stephen Nedoroscik,Stephen Nedoroscik,2,1,-4,2024-10-15,2024-10-21,OK
33,6,Stephen Nedoroscik,Stephen Nedoroscik,4,2,15,2024-10-22,2024-10-28,OK
33,7,Stephen Nedoroscik,Stephen Nedoroscik,0,0,0,2024-10-29,2024-11-04,OK
33,8,Stephen Nedoroscik,Stephen Nedoroscik,2,2,14,2024-11-05,2024-11-11,OK
33,9,Stephen Nedoroscik,Stephen Nedoroscik,2,2,-1,2024-11-12,2024-11-18,OK
33,1,Tori Spelling,Tori Spelling,0,0,0,2024-09-17,2024-09-23,OK
33,2,Tori Spelling,Tori Spelling,2,2,0,2024-09-24,2024-09-30,OK
33,3,Tori Spelling,Tori Spelling,1,1,0,2024-10-01,2024-10-07,OK
33,4,Tori Spelling,Tori Spelling,0,0,0,2024-10-08,2024-10-14,OK
33,5,Tori Spelling,Tori Spelling,0,0,0,2024-10-15,2024-10-21,OK
33,6,Tori Spelling,Tori Spelling,0,0,0,2024-10-22,2024-10-28,OK
33,7,Tori Spelling,Tori Spelling,0,0,0,2024-10-29,2024-11-04,OK
33,8,Tori Spelling,Tori Spelling,1,1,0,2024-11-05,2024-11-11,OK
33,9,Tori Spelling,Tori Spelling,0,0,0,2024-11-12,2024-11-18,OK
34,1,Alix Earle,Alix Earle,0,0,0,2025-09-16,2025-09-22,OK
34,2,Alix Earle,Alix Earle,5,2,-1415,2025-09-23,2025-09-29,OK
34,3,Alix Earle,Alix Earle,0,0,0,2025-09-30,2025-10-06,OK
34,4,Alix Earle,Alix Earle,7,5,146,2025-10-07,2025-10-13,OK
34,5,Alix Earle,Alix Earle,3,3,0,2025-10-14,2025-10-20,OK
34,6,Alix Earle,Alix Earle,1,1,0,2025-10-21,2025-10-27,OK
34,7,Alix Earle,Alix Earle,0,0,0,2025-10-28,2025-11-03,OK
34,8,Alix Earle,Alix Earle,0,0,0,2025-11-04,2025-11-10,OK
34,9,Alix Earle,Alix Earle,3,3,-44,2025-11-11,2025-11-17,OK
34,10,Alix Earle,Alix Earle,0,0,0,2025-11-18,2025-11-24,OK
34,11,Alix Earle,Alix Earle,8,8,-530,2025-11-25,2025-12-01,OK
34,1,Andy Richter,Andy Richter,0,0,0,2025-09-16,2025-09-22,OK
34,2,Andy Richter,Andy Richter,1,1,0,2025-09-23,2025-09-29,OK
34,3,Andy Richter,Andy Richter,0,0,0,2025-09-30,2025-10-06,OK
34,4,Andy Richter,Andy Richter,3,3,-61,2025-10-07,2025-10-13,OK
34,5,Andy Richter,Andy Richter,22,11,-608,2025-10-14,2025-10-20,OK
34,6,Andy Richter,Andy Richter,3,3,0,2025-10-21,2025-10-27,OK
34,7,Andy Richter,Andy Richter,2,2,-5,2025-10-28,2025-11-03,OK
34,8,Andy Richter,Andy Richter,1,1,0,2025-11-04,2025-11-10,OK
34,9,Andy Richter,Andy Richter,4,4,-2,2025-11-11,2025-11-17,OK
34,10,Andy Richter,Andy Richter,2,2,33,2025-11-18,2025-11-24,OK
34,11,Andy Richter,Andy Richter,1,1,0,2025-11-25,2025-12-01,OK
34,1,Baron Davis,Baron Davis,0,0,0,2025-09-16,2025-09-22,OK
34,2,Baron Davis,Baron Davis,2,2,-96,2025-09-23,2025-09-29,OK
34,3,Baron Davis,Baron Davis,0,0,0,2025-09-30,2025-10-06,OK
34,4,Baron Davis,Baron Davis,2,2,787,2025-10-07,2025-10-13,OK
34,5,Baron Davis,Baron Davis,0,0,0,2025-10-14,2025-10-20,OK
34,6,Baron Davis,Baron Davis,0,0,0,2025-10-21,2025-10-27,OK
34,7,Baron Davis,Baron Davis,0,0,0,2025-10-28,2025-11-03,OK
34,8,Baron Davis,Baron Davis,0,0,0,2025-11-04,2025-11-10,OK
34,9,Baron Davis,Baron Davis,0,0,0,2025-11-11,2025-11-17,OK
34,10,Baron Davis,Baron Davis,0,0,0,2025-11-18,2025-11-24,OK
34,11,Baron Davis,Baron Davis,0,0,0,2025-11-25,2025-12-01,OK
34,1,Corey Feldman,Corey Feldman,5,3,15,2025-09-16,2025-09-22,OK
34,2,Corey Feldman,Corey Feldman,12,8,-21,2025-09-23,2025-09-29,OK
34,3,Corey Feldman,Corey Feldman,1,1,0,2025-09-30,2025-10-06,OK
34,4,Corey Feldman,Corey Feldman,11,4,-13,2025-10-07,2025-10-13,OK
34,5,Corey Feldman,Corey Feldman,1,1,0,2025-10-14,2025-10-20,OK
34,6,Corey Feldman,Corey Feldman,1,1,0,2025-10-21,2025-10-27,OK
34,7,Corey Feldman,Corey Feldman,0,0,0,2025-10-28,2025-11-03,OK
34,8,Corey Feldman,Corey Feldman,0,0,0,2025-11-04,2025-11-10,OK
34,9,Corey Feldman,Corey Feldman,0,0,0,2025-11-11,2025-11-17,OK
34,10,Corey Feldman,Corey Feldman,5,5,-50,2025-11-18,2025-11-24,OK
34,11,Corey Feldman,Corey Feldman,10,3,-134,2025-11-25,2025-12-01,OK
34,1,Danielle Fishel,Danielle Fishel,0,0,0,2025-09-16,2025-09-22,OK
34,2,Danielle Fishel,Danielle Fishel,0,0,0,2025-09-23,2025-09-29,OK
34,3,Danielle Fishel,Danielle Fishel,4,3,-68,2025-09-30,2025-10-06,OK
34,4,Danielle Fishel,Danielle Fishel,2,2,0,2025-10-07,2025-10-13,OK
34,5,Danielle Fishel,Danielle Fishel,0,0,0,2025-10-14,2025-10-20,OK
34,6,Danielle Fishel,Danielle Fishel,0,0,0,2025-10-21,2025-10-27,OK
34,7,Danielle Fishel,Danielle Fishel,0,0,0,2025-10-28,2025-11-03,OK
34,8,Danielle Fishel,Danielle Fishel,20,5,4,2025-11-04,2025-11-10,OK
34,9,Danielle Fishel,Danielle Fishel,0,0,0,2025-11-11,2025-11-17,OK
34,10,Danielle Fishel,Danielle Fishel,0,0,0,2025-11-18,2025-11-24,OK
34,11,Danielle Fishel,Danielle Fishel,0,0,0,2025-11-25,2025-12-01,OK
34,1,Dylan Efron,Dylan Efron,1,1,0,2025-09-16,2025-09-22,OK
34,2,Dylan Efron,Dylan Efron,2,2,0,2025-09-23,2025-09-29,OK
34,3,Dylan Efron,Dylan Efron,0,0,0,2025-09-30,2025-10-06,OK
34,4,Dylan Efron,Dylan Efron,2,2,0,2025-10-07,2025-10-13,OK
34,5,Dylan Efron,Dylan Efron,4,4,-34,2025-10-14,2025-10-20,OK
34,6,Dylan Efron,Dylan Efron,1,1,0,2025-10-21,2025-10-27,OK
34,7,Dylan Efron,Dylan Efron,0,0,0,2025-10-28,2025-11-03,OK
34,8,Dylan Efron,Dylan Efron,0,0,0,2025-11-04,2025-11-10,OK
34,9,Dylan Efron,Dylan Efron,1,1,0,2025-11-11,2025-11-17,OK
34,10,Dylan Efron,Dylan Efron,0,0,0,2025-11-18,2025-11-24,OK
34,11,Dylan Efron,Dylan Efron,7,4,-818,2025-11-25,2025-12-01,OK
34,1,Elaine Hendrix,Elaine Hendrix,0,0,0,2025-09-16,2025-09-22,OK
34,2,Elaine Hendrix,Elaine Hendrix,0,0,0,2025-09-23,2025-09-29,OK
34,3,Elaine Hendrix,Elaine Hendrix,0,0,0,2025-09-30,2025-10-06,OK
34,4,Elaine Hendrix,Elaine Hendrix,3,3,0,2025-10-07,2025-10-13,OK
34,5,Elaine Hendrix,Elaine Hendrix,2,2,0,2025-10-14,2025-10-20,OK
34,6,Elaine Hendrix,Elaine Hendrix,0,0,0,2025-10-21,2025-10-27,OK
34,7,Elaine Hendrix,Elaine Hendrix,2,2,0,2025-10-28,2025-11-03,OK
34,8,Elaine Hendrix,Elaine Hendrix,0,0,0,2025-11-04,2025-11-10,OK
34,9,Elaine Hendrix,Elaine Hendrix,2,2,-275,2025-11-11,2025-11-17,OK
34,10,Elaine Hendrix,Elaine Hendrix,0,0,0,2025-11-18,2025-11-24,OK
34,11,Elaine Hendrix,Elaine Hendrix,1,1,0,2025-11-25,2025-12-01,OK
34,1,Hilaria Baldwin,Hilaria Baldwin,0,0,0,2025-09-16,2025-09-22,OK
34,2,Hilaria Baldwin,Hilaria Baldwin,1,1,0,2025-09-23,2025-09-29,OK
34,3,Hilaria Baldwin,Hilaria Baldwin,1,1,0,2025-09-30,2025-10-06,OK
34,4,Hilaria Baldwin,Hilaria Baldwin,0,0,0,2025-10-07,2025-10-13,OK
34,5,Hilaria Baldwin,Hilaria Baldwin,0,0,0,2025-10-14,2025-10-20,OK
34,6,Hilaria Baldwin,Hilaria Baldwin,2,2,0,2025-10-21,2025-10-27,OK
34,7,Hilaria Baldwin,Hilaria Baldwin,0,0,0,2025-10-28,2025-11-03,OK
34,8,Hilaria Baldwin,Hilaria Baldwin,0,0,0,2025-11-04,2025-11-10,OK
34,9,Hilaria Baldwin,Hilaria Baldwin,0,0,0,2025-11-11,2025-11-17,OK
34,10,Hilaria Baldwin,Hilaria Baldwin,0,0,0,2025-11-18,2025-11-24,OK
34,11,Hilaria Baldwin,Hilaria Baldwin,0,0,0,2025-11-25,2025-12-01,OK
34,1,Jen Affleck,The Secret Lives of Mormon Wives,0,0,0,2025-09-16,2025-09-22,OK
34,2,Jen Affleck,The Secret Lives of Mormon Wives,3,2,38,2025-09-23,2025-09-29,OK
34,3,Jen Affleck,The Secret Lives of Mormon Wives,2,2,-44,2025-09-30,2025-10-06,OK
34,4,Jen Affleck,The Secret Lives of Mormon Wives,1,1,0,2025-10-07,2025-10-13,OK
34,5,Jen Affleck,The Secret Lives of Mormon Wives,1,1,0,2025-10-14,2025-10-20,OK
34,6,Jen Affleck,The Secret Lives of Mormon Wives,5,2,-29,2025-10-21,2025-10-27,OK
34,7,Jen Affleck,The Secret Lives of Mormon Wives,3,1,-10,2025-10-28,2025-11-03,OK
34,8,Jen Affleck,The Secret Lives of Mormon Wives,5,3,-134,2025-11-04,2025-11-10,OK
34,9,Jen Affleck,The Secret Lives of Mormon Wives,49,12,-807,2025-11-11,2025-11-17,OK
34,10,Jen Affleck,The Secret Lives of Mormon Wives,12,4,931,2025-11-18,2025-11-24,OK
34,11,Jen Affleck,The Secret Lives of Mormon Wives,6,4,244,2025-11-25,2025-12-01,OK
34,1,Jordan Chiles,Jordan Chiles,0,0,0,2025-09-16,2025-09-22,OK
34,2,Jordan Chiles,Jordan Chiles,2,2,0,2025-09-23,2025-09-29,OK
34,3,Jordan Chiles,Jordan Chiles,0,0,0,2025-09-30,2025-10-06,OK
34,4,Jordan Chiles,Jordan Chiles,0,0,0,2025-10-07,2025-10-13,OK
34,5,Jordan Chiles,Jordan Chiles,0,0,0,2025-10-14,2025-10-20,OK
34,6,Jordan Chiles,Jordan Chiles,0,0,0,2025-10-21,2025-10-27,OK
34,7,Jordan Chiles,Jordan Chiles,0,0,0,2025-10-28,2025-11-03,OK
34,8,Jordan Chiles,Jordan Chiles,0,0,0,2025-11-04,2025-11-10,OK
34,9,Jordan Chiles,Jordan Chiles,0,0,0,2025-11-11,2025-11-17,OK
34,10,Jordan Chiles,Jordan Chiles,4,3,0,2025-11-18,2025-11-24,OK
34,11,Jordan Chiles,Jordan Chiles,2,2,50,2025-11-25,2025-12-01,OK
34,1,Lauren Jauregui,Lauren Jauregui,2,2,0,2025-09-16,2025-09-22,OK
34,2,Lauren Jauregui,Lauren Jauregui,0,0,0,2025-09-23,2025-09-29,OK
34,3,Lauren Jauregui,Lauren Jauregui,4,4,2,2025-09-30,2025-10-06,OK
34,4,Lauren Jauregui,Lauren Jauregui,1,1,0,2025-10-07,2025-10-13,OK
34,5,Lauren Jauregui,Lauren Jauregui,1,1,0,2025-10-14,2025-10-20,OK
34,6,Lauren Jauregui,Lauren Jauregui,1,1,0,2025-10-21,2025-10-27,OK
34,7,Lauren Jauregui,Lauren Jauregui,2,2,0,2025-10-28,2025-11-03,OK
34,8,Lauren Jauregui,Lauren Jauregui,0,0,0,2025-11-04,2025-11-10,OK
34,9,Lauren Jauregui,Lauren Jauregui,0,0,0,2025-11-11,2025-11-17,OK
34,10,Lauren Jauregui,Lauren Jauregui,0,0,0,2025-11-18,2025-11-24,OK
34,11,Lauren Jauregui,Lauren Jauregui,1,1,0,2025-11-25,2025-12-01,OK
34,1,Robert Irwin,Robert Irwin (conservationist),5,5,-113,2025-09-16,2025-09-22,OK
34,2,Robert Irwin,Robert Irwin (conservationist),0,0,0,2025-09-23,2025-09-29,OK
34,3,Robert Irwin,Robert Irwin (conservationist),0,0,0,2025-09-30,2025-10-06,OK
34,4,Robert Irwin,Robert Irwin (conservationist),7,4,-10,2025-10-07,2025-10-13,OK
34,5,Robert Irwin,Robert Irwin (conservationist),9,5,3285,2025-10-14,2025-10-20,OK
34,6,Robert Irwin,Robert Irwin (conservationist),10,3,-1239,2025-10-21,2025-10-27,OK
34,7,Robert Irwin,Robert Irwin (conservationist),2,2,-405,2025-10-28,2025-11-03,OK
34,8,Robert Irwin,Robert Irwin (conservationist),7,7,-5,2025-11-04,2025-11-10,OK
34,9,Robert Irwin,Robert Irwin (conservationist),5,4,30,2025-11-11,2025-11-17,OK
34,10,Robert Irwin,Robert Irwin (conservationist),13,1,1426,2025-11-18,2025-11-24,OK
34,11,Robert Irwin,Robert Irwin (conservationist),36,18,2893,2025-11-25,2025-12-01,OK
34,1,Scott Hoying,Scott Hoying,1,1,0,2025-09-16,2025-09-22,OK
34,2,Scott Hoying,Scott Hoying,1,1,0,2025-09-23,2025-09-29,OK
34,3,Scott Hoying,Scott Hoying,1,1,0,2025-09-30,2025-10-06,OK
34,4,Scott Hoying,Scott Hoying,2,2,-16,2025-10-07,2025-10-13,OK
34,5,Scott Hoying,Scott Hoying,9,4,-508,2025-10-14,2025-10-20,OK
34,6,Scott Hoying,Scott Hoying,3,2,506,2025-10-21,2025-10-27,OK
34,7,Scott Hoying,Scott Hoying,1,1,0,2025-10-28,2025-11-03,OK
34,8,Scott Hoying,Scott Hoying,1,1,0,2025-11-04,2025-11-10,OK
34,9,Scott Hoying,Scott Hoying,0,0,0,2025-11-11,2025-11-17,OK
34,10,Scott Hoying,Scott Hoying,1,1,0,2025-11-18,2025-11-24,OK
34,11,Scott Hoying,Scott Hoying,0,0,0,2025-11-25,2025-12-01,OK
34,1,Whitney Leavitt,Whitney Leavitt,0,0,0,2025-09-16,2025-09-22,OK
34,2,Whitney Leavitt,Whitney Leavitt,0,0,0,2025-09-23,2025-09-29,OK
34,3,Whitney Leavitt,Whitney Leavitt,0,0,0,2025-09-30,2025-10-06,OK
34,4,Whitney Leavitt,Whitney Leavitt,0,0,0,2025-10-07,2025-10-13,OK
34,5,Whitney Leavitt,Whitney Leavitt,0,0,0,2025-10-14,2025-10-20,OK
34,6,Whitney Leavitt,Whitney Leavitt,0,0,0,2025-10-21,2025-10-27,OK
34,7,Whitney Leavitt,Whitney Leavitt,0,0,0,2025-10-28,2025-11-03,OK
34,8,Whitney Leavitt,Whitney Leavitt,0,0,0,2025-11-04,2025-11-10,OK
34,9,Whitney Leavitt,Whitney Leavitt,0,0,0,2025-11-11,2025-11-17,OK
34,10,Whitney Leavitt,Whitney Leavitt,0,0,0,2025-11-18,2025-11-24,OK
34,11,Whitney Leavitt,Whitney Leavitt,6,2,403,2025-11-25,2025-12-01,OK
